17:19:18 | RunETL               | INFO     | Запуск ETL процесса...
17:19:18 | RunETL               | INFO     | Конфигурация: {'violations_mode': 'post_event'}
17:19:18 | DtpPipeline          | INFO     | ================================================================================
17:19:18 | DtpPipeline          | INFO     | ===== ЗАПУСК ОБРАБОТКИ ФАЙЛА: amurskaia-oblast.geojson.zip =====
17:19:18 | DtpPipeline          | INFO     | ================================================================================
17:19:18 | JsonDataLoader       | INFO     | Загрузка: data/need_process\amurskaia-oblast.geojson.zip
17:19:18 | JsonDataLoader       | INFO     | Чтение из архива: amurskaia-oblast.geojson
17:19:19 | JsonDataLoader       | INFO     | Формат: GeoJSON.
17:19:19 | JsonDataLoader       | INFO     | Загружено строк: 12404. Колонок: 24
17:19:19 | CleaningProcessor    | INFO     | --- Запуск очистки данных ---
17:19:19 | CleaningProcessor    | INFO     | Удален технический мусор: ['id', 'coordinates', 'address']
17:19:19 | CleaningProcessor    | INFO     | Удалены поля с утечкой данных (Leakage): ['dead_count', 'injured_count', 'participants_count']
17:19:19 | TemporalProcessor    | INFO     | >>> [НАЧАЛО] Обработка времени и освещения...
17:19:19 | TemporalProcessor    | INFO     |    [i] Циклы времени созданы.
17:19:19 | TemporalProcessor    | INFO     |    [i] Свет обработан.
17:19:19 | TemporalProcessor    | INFO     |    [-] Колонка 'datetime' удалена.
17:19:19 | TemporalProcessor    | INFO     | <<< [КОНЕЦ] Обработка времени и освещения. Время: 0.10 сек.
17:19:19 | TagsProcessor        | INFO     | >>> [НАЧАЛО] Обработка объектов окружения (nearby)...
17:19:19 | TagsProcessor        | INFO     |    [i] Строк с тегами 'other': 6.34% (786/12404)
17:19:19 | TagsProcessor        | WARNING  | Примеры тегов, попавших в 'other': ['производственное_предприятие', 'объект_строительства', 'автостоянка_не_отделенная_от_проезжей_части', 'объект_здание_сооружение_религиозного_культа', 'зоны_отдыха', 'автостоянка_отделенная_от_проезжей_части', 'кладбище', 'иной_объект']
17:19:19 | TagsProcessor        | INFO     | <<< [КОНЕЦ] Обработка объектов окружения (nearby). Время: 0.25 сек.
17:19:19 | SpatialProcessor     | INFO     | >>> [НАЧАЛО] Обработка географических признаков...
17:19:19 | SpatialProcessor     | INFO     |    [i] Координаты обработаны.
17:19:20 | SpatialProcessor     | INFO     |    [i] Регионы (дочерный и родительский) обработаны.
17:19:20 | SpatialProcessor     | INFO     |    [i] Схемы обработаны (fillna + split).
17:19:20 | SpatialProcessor     | INFO     | <<< [КОНЕЦ] Обработка географических признаков. Время: 0.13 сек.
17:19:20 | CategoryProcessor    | INFO     | >>> [НАЧАЛО] Обработка категории дтп...
17:19:20 | CategoryProcessor    | WARNING  | Колонка 'category': 1 новых значений вне Whitelist → заменены на 'иной_вид_дтп'. Примеры: [возгорание_вследствие_технической_неисправности_движущегося_или_остановившегося_тс_участвующего_в_дорожном_движении]. Затронуто 1 строк (0.01%).
17:19:20 | CategoryProcessor    | INFO     |    [i] Топ-3 категории: {'столкновение': 4863, 'наезд_на_пешехода': 2918, 'съезд_с_дороги': 1318}
17:19:20 | CategoryProcessor    | INFO     | <<< [КОНЕЦ] Обработка категории дтп. Время: 0.07 сек.
17:19:20 | ConditionsProcessor  | INFO     | >>> [НАЧАЛО] Обработка списков погоды и дорожных условий...
17:19:20 | ConditionsProcessor  | INFO     |    [i] Погода обработана.
17:19:20 | ConditionsProcessor  | WARNING  | Колонка 'road_conditions': 1 неизвестных тегов → 'road_other'. Примеры: [отсутствие_направляющих_устройств_и_световозвращающих_элементов_на_них]. Затронуто 20 строк (0.16%).
17:19:20 | ConditionsProcessor  | INFO     |    [i] Дорожные условия обработаны.
17:19:20 | ConditionsProcessor  | INFO     | <<< [КОНЕЦ] Обработка списков погоды и дорожных условий. Время: 0.27 сек.
17:19:20 | VehicleProcessor     | INFO     | >>> [НАЧАЛО] Обработка автомобилей (Счетчики, Возраст, Взаимодействие)...
17:19:21 | VehicleProcessor     | INFO     | <<< [КОНЕЦ] Обработка автомобилей (Счетчики, Возраст, Взаимодействие). Время: 0.74 сек.
17:19:21 | ParticipantProcessor | INFO     | >>> [НАЧАЛО] Обработка участников (Режим нарушений: post_event)...
17:19:22 | ParticipantProcessor | INFO     | <<< [КОНЕЦ] Обработка участников (Режим нарушений: post_event). Время: 0.91 сек.
17:19:22 | TargetProcessor      | INFO     | >>> [НАЧАЛО] Кодирование целевой переменной severity...
17:19:22 | TargetProcessor      | INFO     |    [i] Баланс классов: {0: 8987, 1: 2274, 2: 1143}
17:19:22 | TargetProcessor      | INFO     | <<< [КОНЕЦ] Кодирование целевой переменной severity. Время: 0.05 сек.
17:19:22 | DtpPipeline          | INFO     | ================================================================================
17:19:22 | DtpPipeline          | INFO     | ===== ЗАПУСК ОБРАБОТКИ ФАЙЛА: arkhangelskaia-oblast.geojson.zip =====
17:19:22 | DtpPipeline          | INFO     | ================================================================================
17:19:22 | JsonDataLoader       | INFO     | Загрузка: data/need_process\arkhangelskaia-oblast.geojson.zip
17:19:22 | JsonDataLoader       | INFO     | Чтение из архива: arkhangelskaia-oblast.geojson
17:19:22 | JsonDataLoader       | INFO     | Формат: GeoJSON.
17:19:22 | JsonDataLoader       | INFO     | Загружено строк: 12534. Колонок: 24
17:19:22 | CleaningProcessor    | INFO     | --- Запуск очистки данных ---
17:19:22 | CleaningProcessor    | INFO     | Удален технический мусор: ['id', 'coordinates', 'address']
17:19:22 | CleaningProcessor    | INFO     | Удалены поля с утечкой данных (Leakage): ['dead_count', 'injured_count', 'participants_count']
17:19:22 | TemporalProcessor    | INFO     | >>> [НАЧАЛО] Обработка времени и освещения...
17:19:23 | TemporalProcessor    | INFO     |    [i] Циклы времени созданы.
17:19:23 | TemporalProcessor    | INFO     |    [i] Свет обработан.
17:19:23 | TemporalProcessor    | INFO     |    [-] Колонка 'datetime' удалена.
17:19:23 | TemporalProcessor    | INFO     | <<< [КОНЕЦ] Обработка времени и освещения. Время: 0.09 сек.
17:19:23 | TagsProcessor        | INFO     | >>> [НАЧАЛО] Обработка объектов окружения (nearby)...
17:19:23 | TagsProcessor        | INFO     |    [i] Строк с тегами 'other': 6.89% (864/12534)
17:19:23 | TagsProcessor        | WARNING  | Примеры тегов, попавших в 'other': ['производственное_предприятие', 'объект_строительства', 'автостоянка_не_отделенная_от_проезжей_части', 'ледовая_переправа', 'объект_здание_сооружение_религиозного_культа', 'зоны_отдыха', 'автостоянка_отделенная_от_проезжей_части', 'иной_объект', 'кладбище', 'ледовая_переправа_официально_открытая_и_оборудованная']
17:19:23 | TagsProcessor        | INFO     | <<< [КОНЕЦ] Обработка объектов окружения (nearby). Время: 0.27 сек.
17:19:23 | SpatialProcessor     | INFO     | >>> [НАЧАЛО] Обработка географических признаков...
17:19:23 | SpatialProcessor     | INFO     |    [i] Координаты обработаны.
17:19:23 | SpatialProcessor     | INFO     |    [i] Регионы (дочерный и родительский) обработаны.
17:19:23 | SpatialProcessor     | INFO     |    [i] Схемы обработаны (fillna + split).
17:19:23 | SpatialProcessor     | INFO     | <<< [КОНЕЦ] Обработка географических признаков. Время: 0.13 сек.
17:19:23 | CategoryProcessor    | INFO     | >>> [НАЧАЛО] Обработка категории дтп...
17:19:23 | CategoryProcessor    | INFO     |    [i] Топ-3 категории: {'столкновение': 4909, 'наезд_на_пешехода': 3588, 'съезд_с_дороги': 1239}
17:19:23 | CategoryProcessor    | INFO     | <<< [КОНЕЦ] Обработка категории дтп. Время: 0.06 сек.
17:19:23 | ConditionsProcessor  | INFO     | >>> [НАЧАЛО] Обработка списков погоды и дорожных условий...
17:19:23 | ConditionsProcessor  | INFO     |    [i] Погода обработана.
17:19:23 | ConditionsProcessor  | WARNING  | Колонка 'road_conditions': 2 неизвестных тегов → 'road_other'. Примеры: [неудовлетворительное_состояние_разделительной_полосы, отсутствие_направляющих_устройств_и_световозвращающих_элементов_на_них]. Затронуто 12 строк (0.10%).
17:19:23 | ConditionsProcessor  | INFO     |    [i] Дорожные условия обработаны.
17:19:23 | ConditionsProcessor  | INFO     | <<< [КОНЕЦ] Обработка списков погоды и дорожных условий. Время: 0.29 сек.
17:19:23 | VehicleProcessor     | INFO     | >>> [НАЧАЛО] Обработка автомобилей (Счетчики, Возраст, Взаимодействие)...
17:19:24 | VehicleProcessor     | INFO     | <<< [КОНЕЦ] Обработка автомобилей (Счетчики, Возраст, Взаимодействие). Время: 0.74 сек.
17:19:24 | ParticipantProcessor | INFO     | >>> [НАЧАЛО] Обработка участников (Режим нарушений: post_event)...
17:19:25 | ParticipantProcessor | INFO     | <<< [КОНЕЦ] Обработка участников (Режим нарушений: post_event). Время: 0.91 сек.
17:19:25 | TargetProcessor      | INFO     | >>> [НАЧАЛО] Кодирование целевой переменной severity...
17:19:25 | TargetProcessor      | INFO     |    [i] Баланс классов: {0: 7507, 1: 4057, 2: 970}
17:19:25 | TargetProcessor      | INFO     | <<< [КОНЕЦ] Кодирование целевой переменной severity. Время: 0.05 сек.
17:19:25 | DtpPipeline          | INFO     | ================================================================================
17:19:25 | DtpPipeline          | INFO     | ===== ЗАПУСК ОБРАБОТКИ ФАЙЛА: astrakhanskaia-oblast.geojson.zip =====
17:19:25 | DtpPipeline          | INFO     | ================================================================================
17:19:25 | JsonDataLoader       | INFO     | Загрузка: data/need_process\astrakhanskaia-oblast.geojson.zip
17:19:25 | JsonDataLoader       | INFO     | Чтение из архива: astrakhanskaia-oblast.geojson
17:19:26 | JsonDataLoader       | INFO     | Формат: GeoJSON.
17:19:26 | JsonDataLoader       | INFO     | Загружено строк: 11961. Колонок: 24
17:19:26 | CleaningProcessor    | INFO     | --- Запуск очистки данных ---
17:19:26 | CleaningProcessor    | INFO     | Удален технический мусор: ['id', 'coordinates', 'address']
17:19:26 | CleaningProcessor    | INFO     | Удалены поля с утечкой данных (Leakage): ['dead_count', 'injured_count', 'participants_count']
17:19:26 | TemporalProcessor    | INFO     | >>> [НАЧАЛО] Обработка времени и освещения...
17:19:26 | TemporalProcessor    | INFO     |    [i] Циклы времени созданы.
17:19:26 | TemporalProcessor    | INFO     |    [i] Свет обработан.
17:19:26 | TemporalProcessor    | INFO     |    [-] Колонка 'datetime' удалена.
17:19:26 | TemporalProcessor    | INFO     | <<< [КОНЕЦ] Обработка времени и освещения. Время: 0.09 сек.
17:19:26 | TagsProcessor        | INFO     | >>> [НАЧАЛО] Обработка объектов окружения (nearby)...
17:19:26 | TagsProcessor        | INFO     |    [i] Строк с тегами 'other': 15.73% (1881/11961)
17:19:26 | TagsProcessor        | WARNING  | Примеры тегов, попавших в 'other': ['производственное_предприятие', 'место_для_перегона_скота', 'объект_строительства', 'автостоянка_не_отделенная_от_проезжей_части', 'объект_здание_сооружение_религиозного_культа', 'зоны_отдыха', 'автостоянка_отделенная_от_проезжей_части', 'иной_объект', 'кладбище']
17:19:26 | TagsProcessor        | INFO     | <<< [КОНЕЦ] Обработка объектов окружения (nearby). Время: 0.40 сек.
17:19:26 | SpatialProcessor     | INFO     | >>> [НАЧАЛО] Обработка географических признаков...
17:19:26 | SpatialProcessor     | INFO     |    [i] Координаты обработаны.
17:19:27 | SpatialProcessor     | INFO     |    [i] Регионы (дочерный и родительский) обработаны.
17:19:27 | SpatialProcessor     | INFO     |    [i] Схемы обработаны (fillna + split).
17:19:27 | SpatialProcessor     | INFO     | <<< [КОНЕЦ] Обработка географических признаков. Время: 0.13 сек.
17:19:27 | CategoryProcessor    | INFO     | >>> [НАЧАЛО] Обработка категории дтп...
17:19:27 | CategoryProcessor    | WARNING  | Колонка 'category': 1 новых значений вне Whitelist → заменены на 'иной_вид_дтп'. Примеры: [возгорание_вследствие_технической_неисправности_движущегося_или_остановившегося_тс_участвующего_в_дорожном_движении]. Затронуто 1 строк (0.01%).
17:19:27 | CategoryProcessor    | INFO     |    [i] Топ-3 категории: {'столкновение': 5085, 'наезд_на_пешехода': 3884, 'наезд_на_препятствие': 709}
17:19:27 | CategoryProcessor    | INFO     | <<< [КОНЕЦ] Обработка категории дтп. Время: 0.06 сек.
17:19:27 | ConditionsProcessor  | INFO     | >>> [НАЧАЛО] Обработка списков погоды и дорожных условий...
17:19:27 | ConditionsProcessor  | INFO     |    [i] Погода обработана.
17:19:27 | ConditionsProcessor  | WARNING  | Колонка 'road_conditions': 2 неизвестных тегов → 'road_other'. Примеры: [неудовлетворительное_состояние_разделительной_полосы, отсутствие_направляющих_устройств_и_световозвращающих_элементов_на_них]. Затронуто 25 строк (0.21%).
17:19:27 | ConditionsProcessor  | INFO     |    [i] Дорожные условия обработаны.
17:19:27 | ConditionsProcessor  | INFO     | <<< [КОНЕЦ] Обработка списков погоды и дорожных условий. Время: 0.31 сек.
17:19:27 | VehicleProcessor     | INFO     | >>> [НАЧАЛО] Обработка автомобилей (Счетчики, Возраст, Взаимодействие)...
17:19:28 | VehicleProcessor     | INFO     | <<< [КОНЕЦ] Обработка автомобилей (Счетчики, Возраст, Взаимодействие). Время: 0.70 сек.
17:19:28 | ParticipantProcessor | INFO     | >>> [НАЧАЛО] Обработка участников (Режим нарушений: post_event)...
17:19:28 | ParticipantProcessor | INFO     | <<< [КОНЕЦ] Обработка участников (Режим нарушений: post_event). Время: 0.80 сек.
17:19:28 | TargetProcessor      | INFO     | >>> [НАЧАЛО] Кодирование целевой переменной severity...
17:19:29 | TargetProcessor      | INFO     |    [i] Баланс классов: {0: 6799, 1: 4316, 2: 846}
17:19:29 | TargetProcessor      | INFO     | <<< [КОНЕЦ] Кодирование целевой переменной severity. Время: 0.05 сек.
17:19:29 | DtpPipeline          | INFO     | ================================================================================
17:19:29 | DtpPipeline          | INFO     | ===== ЗАПУСК ОБРАБОТКИ ФАЙЛА: belgorodskaia-oblast.geojson.zip =====
17:19:29 | DtpPipeline          | INFO     | ================================================================================
17:19:29 | JsonDataLoader       | INFO     | Загрузка: data/need_process\belgorodskaia-oblast.geojson.zip
17:19:29 | JsonDataLoader       | INFO     | Чтение из архива: belgorodskaia-oblast.geojson
17:19:29 | JsonDataLoader       | INFO     | Формат: GeoJSON.
17:19:29 | JsonDataLoader       | INFO     | Загружено строк: 12751. Колонок: 24
17:19:29 | CleaningProcessor    | INFO     | --- Запуск очистки данных ---
17:19:29 | CleaningProcessor    | INFO     | Удален технический мусор: ['id', 'coordinates', 'address']
17:19:29 | CleaningProcessor    | INFO     | Удалены поля с утечкой данных (Leakage): ['dead_count', 'injured_count', 'participants_count']
17:19:29 | TemporalProcessor    | INFO     | >>> [НАЧАЛО] Обработка времени и освещения...
17:19:30 | TemporalProcessor    | INFO     |    [i] Циклы времени созданы.
17:19:30 | TemporalProcessor    | INFO     |    [i] Свет обработан.
17:19:30 | TemporalProcessor    | INFO     |    [-] Колонка 'datetime' удалена.
17:19:30 | TemporalProcessor    | INFO     | <<< [КОНЕЦ] Обработка времени и освещения. Время: 0.10 сек.
17:19:30 | TagsProcessor        | INFO     | >>> [НАЧАЛО] Обработка объектов окружения (nearby)...
17:19:30 | TagsProcessor        | INFO     |    [i] Строк с тегами 'other': 10.41% (1328/12751)
17:19:30 | TagsProcessor        | WARNING  | Примеры тегов, попавших в 'other': ['производственное_предприятие', 'место_для_перегона_скота', 'объект_строительства', 'автостоянка_не_отделенная_от_проезжей_части', 'объект_здание_сооружение_религиозного_культа', 'зоны_отдыха', 'автостоянка_отделенная_от_проезжей_части', 'иной_объект', 'кладбище']
17:19:30 | TagsProcessor        | INFO     | <<< [КОНЕЦ] Обработка объектов окружения (nearby). Время: 0.26 сек.
17:19:30 | SpatialProcessor     | INFO     | >>> [НАЧАЛО] Обработка географических признаков...
17:19:30 | SpatialProcessor     | INFO     |    [i] Координаты обработаны.
17:19:30 | SpatialProcessor     | INFO     |    [i] Регионы (дочерный и родительский) обработаны.
17:19:30 | SpatialProcessor     | INFO     |    [i] Схемы обработаны (fillna + split).
17:19:30 | SpatialProcessor     | INFO     | <<< [КОНЕЦ] Обработка географических признаков. Время: 0.13 сек.
17:19:30 | CategoryProcessor    | INFO     | >>> [НАЧАЛО] Обработка категории дтп...
17:19:30 | CategoryProcessor    | WARNING  | Колонка 'category': 1 новых значений вне Whitelist → заменены на 'иной_вид_дтп'. Примеры: [наезд_на_гужевой_транспорт]. Затронуто 3 строк (0.02%).
17:19:30 | CategoryProcessor    | INFO     |    [i] Топ-3 категории: {'столкновение': 5862, 'наезд_на_пешехода': 3376, 'съезд_с_дороги': 1075}
17:19:30 | CategoryProcessor    | INFO     | <<< [КОНЕЦ] Обработка категории дтп. Время: 0.07 сек.
17:19:30 | ConditionsProcessor  | INFO     | >>> [НАЧАЛО] Обработка списков погоды и дорожных условий...
17:19:30 | ConditionsProcessor  | INFO     |    [i] Погода обработана.
17:19:30 | ConditionsProcessor  | WARNING  | Колонка 'road_conditions': 2 неизвестных тегов → 'road_other'. Примеры: [неудовлетворительное_состояние_разделительной_полосы, отсутствие_направляющих_устройств_и_световозвращающих_элементов_на_них]. Затронуто 18 строк (0.14%).
17:19:30 | ConditionsProcessor  | INFO     |    [i] Дорожные условия обработаны.
17:19:30 | ConditionsProcessor  | INFO     | <<< [КОНЕЦ] Обработка списков погоды и дорожных условий. Время: 0.29 сек.
17:19:30 | VehicleProcessor     | INFO     | >>> [НАЧАЛО] Обработка автомобилей (Счетчики, Возраст, Взаимодействие)...
17:19:31 | VehicleProcessor     | INFO     | <<< [КОНЕЦ] Обработка автомобилей (Счетчики, Возраст, Взаимодействие). Время: 0.75 сек.
17:19:31 | ParticipantProcessor | INFO     | >>> [НАЧАЛО] Обработка участников (Режим нарушений: post_event)...
17:19:32 | ParticipantProcessor | INFO     | <<< [КОНЕЦ] Обработка участников (Режим нарушений: post_event). Время: 0.81 сек.
17:19:32 | TargetProcessor      | INFO     | >>> [НАЧАЛО] Кодирование целевой переменной severity...
17:19:32 | TargetProcessor      | INFO     |    [i] Баланс классов: {0: 6332, 1: 4944, 2: 1475}
17:19:32 | TargetProcessor      | INFO     | <<< [КОНЕЦ] Кодирование целевой переменной severity. Время: 0.05 сек.
17:19:32 | DtpPipeline          | INFO     | ================================================================================
17:19:32 | DtpPipeline          | INFO     | ===== ЗАПУСК ОБРАБОТКИ ФАЙЛА: brianskaia-oblast.geojson.zip =====
17:19:32 | DtpPipeline          | INFO     | ================================================================================
17:19:32 | JsonDataLoader       | INFO     | Загрузка: data/need_process\brianskaia-oblast.geojson.zip
17:19:32 | JsonDataLoader       | INFO     | Чтение из архива: brianskaia-oblast.geojson
17:19:32 | JsonDataLoader       | INFO     | Формат: GeoJSON.
17:19:33 | JsonDataLoader       | INFO     | Загружено строк: 9899. Колонок: 24
17:19:33 | CleaningProcessor    | INFO     | --- Запуск очистки данных ---
17:19:33 | CleaningProcessor    | INFO     | Удален технический мусор: ['id', 'coordinates', 'address']
17:19:33 | CleaningProcessor    | INFO     | Удалены поля с утечкой данных (Leakage): ['dead_count', 'injured_count', 'participants_count']
17:19:33 | TemporalProcessor    | INFO     | >>> [НАЧАЛО] Обработка времени и освещения...
17:19:33 | TemporalProcessor    | INFO     |    [i] Циклы времени созданы.
17:19:33 | TemporalProcessor    | INFO     |    [i] Свет обработан.
17:19:33 | TemporalProcessor    | INFO     |    [-] Колонка 'datetime' удалена.
17:19:33 | TemporalProcessor    | INFO     | <<< [КОНЕЦ] Обработка времени и освещения. Время: 0.08 сек.
17:19:33 | TagsProcessor        | INFO     | >>> [НАЧАЛО] Обработка объектов окружения (nearby)...
17:19:33 | TagsProcessor        | INFO     |    [i] Строк с тегами 'other': 4.20% (416/9899)
17:19:33 | TagsProcessor        | WARNING  | Примеры тегов, попавших в 'other': ['производственное_предприятие', 'объект_строительства', 'автостоянка_не_отделенная_от_проезжей_части', 'объект_здание_сооружение_религиозного_культа', 'зоны_отдыха', 'автостоянка_отделенная_от_проезжей_части', 'иной_объект', 'кладбище']
17:19:33 | TagsProcessor        | INFO     | <<< [КОНЕЦ] Обработка объектов окружения (nearby). Время: 0.17 сек.
17:19:33 | SpatialProcessor     | INFO     | >>> [НАЧАЛО] Обработка географических признаков...
17:19:33 | SpatialProcessor     | INFO     |    [i] Координаты обработаны.
17:19:33 | SpatialProcessor     | INFO     |    [i] Регионы (дочерный и родительский) обработаны.
17:19:33 | SpatialProcessor     | INFO     |    [i] Схемы обработаны (fillna + split).
17:19:33 | SpatialProcessor     | INFO     | <<< [КОНЕЦ] Обработка географических признаков. Время: 0.10 сек.
17:19:33 | CategoryProcessor    | INFO     | >>> [НАЧАЛО] Обработка категории дтп...
17:19:33 | CategoryProcessor    | WARNING  | Колонка 'category': 1 новых значений вне Whitelist → заменены на 'иной_вид_дтп'. Примеры: [наезд_на_гужевой_транспорт]. Затронуто 7 строк (0.07%).
17:19:33 | CategoryProcessor    | INFO     |    [i] Топ-3 категории: {'столкновение': 3890, 'наезд_на_пешехода': 2651, 'съезд_с_дороги': 857}
17:19:33 | CategoryProcessor    | INFO     | <<< [КОНЕЦ] Обработка категории дтп. Время: 0.05 сек.
17:19:33 | ConditionsProcessor  | INFO     | >>> [НАЧАЛО] Обработка списков погоды и дорожных условий...
17:19:33 | ConditionsProcessor  | INFO     |    [i] Погода обработана.
17:19:33 | ConditionsProcessor  | WARNING  | Колонка 'road_conditions': 2 неизвестных тегов → 'road_other'. Примеры: [неудовлетворительное_состояние_разделительной_полосы, отсутствие_направляющих_устройств_и_световозвращающих_элементов_на_них]. Затронуто 9 строк (0.09%).
17:19:33 | ConditionsProcessor  | INFO     |    [i] Дорожные условия обработаны.
17:19:33 | ConditionsProcessor  | INFO     | <<< [КОНЕЦ] Обработка списков погоды и дорожных условий. Время: 0.22 сек.
17:19:33 | VehicleProcessor     | INFO     | >>> [НАЧАЛО] Обработка автомобилей (Счетчики, Возраст, Взаимодействие)...
17:19:34 | VehicleProcessor     | INFO     | <<< [КОНЕЦ] Обработка автомобилей (Счетчики, Возраст, Взаимодействие). Время: 0.59 сек.
17:19:34 | ParticipantProcessor | INFO     | >>> [НАЧАЛО] Обработка участников (Режим нарушений: post_event)...
17:19:35 | ParticipantProcessor | INFO     | <<< [КОНЕЦ] Обработка участников (Режим нарушений: post_event). Время: 0.65 сек.
17:19:35 | TargetProcessor      | INFO     | >>> [НАЧАЛО] Кодирование целевой переменной severity...
17:19:35 | TargetProcessor      | INFO     |    [i] Баланс классов: {0: 4463, 1: 4124, 2: 1312}
17:19:35 | TargetProcessor      | INFO     | <<< [КОНЕЦ] Кодирование целевой переменной severity. Время: 0.04 сек.
17:19:35 | DtpPipeline          | INFO     | ================================================================================
17:19:35 | DtpPipeline          | INFO     | ===== ЗАПУСК ОБРАБОТКИ ФАЙЛА: chechenskaia-respublika.geojson.zip =====
17:19:35 | DtpPipeline          | INFO     | ================================================================================
17:19:35 | JsonDataLoader       | INFO     | Загрузка: data/need_process\chechenskaia-respublika.geojson.zip
17:19:35 | JsonDataLoader       | INFO     | Чтение из архива: chechenskaia-respublika.geojson
17:19:35 | JsonDataLoader       | INFO     | Формат: GeoJSON.
17:19:35 | JsonDataLoader       | INFO     | Загружено строк: 2589. Колонок: 24
17:19:35 | CleaningProcessor    | INFO     | --- Запуск очистки данных ---
17:19:35 | CleaningProcessor    | INFO     | Удален технический мусор: ['id', 'coordinates', 'address']
17:19:35 | CleaningProcessor    | INFO     | Удалены поля с утечкой данных (Leakage): ['dead_count', 'injured_count', 'participants_count']
17:19:35 | TemporalProcessor    | INFO     | >>> [НАЧАЛО] Обработка времени и освещения...
17:19:35 | TemporalProcessor    | INFO     |    [i] Циклы времени созданы.
17:19:35 | TemporalProcessor    | INFO     |    [i] Свет обработан.
17:19:35 | TemporalProcessor    | INFO     |    [-] Колонка 'datetime' удалена.
17:19:35 | TemporalProcessor    | INFO     | <<< [КОНЕЦ] Обработка времени и освещения. Время: 0.03 сек.
17:19:35 | TagsProcessor        | INFO     | >>> [НАЧАЛО] Обработка объектов окружения (nearby)...
17:19:35 | TagsProcessor        | INFO     |    [i] Строк с тегами 'other': 3.51% (91/2589)
17:19:35 | TagsProcessor        | WARNING  | Примеры тегов, попавших в 'other': ['производственное_предприятие', 'место_для_перегона_скота', 'объект_строительства', 'автостоянка_не_отделенная_от_проезжей_части', 'объект_здание_сооружение_религиозного_культа', 'зоны_отдыха', 'автостоянка_отделенная_от_проезжей_части', 'кладбище', 'иной_объект']
17:19:35 | TagsProcessor        | INFO     | <<< [КОНЕЦ] Обработка объектов окружения (nearby). Время: 0.04 сек.
17:19:35 | SpatialProcessor     | INFO     | >>> [НАЧАЛО] Обработка географических признаков...
17:19:35 | SpatialProcessor     | INFO     |    [i] Координаты обработаны.
17:19:35 | SpatialProcessor     | INFO     |    [i] Регионы (дочерный и родительский) обработаны.
17:19:35 | SpatialProcessor     | INFO     |    [i] Схемы обработаны (fillna + split).
17:19:35 | SpatialProcessor     | INFO     | <<< [КОНЕЦ] Обработка географических признаков. Время: 0.04 сек.
17:19:35 | CategoryProcessor    | INFO     | >>> [НАЧАЛО] Обработка категории дтп...
17:19:35 | CategoryProcessor    | WARNING  | Колонка 'category': 2 новых значений вне Whitelist → заменены на 'иной_вид_дтп'. Примеры: [наезд_на_гужевой_транспорт, возгорание_вследствие_технической_неисправности_движущегося_или_остановившегося_тс_участвующего_в_дорожном_движении]. Затронуто 4 строк (0.15%).
17:19:35 | CategoryProcessor    | INFO     |    [i] Топ-3 категории: {'столкновение': 1393, 'наезд_на_пешехода': 443, 'съезд_с_дороги': 254}
17:19:35 | CategoryProcessor    | INFO     | <<< [КОНЕЦ] Обработка категории дтп. Время: 0.02 сек.
17:19:35 | ConditionsProcessor  | INFO     | >>> [НАЧАЛО] Обработка списков погоды и дорожных условий...
17:19:35 | ConditionsProcessor  | INFO     |    [i] Погода обработана.
17:19:35 | ConditionsProcessor  | WARNING  | Колонка 'road_conditions': 1 неизвестных тегов → 'road_other'. Примеры: [неудовлетворительное_состояние_разделительной_полосы]. Затронуто 3 строк (0.12%).
17:19:35 | ConditionsProcessor  | INFO     |    [i] Дорожные условия обработаны.
17:19:35 | ConditionsProcessor  | INFO     | <<< [КОНЕЦ] Обработка списков погоды и дорожных условий. Время: 0.05 сек.
17:19:35 | VehicleProcessor     | INFO     | >>> [НАЧАЛО] Обработка автомобилей (Счетчики, Возраст, Взаимодействие)...
17:19:35 | VehicleProcessor     | INFO     | <<< [КОНЕЦ] Обработка автомобилей (Счетчики, Возраст, Взаимодействие). Время: 0.15 сек.
17:19:35 | ParticipantProcessor | INFO     | >>> [НАЧАЛО] Обработка участников (Режим нарушений: post_event)...
17:19:35 | ParticipantProcessor | INFO     | <<< [КОНЕЦ] Обработка участников (Режим нарушений: post_event). Время: 0.21 сек.
17:19:35 | TargetProcessor      | INFO     | >>> [НАЧАЛО] Кодирование целевой переменной severity...
17:19:35 | TargetProcessor      | INFO     |    [i] Баланс классов: {0: 538, 1: 1308, 2: 743}
17:19:35 | TargetProcessor      | INFO     | <<< [КОНЕЦ] Кодирование целевой переменной severity. Время: 0.02 сек.
17:19:35 | DtpPipeline          | INFO     | ================================================================================
17:19:35 | DtpPipeline          | INFO     | ===== ЗАПУСК ОБРАБОТКИ ФАЙЛА: cheliabinskaia-oblast.geojson.zip =====
17:19:35 | DtpPipeline          | INFO     | ================================================================================
17:19:35 | JsonDataLoader       | INFO     | Загрузка: data/need_process\cheliabinskaia-oblast.geojson.zip
17:19:35 | JsonDataLoader       | INFO     | Чтение из архива: cheliabinskaia-oblast.geojson
17:19:37 | JsonDataLoader       | INFO     | Формат: GeoJSON.
17:19:39 | JsonDataLoader       | INFO     | Загружено строк: 41694. Колонок: 24
17:19:39 | CleaningProcessor    | INFO     | --- Запуск очистки данных ---
17:19:39 | CleaningProcessor    | INFO     | Удален технический мусор: ['id', 'coordinates', 'address']
17:19:39 | CleaningProcessor    | INFO     | Удалены поля с утечкой данных (Leakage): ['dead_count', 'injured_count', 'participants_count']
17:19:39 | TemporalProcessor    | INFO     | >>> [НАЧАЛО] Обработка времени и освещения...
17:19:39 | TemporalProcessor    | INFO     |    [i] Циклы времени созданы.
17:19:39 | TemporalProcessor    | INFO     |    [i] Свет обработан.
17:19:39 | TemporalProcessor    | INFO     |    [-] Колонка 'datetime' удалена.
17:19:39 | TemporalProcessor    | INFO     | <<< [КОНЕЦ] Обработка времени и освещения. Время: 0.29 сек.
17:19:39 | TagsProcessor        | INFO     | >>> [НАЧАЛО] Обработка объектов окружения (nearby)...
17:19:40 | TagsProcessor        | INFO     |    [i] Строк с тегами 'other': 10.72% (4470/41694)
17:19:40 | TagsProcessor        | WARNING  | Примеры тегов, попавших в 'other': ['производственное_предприятие', 'место_для_перегона_скота', 'объект_строительства', 'автостоянка_не_отделенная_от_проезжей_части', 'объект_здание_сооружение_религиозного_культа', 'зоны_отдыха', 'автостоянка_отделенная_от_проезжей_части', 'иной_объект', 'кладбище']
17:19:40 | TagsProcessor        | INFO     | <<< [КОНЕЦ] Обработка объектов окружения (nearby). Время: 0.92 сек.
17:19:40 | SpatialProcessor     | INFO     | >>> [НАЧАЛО] Обработка географических признаков...
17:19:40 | SpatialProcessor     | INFO     |    [i] Координаты обработаны.
17:19:40 | SpatialProcessor     | INFO     |    [i] Регионы (дочерный и родительский) обработаны.
17:19:40 | SpatialProcessor     | INFO     |    [i] Схемы обработаны (fillna + split).
17:19:40 | SpatialProcessor     | INFO     | <<< [КОНЕЦ] Обработка географических признаков. Время: 0.42 сек.
17:19:40 | CategoryProcessor    | INFO     | >>> [НАЧАЛО] Обработка категории дтп...
17:19:41 | CategoryProcessor    | WARNING  | Колонка 'category': 2 новых значений вне Whitelist → заменены на 'иной_вид_дтп'. Примеры: [наезд_на_гужевой_транспорт, возгорание_вследствие_технической_неисправности_движущегося_или_остановившегося_тс_участвующего_в_дорожном_движении]. Затронуто 6 строк (0.01%).
17:19:41 | CategoryProcessor    | INFO     |    [i] Топ-3 категории: {'столкновение': 18900, 'наезд_на_пешехода': 12418, 'съезд_с_дороги': 2704}
17:19:41 | CategoryProcessor    | INFO     | <<< [КОНЕЦ] Обработка категории дтп. Время: 0.22 сек.
17:19:41 | ConditionsProcessor  | INFO     | >>> [НАЧАЛО] Обработка списков погоды и дорожных условий...
17:19:41 | ConditionsProcessor  | INFO     |    [i] Погода обработана.
17:19:41 | ConditionsProcessor  | WARNING  | Колонка 'road_conditions': 2 неизвестных тегов → 'road_other'. Примеры: [неудовлетворительное_состояние_разделительной_полосы, отсутствие_направляющих_устройств_и_световозвращающих_элементов_на_них]. Затронуто 77 строк (0.18%).
17:19:42 | ConditionsProcessor  | INFO     |    [i] Дорожные условия обработаны.
17:19:42 | ConditionsProcessor  | INFO     | <<< [КОНЕЦ] Обработка списков погоды и дорожных условий. Время: 0.97 сек.
17:19:42 | VehicleProcessor     | INFO     | >>> [НАЧАЛО] Обработка автомобилей (Счетчики, Возраст, Взаимодействие)...
17:19:44 | VehicleProcessor     | INFO     | <<< [КОНЕЦ] Обработка автомобилей (Счетчики, Возраст, Взаимодействие). Время: 2.68 сек.
17:19:44 | ParticipantProcessor | INFO     | >>> [НАЧАЛО] Обработка участников (Режим нарушений: post_event)...
17:19:47 | ParticipantProcessor | INFO     | <<< [КОНЕЦ] Обработка участников (Режим нарушений: post_event). Время: 2.68 сек.
17:19:47 | TargetProcessor      | INFO     | >>> [НАЧАЛО] Кодирование целевой переменной severity...
17:19:47 | TargetProcessor      | INFO     |    [i] Баланс классов: {0: 25721, 1: 12657, 2: 3316}
17:19:47 | TargetProcessor      | INFO     | <<< [КОНЕЦ] Кодирование целевой переменной severity. Время: 0.17 сек.
17:19:47 | DtpPipeline          | INFO     | ================================================================================
17:19:47 | DtpPipeline          | INFO     | ===== ЗАПУСК ОБРАБОТКИ ФАЙЛА: chukotskii-avtonomnyi-okrug.geojson.zip =====
17:19:47 | DtpPipeline          | INFO     | ================================================================================
17:19:47 | JsonDataLoader       | INFO     | Загрузка: data/need_process\chukotskii-avtonomnyi-okrug.geojson.zip
17:19:47 | JsonDataLoader       | INFO     | Чтение из архива: chukotskii-avtonomnyi-okrug.geojson
17:19:47 | JsonDataLoader       | INFO     | Формат: GeoJSON.
17:19:47 | JsonDataLoader       | INFO     | Загружено строк: 226. Колонок: 24
17:19:47 | CleaningProcessor    | INFO     | --- Запуск очистки данных ---
17:19:47 | CleaningProcessor    | INFO     | Удален технический мусор: ['id', 'coordinates', 'address']
17:19:47 | CleaningProcessor    | INFO     | Удалены поля с утечкой данных (Leakage): ['dead_count', 'injured_count', 'participants_count']
17:19:47 | TemporalProcessor    | INFO     | >>> [НАЧАЛО] Обработка времени и освещения...
17:19:47 | TemporalProcessor    | INFO     |    [i] Циклы времени созданы.
17:19:47 | TemporalProcessor    | INFO     |    [i] Свет обработан.
17:19:47 | TemporalProcessor    | INFO     |    [-] Колонка 'datetime' удалена.
17:19:47 | TemporalProcessor    | INFO     | <<< [КОНЕЦ] Обработка времени и освещения. Время: 0.01 сек.
17:19:47 | TagsProcessor        | INFO     | >>> [НАЧАЛО] Обработка объектов окружения (nearby)...
17:19:47 | TagsProcessor        | INFO     |    [i] Строк с тегами 'other': 7.52% (17/226)
17:19:47 | TagsProcessor        | WARNING  | Примеры тегов, попавших в 'other': ['производственное_предприятие', 'объект_строительства', 'автостоянка_не_отделенная_от_проезжей_части', 'зоны_отдыха', 'ледовая_переправаофициально_открытая_и_оборудованная', 'автостоянка_отделенная_от_проезжей_части', 'иной_объект', 'ледовая_переправа_официально_открытая_и_оборудованная']
17:19:47 | TagsProcessor        | INFO     | <<< [КОНЕЦ] Обработка объектов окружения (nearby). Время: 0.01 сек.
17:19:47 | SpatialProcessor     | INFO     | >>> [НАЧАЛО] Обработка географических признаков...
17:19:47 | SpatialProcessor     | INFO     |    [i] Координаты обработаны.
17:19:47 | SpatialProcessor     | INFO     |    [i] Регионы (дочерный и родительский) обработаны.
17:19:47 | SpatialProcessor     | INFO     |    [i] Схемы обработаны (fillna + split).
17:19:47 | SpatialProcessor     | INFO     | <<< [КОНЕЦ] Обработка географических признаков. Время: 0.01 сек.
17:19:47 | CategoryProcessor    | INFO     | >>> [НАЧАЛО] Обработка категории дтп...
17:19:47 | CategoryProcessor    | INFO     |    [i] Топ-3 категории: {'опрокидывание': 67, 'наезд_на_пешехода': 48, 'съезд_с_дороги': 40}
17:19:47 | CategoryProcessor    | INFO     | <<< [КОНЕЦ] Обработка категории дтп. Время: 0.01 сек.
17:19:47 | ConditionsProcessor  | INFO     | >>> [НАЧАЛО] Обработка списков погоды и дорожных условий...
17:19:47 | ConditionsProcessor  | INFO     |    [i] Погода обработана.
17:19:47 | ConditionsProcessor  | WARNING  | Колонка 'road_conditions': 1 неизвестных тегов → 'road_other'. Примеры: [отсутствие_направляющих_устройств_и_световозвращающих_элементов_на_них]. Затронуто 1 строк (0.44%).
17:19:47 | ConditionsProcessor  | INFO     |    [i] Дорожные условия обработаны.
17:19:47 | ConditionsProcessor  | INFO     | <<< [КОНЕЦ] Обработка списков погоды и дорожных условий. Время: 0.01 сек.
17:19:47 | VehicleProcessor     | INFO     | >>> [НАЧАЛО] Обработка автомобилей (Счетчики, Возраст, Взаимодействие)...
17:19:47 | VehicleProcessor     | INFO     | <<< [КОНЕЦ] Обработка автомобилей (Счетчики, Возраст, Взаимодействие). Время: 0.02 сек.
17:19:47 | ParticipantProcessor | INFO     | >>> [НАЧАЛО] Обработка участников (Режим нарушений: post_event)...
17:19:47 | ParticipantProcessor | INFO     | <<< [КОНЕЦ] Обработка участников (Режим нарушений: post_event). Время: 0.02 сек.
17:19:47 | TargetProcessor      | INFO     | >>> [НАЧАЛО] Кодирование целевой переменной severity...
17:19:47 | TargetProcessor      | INFO     |    [i] Баланс классов: {0: 96, 1: 102, 2: 28}
17:19:47 | TargetProcessor      | INFO     | <<< [КОНЕЦ] Кодирование целевой переменной severity. Время: 0.01 сек.
17:19:47 | DtpPipeline          | INFO     | ================================================================================
17:19:47 | DtpPipeline          | INFO     | ===== ЗАПУСК ОБРАБОТКИ ФАЙЛА: chuvashskaia-respublika-chuvashiia.geojson.zip =====
17:19:47 | DtpPipeline          | INFO     | ================================================================================
17:19:47 | JsonDataLoader       | INFO     | Загрузка: data/need_process\chuvashskaia-respublika-chuvashiia.geojson.zip
17:19:47 | JsonDataLoader       | INFO     | Чтение из архива: chuvashskaia-respublika-chuvashiia.geojson
17:19:48 | JsonDataLoader       | INFO     | Формат: GeoJSON.
17:19:48 | JsonDataLoader       | INFO     | Загружено строк: 12186. Колонок: 24
17:19:48 | CleaningProcessor    | INFO     | --- Запуск очистки данных ---
17:19:48 | CleaningProcessor    | INFO     | Удален технический мусор: ['id', 'coordinates', 'address']
17:19:48 | CleaningProcessor    | INFO     | Удалены поля с утечкой данных (Leakage): ['dead_count', 'injured_count', 'participants_count']
17:19:48 | TemporalProcessor    | INFO     | >>> [НАЧАЛО] Обработка времени и освещения...
17:19:48 | TemporalProcessor    | INFO     |    [i] Циклы времени созданы.
17:19:48 | TemporalProcessor    | INFO     |    [i] Свет обработан.
17:19:48 | TemporalProcessor    | INFO     |    [-] Колонка 'datetime' удалена.
17:19:48 | TemporalProcessor    | INFO     | <<< [КОНЕЦ] Обработка времени и освещения. Время: 0.10 сек.
17:19:48 | TagsProcessor        | INFO     | >>> [НАЧАЛО] Обработка объектов окружения (nearby)...
17:19:49 | TagsProcessor        | INFO     |    [i] Строк с тегами 'other': 14.08% (1716/12186)
17:19:49 | TagsProcessor        | WARNING  | Примеры тегов, попавших в 'other': ['производственное_предприятие', 'место_для_перегона_скота', 'объект_строительства', 'автостоянка_не_отделенная_от_проезжей_части', 'объект_здание_сооружение_религиозного_культа', 'зоны_отдыха', 'автостоянка_отделенная_от_проезжей_части', 'кладбище', 'иной_объект']
17:19:49 | TagsProcessor        | INFO     | <<< [КОНЕЦ] Обработка объектов окружения (nearby). Время: 0.37 сек.
17:19:49 | SpatialProcessor     | INFO     | >>> [НАЧАЛО] Обработка географических признаков...
17:19:49 | SpatialProcessor     | INFO     |    [i] Координаты обработаны.
17:19:49 | SpatialProcessor     | INFO     |    [i] Регионы (дочерный и родительский) обработаны.
17:19:49 | SpatialProcessor     | INFO     |    [i] Схемы обработаны (fillna + split).
17:19:49 | SpatialProcessor     | INFO     | <<< [КОНЕЦ] Обработка географических признаков. Время: 0.15 сек.
17:19:49 | CategoryProcessor    | INFO     | >>> [НАЧАЛО] Обработка категории дтп...
17:19:49 | CategoryProcessor    | WARNING  | Колонка 'category': 2 новых значений вне Whitelist → заменены на 'иной_вид_дтп'. Примеры: [наезд_на_гужевой_транспорт, возгорание_вследствие_технической_неисправности_движущегося_или_остановившегося_тс_участвующего_в_дорожном_движении]. Затронуто 7 строк (0.06%).
17:19:49 | CategoryProcessor    | INFO     |    [i] Топ-3 категории: {'столкновение': 4856, 'наезд_на_пешехода': 3805, 'опрокидывание': 818}
17:19:49 | CategoryProcessor    | INFO     | <<< [КОНЕЦ] Обработка категории дтп. Время: 0.06 сек.
17:19:49 | ConditionsProcessor  | INFO     | >>> [НАЧАЛО] Обработка списков погоды и дорожных условий...
17:19:49 | ConditionsProcessor  | INFO     |    [i] Погода обработана.
17:19:49 | ConditionsProcessor  | WARNING  | Колонка 'road_conditions': 2 неизвестных тегов → 'road_other'. Примеры: [неудовлетворительное_состояние_разделительной_полосы, отсутствие_направляющих_устройств_и_световозвращающих_элементов_на_них]. Затронуто 150 строк (1.23%).
17:19:49 | ConditionsProcessor  | INFO     |    [i] Дорожные условия обработаны.
17:19:49 | ConditionsProcessor  | INFO     | <<< [КОНЕЦ] Обработка списков погоды и дорожных условий. Время: 0.29 сек.
17:19:49 | VehicleProcessor     | INFO     | >>> [НАЧАЛО] Обработка автомобилей (Счетчики, Возраст, Взаимодействие)...
17:19:50 | VehicleProcessor     | INFO     | <<< [КОНЕЦ] Обработка автомобилей (Счетчики, Возраст, Взаимодействие). Время: 0.76 сек.
17:19:50 | ParticipantProcessor | INFO     | >>> [НАЧАЛО] Обработка участников (Режим нарушений: post_event)...
17:19:51 | ParticipantProcessor | INFO     | <<< [КОНЕЦ] Обработка участников (Режим нарушений: post_event). Время: 0.86 сек.
17:19:51 | TargetProcessor      | INFO     | >>> [НАЧАЛО] Кодирование целевой переменной severity...
17:19:51 | TargetProcessor      | INFO     |    [i] Баланс классов: {0: 7133, 1: 3806, 2: 1247}
17:19:51 | TargetProcessor      | INFO     | <<< [КОНЕЦ] Кодирование целевой переменной severity. Время: 0.05 сек.
17:19:51 | DtpPipeline          | INFO     | ================================================================================
17:19:51 | DtpPipeline          | INFO     | ===== ЗАПУСК ОБРАБОТКИ ФАЙЛА: evreiskaia-avtonomnaia-oblast.geojson.zip =====
17:19:51 | DtpPipeline          | INFO     | ================================================================================
17:19:51 | JsonDataLoader       | INFO     | Загрузка: data/need_process\evreiskaia-avtonomnaia-oblast.geojson.zip
17:19:51 | JsonDataLoader       | INFO     | Чтение из архива: evreiskaia-avtonomnaia-oblast.geojson
17:19:51 | JsonDataLoader       | INFO     | Формат: GeoJSON.
17:19:51 | JsonDataLoader       | INFO     | Загружено строк: 2282. Колонок: 24
17:19:51 | CleaningProcessor    | INFO     | --- Запуск очистки данных ---
17:19:51 | CleaningProcessor    | INFO     | Удален технический мусор: ['id', 'coordinates', 'address']
17:19:51 | CleaningProcessor    | INFO     | Удалены поля с утечкой данных (Leakage): ['dead_count', 'injured_count', 'participants_count']
17:19:51 | TemporalProcessor    | INFO     | >>> [НАЧАЛО] Обработка времени и освещения...
17:19:51 | TemporalProcessor    | INFO     |    [i] Циклы времени созданы.
17:19:51 | TemporalProcessor    | INFO     |    [i] Свет обработан.
17:19:51 | TemporalProcessor    | INFO     |    [-] Колонка 'datetime' удалена.
17:19:51 | TemporalProcessor    | INFO     | <<< [КОНЕЦ] Обработка времени и освещения. Время: 0.03 сек.
17:19:51 | TagsProcessor        | INFO     | >>> [НАЧАЛО] Обработка объектов окружения (nearby)...
17:19:51 | TagsProcessor        | INFO     |    [i] Строк с тегами 'other': 7.19% (164/2282)
17:19:51 | TagsProcessor        | WARNING  | Примеры тегов, попавших в 'other': ['производственное_предприятие', 'место_для_перегона_скота', 'объект_строительства', 'автостоянка_не_отделенная_от_проезжей_части', 'объект_здание_сооружение_религиозного_культа', 'зоны_отдыха', 'автостоянка_отделенная_от_проезжей_части', 'кладбище', 'иной_объект']
17:19:51 | TagsProcessor        | INFO     | <<< [КОНЕЦ] Обработка объектов окружения (nearby). Время: 0.05 сек.
17:19:51 | SpatialProcessor     | INFO     | >>> [НАЧАЛО] Обработка географических признаков...
17:19:51 | SpatialProcessor     | INFO     |    [i] Координаты обработаны.
17:19:51 | SpatialProcessor     | INFO     |    [i] Регионы (дочерный и родительский) обработаны.
17:19:51 | SpatialProcessor     | INFO     |    [i] Схемы обработаны (fillna + split).
17:19:51 | SpatialProcessor     | INFO     | <<< [КОНЕЦ] Обработка географических признаков. Время: 0.03 сек.
17:19:51 | CategoryProcessor    | INFO     | >>> [НАЧАЛО] Обработка категории дтп...
17:19:51 | CategoryProcessor    | INFO     |    [i] Топ-3 категории: {'столкновение': 735, 'наезд_на_пешехода': 545, 'съезд_с_дороги': 445}
17:19:51 | CategoryProcessor    | INFO     | <<< [КОНЕЦ] Обработка категории дтп. Время: 0.02 сек.
17:19:51 | ConditionsProcessor  | INFO     | >>> [НАЧАЛО] Обработка списков погоды и дорожных условий...
17:19:51 | ConditionsProcessor  | INFO     |    [i] Погода обработана.
17:19:51 | ConditionsProcessor  | WARNING  | Колонка 'road_conditions': 2 неизвестных тегов → 'road_other'. Примеры: [неудовлетворительное_состояние_разделительной_полосы, отсутствие_направляющих_устройств_и_световозвращающих_элементов_на_них]. Затронуто 4 строк (0.18%).
17:19:51 | ConditionsProcessor  | INFO     |    [i] Дорожные условия обработаны.
17:19:51 | ConditionsProcessor  | INFO     | <<< [КОНЕЦ] Обработка списков погоды и дорожных условий. Время: 0.07 сек.
17:19:51 | VehicleProcessor     | INFO     | >>> [НАЧАЛО] Обработка автомобилей (Счетчики, Возраст, Взаимодействие)...
17:19:51 | VehicleProcessor     | INFO     | <<< [КОНЕЦ] Обработка автомобилей (Счетчики, Возраст, Взаимодействие). Время: 0.13 сек.
17:19:51 | ParticipantProcessor | INFO     | >>> [НАЧАЛО] Обработка участников (Режим нарушений: post_event)...
17:19:52 | ParticipantProcessor | INFO     | <<< [КОНЕЦ] Обработка участников (Режим нарушений: post_event). Время: 0.16 сек.
17:19:52 | TargetProcessor      | INFO     | >>> [НАЧАЛО] Кодирование целевой переменной severity...
17:19:52 | TargetProcessor      | INFO     |    [i] Баланс классов: {0: 1453, 1: 598, 2: 231}
17:19:52 | TargetProcessor      | INFO     | <<< [КОНЕЦ] Кодирование целевой переменной severity. Время: 0.02 сек.
17:19:52 | DtpPipeline          | INFO     | ================================================================================
17:19:52 | DtpPipeline          | INFO     | ===== ЗАПУСК ОБРАБОТКИ ФАЙЛА: iamalo-nenetskii-avtonomnyi-okrug.geojson.zip =====
17:19:52 | DtpPipeline          | INFO     | ================================================================================
17:19:52 | JsonDataLoader       | INFO     | Загрузка: data/need_process\iamalo-nenetskii-avtonomnyi-okrug.geojson.zip
17:19:52 | JsonDataLoader       | INFO     | Чтение из архива: iamalo-nenetskii-avtonomnyi-okrug.geojson
17:19:52 | JsonDataLoader       | INFO     | Формат: GeoJSON.
17:19:52 | JsonDataLoader       | INFO     | Загружено строк: 4274. Колонок: 24
17:19:52 | CleaningProcessor    | INFO     | --- Запуск очистки данных ---
17:19:52 | CleaningProcessor    | INFO     | Удален технический мусор: ['id', 'coordinates', 'address']
17:19:52 | CleaningProcessor    | INFO     | Удалены поля с утечкой данных (Leakage): ['dead_count', 'injured_count', 'participants_count']
17:19:52 | TemporalProcessor    | INFO     | >>> [НАЧАЛО] Обработка времени и освещения...
17:19:52 | TemporalProcessor    | INFO     |    [i] Циклы времени созданы.
17:19:52 | TemporalProcessor    | INFO     |    [i] Свет обработан.
17:19:52 | TemporalProcessor    | INFO     |    [-] Колонка 'datetime' удалена.
17:19:52 | TemporalProcessor    | INFO     | <<< [КОНЕЦ] Обработка времени и освещения. Время: 0.04 сек.
17:19:52 | TagsProcessor        | INFO     | >>> [НАЧАЛО] Обработка объектов окружения (nearby)...
17:19:52 | TagsProcessor        | INFO     |    [i] Строк с тегами 'other': 10.06% (430/4274)
17:19:52 | TagsProcessor        | WARNING  | Примеры тегов, попавших в 'other': ['производственное_предприятие', 'объект_строительства', 'автостоянка_не_отделенная_от_проезжей_части', 'ледовая_переправа', 'объект_здание_сооружение_религиозного_культа', 'зоны_отдыха', 'ледовая_переправаофициально_открытая_и_оборудованная', 'автостоянка_отделенная_от_проезжей_части', 'иной_объект', 'кладбище', 'ледовая_переправа_официально_открытая_и_оборудованная']
17:19:52 | TagsProcessor        | INFO     | <<< [КОНЕЦ] Обработка объектов окружения (nearby). Время: 0.09 сек.
17:19:52 | SpatialProcessor     | INFO     | >>> [НАЧАЛО] Обработка географических признаков...
17:19:52 | SpatialProcessor     | INFO     |    [i] Координаты обработаны.
17:19:52 | SpatialProcessor     | INFO     |    [i] Регионы (дочерный и родительский) обработаны.
17:19:52 | SpatialProcessor     | INFO     |    [i] Схемы обработаны (fillna + split).
17:19:52 | SpatialProcessor     | INFO     | <<< [КОНЕЦ] Обработка географических признаков. Время: 0.07 сек.
17:19:52 | CategoryProcessor    | INFO     | >>> [НАЧАЛО] Обработка категории дтп...
17:19:52 | CategoryProcessor    | WARNING  | Колонка 'category': 1 новых значений вне Whitelist → заменены на 'иной_вид_дтп'. Примеры: [возгорание_вследствие_технической_неисправности_движущегося_или_остановившегося_тс_участвующего_в_дорожном_движении]. Затронуто 2 строк (0.05%).
17:19:52 | CategoryProcessor    | INFO     |    [i] Топ-3 категории: {'столкновение': 1937, 'наезд_на_пешехода': 882, 'опрокидывание': 417}
17:19:52 | CategoryProcessor    | INFO     | <<< [КОНЕЦ] Обработка категории дтп. Время: 0.02 сек.
17:19:52 | ConditionsProcessor  | INFO     | >>> [НАЧАЛО] Обработка списков погоды и дорожных условий...
17:19:52 | ConditionsProcessor  | INFO     |    [i] Погода обработана.
17:19:52 | ConditionsProcessor  | WARNING  | Колонка 'road_conditions': 2 неизвестных тегов → 'road_other'. Примеры: [неудовлетворительное_состояние_разделительной_полосы, отсутствие_направляющих_устройств_и_световозвращающих_элементов_на_них]. Затронуто 10 строк (0.23%).
17:19:52 | ConditionsProcessor  | INFO     |    [i] Дорожные условия обработаны.
17:19:52 | ConditionsProcessor  | INFO     | <<< [КОНЕЦ] Обработка списков погоды и дорожных условий. Время: 0.11 сек.
17:19:52 | VehicleProcessor     | INFO     | >>> [НАЧАЛО] Обработка автомобилей (Счетчики, Возраст, Взаимодействие)...
17:19:53 | VehicleProcessor     | INFO     | <<< [КОНЕЦ] Обработка автомобилей (Счетчики, Возраст, Взаимодействие). Время: 0.26 сек.
17:19:53 | ParticipantProcessor | INFO     | >>> [НАЧАЛО] Обработка участников (Режим нарушений: post_event)...
17:19:53 | ParticipantProcessor | INFO     | <<< [КОНЕЦ] Обработка участников (Режим нарушений: post_event). Время: 0.33 сек.
17:19:53 | TargetProcessor      | INFO     | >>> [НАЧАЛО] Кодирование целевой переменной severity...
17:19:53 | TargetProcessor      | INFO     |    [i] Баланс классов: {0: 2299, 1: 1606, 2: 369}
17:19:53 | TargetProcessor      | INFO     | <<< [КОНЕЦ] Кодирование целевой переменной severity. Время: 0.02 сек.
17:19:53 | DtpPipeline          | INFO     | ================================================================================
17:19:53 | DtpPipeline          | INFO     | ===== ЗАПУСК ОБРАБОТКИ ФАЙЛА: iaroslavskaia-oblast.geojson.zip =====
17:19:53 | DtpPipeline          | INFO     | ================================================================================
17:19:53 | JsonDataLoader       | INFO     | Загрузка: data/need_process\iaroslavskaia-oblast.geojson.zip
17:19:53 | JsonDataLoader       | INFO     | Чтение из архива: iaroslavskaia-oblast.geojson
17:19:54 | JsonDataLoader       | INFO     | Формат: GeoJSON.
17:19:55 | JsonDataLoader       | INFO     | Загружено строк: 17675. Колонок: 24
17:19:55 | CleaningProcessor    | INFO     | --- Запуск очистки данных ---
17:19:55 | CleaningProcessor    | INFO     | Удален технический мусор: ['id', 'coordinates', 'address']
17:19:55 | CleaningProcessor    | INFO     | Удалены поля с утечкой данных (Leakage): ['dead_count', 'injured_count', 'participants_count']
17:19:55 | TemporalProcessor    | INFO     | >>> [НАЧАЛО] Обработка времени и освещения...
17:19:55 | TemporalProcessor    | INFO     |    [i] Циклы времени созданы.
17:19:55 | TemporalProcessor    | INFO     |    [i] Свет обработан.
17:19:55 | TemporalProcessor    | INFO     |    [-] Колонка 'datetime' удалена.
17:19:55 | TemporalProcessor    | INFO     | <<< [КОНЕЦ] Обработка времени и освещения. Время: 0.13 сек.
17:19:55 | TagsProcessor        | INFO     | >>> [НАЧАЛО] Обработка объектов окружения (nearby)...
17:19:55 | TagsProcessor        | INFO     |    [i] Строк с тегами 'other': 10.60% (1873/17675)
17:19:55 | TagsProcessor        | WARNING  | Примеры тегов, попавших в 'other': ['производственное_предприятие', 'объект_строительства', 'автостоянка_не_отделенная_от_проезжей_части', 'объект_здание_сооружение_религиозного_культа', 'зоны_отдыха', 'автостоянка_отделенная_от_проезжей_части', 'кладбище', 'иной_объект']
17:19:55 | TagsProcessor        | INFO     | <<< [КОНЕЦ] Обработка объектов окружения (nearby). Время: 0.38 сек.
17:19:55 | SpatialProcessor     | INFO     | >>> [НАЧАЛО] Обработка географических признаков...
17:19:55 | SpatialProcessor     | INFO     |    [i] Координаты обработаны.
17:19:55 | SpatialProcessor     | INFO     |    [i] Регионы (дочерный и родительский) обработаны.
17:19:55 | SpatialProcessor     | INFO     |    [i] Схемы обработаны (fillna + split).
17:19:55 | SpatialProcessor     | INFO     | <<< [КОНЕЦ] Обработка географических признаков. Время: 0.19 сек.
17:19:55 | CategoryProcessor    | INFO     | >>> [НАЧАЛО] Обработка категории дтп...
17:19:56 | CategoryProcessor    | WARNING  | Колонка 'category': 2 новых значений вне Whitelist → заменены на 'иной_вид_дтп'. Примеры: [наезд_на_гужевой_транспорт, возгорание_вследствие_технической_неисправности_движущегося_или_остановившегося_тс_участвующего_в_дорожном_движении]. Затронуто 2 строк (0.01%).
17:19:56 | CategoryProcessor    | INFO     |    [i] Топ-3 категории: {'столкновение': 7623, 'наезд_на_пешехода': 4241, 'съезд_с_дороги': 1263}
17:19:56 | CategoryProcessor    | INFO     | <<< [КОНЕЦ] Обработка категории дтп. Время: 0.09 сек.
17:19:56 | ConditionsProcessor  | INFO     | >>> [НАЧАЛО] Обработка списков погоды и дорожных условий...
17:19:56 | ConditionsProcessor  | INFO     |    [i] Погода обработана.
17:19:56 | ConditionsProcessor  | WARNING  | Колонка 'road_conditions': 2 неизвестных тегов → 'road_other'. Примеры: [неудовлетворительное_состояние_разделительной_полосы, отсутствие_направляющих_устройств_и_световозвращающих_элементов_на_них]. Затронуто 17 строк (0.10%).
17:19:56 | ConditionsProcessor  | INFO     |    [i] Дорожные условия обработаны.
17:19:56 | ConditionsProcessor  | INFO     | <<< [КОНЕЦ] Обработка списков погоды и дорожных условий. Время: 0.39 сек.
17:19:56 | VehicleProcessor     | INFO     | >>> [НАЧАЛО] Обработка автомобилей (Счетчики, Возраст, Взаимодействие)...
17:19:57 | VehicleProcessor     | INFO     | <<< [КОНЕЦ] Обработка автомобилей (Счетчики, Возраст, Взаимодействие). Время: 1.08 сек.
17:19:57 | ParticipantProcessor | INFO     | >>> [НАЧАЛО] Обработка участников (Режим нарушений: post_event)...
17:19:58 | ParticipantProcessor | INFO     | <<< [КОНЕЦ] Обработка участников (Режим нарушений: post_event). Время: 1.16 сек.
17:19:58 | TargetProcessor      | INFO     | >>> [НАЧАЛО] Кодирование целевой переменной severity...
17:19:58 | TargetProcessor      | INFO     |    [i] Баланс классов: {0: 10679, 1: 5479, 2: 1517}
17:19:58 | TargetProcessor      | INFO     | <<< [КОНЕЦ] Кодирование целевой переменной severity. Время: 0.08 сек.
17:19:58 | DtpPipeline          | INFO     | ================================================================================
17:19:58 | DtpPipeline          | INFO     | ===== ЗАПУСК ОБРАБОТКИ ФАЙЛА: irkutskaia-oblast.geojson.zip =====
17:19:58 | DtpPipeline          | INFO     | ================================================================================
17:19:58 | JsonDataLoader       | INFO     | Загрузка: data/need_process\irkutskaia-oblast.geojson.zip
17:19:58 | JsonDataLoader       | INFO     | Чтение из архива: irkutskaia-oblast.geojson
17:20:00 | JsonDataLoader       | INFO     | Формат: GeoJSON.
17:20:01 | JsonDataLoader       | INFO     | Загружено строк: 29982. Колонок: 24
17:20:01 | CleaningProcessor    | INFO     | --- Запуск очистки данных ---
17:20:01 | CleaningProcessor    | INFO     | Удален технический мусор: ['id', 'coordinates', 'address']
17:20:01 | CleaningProcessor    | INFO     | Удалены поля с утечкой данных (Leakage): ['dead_count', 'injured_count', 'participants_count']
17:20:01 | TemporalProcessor    | INFO     | >>> [НАЧАЛО] Обработка времени и освещения...
17:20:01 | TemporalProcessor    | INFO     |    [i] Циклы времени созданы.
17:20:01 | TemporalProcessor    | INFO     |    [i] Свет обработан.
17:20:01 | TemporalProcessor    | INFO     |    [-] Колонка 'datetime' удалена.
17:20:01 | TemporalProcessor    | INFO     | <<< [КОНЕЦ] Обработка времени и освещения. Время: 0.28 сек.
17:20:01 | TagsProcessor        | INFO     | >>> [НАЧАЛО] Обработка объектов окружения (nearby)...
17:20:02 | TagsProcessor        | INFO     |    [i] Строк с тегами 'other': 5.67% (1699/29982)
17:20:02 | TagsProcessor        | WARNING  | Примеры тегов, попавших в 'other': ['производственное_предприятие', 'место_для_перегона_скота', 'объект_строительства', 'автостоянка_не_отделенная_от_проезжей_части', 'объект_здание_сооружение_религиозного_культа', 'зоны_отдыха', 'ледовая_переправаофициально_открытая_и_оборудованная', 'автостоянка_отделенная_от_проезжей_части', 'иной_объект', 'кладбище', 'стихийно_возникшая_не_предусмотренная_ледовая_переправа', 'ледовая_переправа_официально_открытая_и_оборудованная']
17:20:02 | TagsProcessor        | INFO     | <<< [КОНЕЦ] Обработка объектов окружения (nearby). Время: 0.55 сек.
17:20:02 | SpatialProcessor     | INFO     | >>> [НАЧАЛО] Обработка географических признаков...
17:20:02 | SpatialProcessor     | INFO     |    [i] Координаты обработаны.
17:20:02 | SpatialProcessor     | INFO     |    [i] Регионы (дочерный и родительский) обработаны.
17:20:02 | SpatialProcessor     | INFO     |    [i] Схемы обработаны (fillna + split).
17:20:02 | SpatialProcessor     | INFO     | <<< [КОНЕЦ] Обработка географических признаков. Время: 0.35 сек.
17:20:02 | CategoryProcessor    | INFO     | >>> [НАЧАЛО] Обработка категории дтп...
17:20:02 | CategoryProcessor    | WARNING  | Колонка 'category': 1 новых значений вне Whitelist → заменены на 'иной_вид_дтп'. Примеры: [возгорание_вследствие_технической_неисправности_движущегося_или_остановившегося_тс_участвующего_в_дорожном_движении]. Затронуто 1 строк (0.00%).
17:20:02 | CategoryProcessor    | INFO     |    [i] Топ-3 категории: {'столкновение': 11556, 'наезд_на_пешехода': 9157, 'съезд_с_дороги': 2661}
17:20:02 | CategoryProcessor    | INFO     | <<< [КОНЕЦ] Обработка категории дтп. Время: 0.19 сек.
17:20:02 | ConditionsProcessor  | INFO     | >>> [НАЧАЛО] Обработка списков погоды и дорожных условий...
17:20:03 | ConditionsProcessor  | INFO     |    [i] Погода обработана.
17:20:03 | ConditionsProcessor  | WARNING  | Колонка 'road_conditions': 2 неизвестных тегов → 'road_other'. Примеры: [неудовлетворительное_состояние_разделительной_полосы, отсутствие_направляющих_устройств_и_световозвращающих_элементов_на_них]. Затронуто 65 строк (0.22%).
17:20:03 | ConditionsProcessor  | INFO     |    [i] Дорожные условия обработаны.
17:20:03 | ConditionsProcessor  | INFO     | <<< [КОНЕЦ] Обработка списков погоды и дорожных условий. Время: 0.74 сек.
17:20:03 | VehicleProcessor     | INFO     | >>> [НАЧАЛО] Обработка автомобилей (Счетчики, Возраст, Взаимодействие)...
17:20:05 | VehicleProcessor     | INFO     | <<< [КОНЕЦ] Обработка автомобилей (Счетчики, Возраст, Взаимодействие). Время: 2.00 сек.
17:20:05 | ParticipantProcessor | INFO     | >>> [НАЧАЛО] Обработка участников (Режим нарушений: post_event)...
17:20:07 | ParticipantProcessor | INFO     | <<< [КОНЕЦ] Обработка участников (Режим нарушений: post_event). Время: 2.14 сек.
17:20:07 | TargetProcessor      | INFO     | >>> [НАЧАЛО] Кодирование целевой переменной severity...
17:20:07 | TargetProcessor      | INFO     |    [i] Баланс классов: {0: 17206, 1: 9721, 2: 3055}
17:20:07 | TargetProcessor      | INFO     | <<< [КОНЕЦ] Кодирование целевой переменной severity. Время: 0.13 сек.
17:20:07 | DtpPipeline          | INFO     | ================================================================================
17:20:07 | DtpPipeline          | INFO     | ===== ЗАПУСК ОБРАБОТКИ ФАЙЛА: ivanovskaia-oblast.geojson.zip =====
17:20:07 | DtpPipeline          | INFO     | ================================================================================
17:20:07 | JsonDataLoader       | INFO     | Загрузка: data/need_process\ivanovskaia-oblast.geojson.zip
17:20:07 | JsonDataLoader       | INFO     | Чтение из архива: ivanovskaia-oblast.geojson
17:20:08 | JsonDataLoader       | INFO     | Формат: GeoJSON.
17:20:09 | JsonDataLoader       | INFO     | Загружено строк: 12613. Колонок: 24
17:20:09 | CleaningProcessor    | INFO     | --- Запуск очистки данных ---
17:20:09 | CleaningProcessor    | INFO     | Удален технический мусор: ['id', 'coordinates', 'address']
17:20:09 | CleaningProcessor    | INFO     | Удалены поля с утечкой данных (Leakage): ['dead_count', 'injured_count', 'participants_count']
17:20:09 | TemporalProcessor    | INFO     | >>> [НАЧАЛО] Обработка времени и освещения...
17:20:09 | TemporalProcessor    | INFO     |    [i] Циклы времени созданы.
17:20:09 | TemporalProcessor    | INFO     |    [i] Свет обработан.
17:20:09 | TemporalProcessor    | INFO     |    [-] Колонка 'datetime' удалена.
17:20:09 | TemporalProcessor    | INFO     | <<< [КОНЕЦ] Обработка времени и освещения. Время: 0.10 сек.
17:20:09 | TagsProcessor        | INFO     | >>> [НАЧАЛО] Обработка объектов окружения (nearby)...
17:20:09 | TagsProcessor        | INFO     |    [i] Строк с тегами 'other': 6.89% (869/12613)
17:20:09 | TagsProcessor        | WARNING  | Примеры тегов, попавших в 'other': ['производственное_предприятие', 'объект_строительства', 'автостоянка_не_отделенная_от_проезжей_части', 'объект_здание_сооружение_религиозного_культа', 'зоны_отдыха', 'автостоянка_отделенная_от_проезжей_части', 'иной_объект', 'кладбище']
17:20:09 | TagsProcessor        | INFO     | <<< [КОНЕЦ] Обработка объектов окружения (nearby). Время: 0.35 сек.
17:20:09 | SpatialProcessor     | INFO     | >>> [НАЧАЛО] Обработка географических признаков...
17:20:09 | SpatialProcessor     | INFO     |    [i] Координаты обработаны.
17:20:09 | SpatialProcessor     | INFO     |    [i] Регионы (дочерный и родительский) обработаны.
17:20:10 | SpatialProcessor     | INFO     |    [i] Схемы обработаны (fillna + split).
17:20:10 | SpatialProcessor     | INFO     | <<< [КОНЕЦ] Обработка географических признаков. Время: 0.14 сек.
17:20:10 | CategoryProcessor    | INFO     | >>> [НАЧАЛО] Обработка категории дтп...
17:20:10 | CategoryProcessor    | INFO     |    [i] Топ-3 категории: {'столкновение': 5096, 'наезд_на_пешехода': 3394, 'падение_пассажира': 840}
17:20:10 | CategoryProcessor    | INFO     | <<< [КОНЕЦ] Обработка категории дтп. Время: 0.06 сек.
17:20:10 | ConditionsProcessor  | INFO     | >>> [НАЧАЛО] Обработка списков погоды и дорожных условий...
17:20:10 | ConditionsProcessor  | INFO     |    [i] Погода обработана.
17:20:10 | ConditionsProcessor  | WARNING  | Колонка 'road_conditions': 2 неизвестных тегов → 'road_other'. Примеры: [неудовлетворительное_состояние_разделительной_полосы, отсутствие_направляющих_устройств_и_световозвращающих_элементов_на_них]. Затронуто 26 строк (0.21%).
17:20:10 | ConditionsProcessor  | INFO     |    [i] Дорожные условия обработаны.
17:20:10 | ConditionsProcessor  | INFO     | <<< [КОНЕЦ] Обработка списков погоды и дорожных условий. Время: 0.31 сек.
17:20:10 | VehicleProcessor     | INFO     | >>> [НАЧАЛО] Обработка автомобилей (Счетчики, Возраст, Взаимодействие)...
17:20:11 | VehicleProcessor     | INFO     | <<< [КОНЕЦ] Обработка автомобилей (Счетчики, Возраст, Взаимодействие). Время: 0.76 сек.
17:20:11 | ParticipantProcessor | INFO     | >>> [НАЧАЛО] Обработка участников (Режим нарушений: post_event)...
17:20:12 | ParticipantProcessor | INFO     | <<< [КОНЕЦ] Обработка участников (Режим нарушений: post_event). Время: 0.87 сек.
17:20:12 | TargetProcessor      | INFO     | >>> [НАЧАЛО] Кодирование целевой переменной severity...
17:20:12 | TargetProcessor      | INFO     |    [i] Баланс классов: {0: 8669, 1: 3114, 2: 830}
17:20:12 | TargetProcessor      | INFO     | <<< [КОНЕЦ] Кодирование целевой переменной severity. Время: 0.06 сек.
17:20:12 | DtpPipeline          | INFO     | ================================================================================
17:20:12 | DtpPipeline          | INFO     | ===== ЗАПУСК ОБРАБОТКИ ФАЙЛА: kabardino-balkarskaia-respublika.geojson.zip =====
17:20:12 | DtpPipeline          | INFO     | ================================================================================
17:20:12 | JsonDataLoader       | INFO     | Загрузка: data/need_process\kabardino-balkarskaia-respublika.geojson.zip
17:20:12 | JsonDataLoader       | INFO     | Чтение из архива: kabardino-balkarskaia-respublika.geojson
17:20:12 | JsonDataLoader       | INFO     | Формат: GeoJSON.
17:20:12 | JsonDataLoader       | INFO     | Загружено строк: 6748. Колонок: 24
17:20:12 | CleaningProcessor    | INFO     | --- Запуск очистки данных ---
17:20:12 | CleaningProcessor    | INFO     | Удален технический мусор: ['id', 'coordinates', 'address']
17:20:12 | CleaningProcessor    | INFO     | Удалены поля с утечкой данных (Leakage): ['dead_count', 'injured_count', 'participants_count']
17:20:12 | TemporalProcessor    | INFO     | >>> [НАЧАЛО] Обработка времени и освещения...
17:20:12 | TemporalProcessor    | INFO     |    [i] Циклы времени созданы.
17:20:12 | TemporalProcessor    | INFO     |    [i] Свет обработан.
17:20:12 | TemporalProcessor    | INFO     |    [-] Колонка 'datetime' удалена.
17:20:12 | TemporalProcessor    | INFO     | <<< [КОНЕЦ] Обработка времени и освещения. Время: 0.06 сек.
17:20:12 | TagsProcessor        | INFO     | >>> [НАЧАЛО] Обработка объектов окружения (nearby)...
17:20:12 | TagsProcessor        | INFO     |    [i] Строк с тегами 'other': 6.79% (458/6748)
17:20:12 | TagsProcessor        | WARNING  | Примеры тегов, попавших в 'other': ['производственное_предприятие', 'место_для_перегона_скота', 'объект_строительства', 'автостоянка_не_отделенная_от_проезжей_части', 'объект_здание_сооружение_религиозного_культа', 'зоны_отдыха', 'автостоянка_отделенная_от_проезжей_части', 'иной_объект', 'кладбище', 'стихийно_возникшая_не_предусмотренная_ледовая_переправа']
17:20:12 | TagsProcessor        | INFO     | <<< [КОНЕЦ] Обработка объектов окружения (nearby). Время: 0.13 сек.
17:20:12 | SpatialProcessor     | INFO     | >>> [НАЧАЛО] Обработка географических признаков...
17:20:12 | SpatialProcessor     | INFO     |    [i] Координаты обработаны.
17:20:13 | SpatialProcessor     | INFO     |    [i] Регионы (дочерный и родительский) обработаны.
17:20:13 | SpatialProcessor     | INFO     |    [i] Схемы обработаны (fillna + split).
17:20:13 | SpatialProcessor     | INFO     | <<< [КОНЕЦ] Обработка географических признаков. Время: 0.09 сек.
17:20:13 | CategoryProcessor    | INFO     | >>> [НАЧАЛО] Обработка категории дтп...
17:20:13 | CategoryProcessor    | WARNING  | Колонка 'category': 2 новых значений вне Whitelist → заменены на 'иной_вид_дтп'. Примеры: [наезд_на_гужевой_транспорт, возгорание_вследствие_технической_неисправности_движущегося_или_остановившегося_тс_участвующего_в_дорожном_движении]. Затронуто 9 строк (0.13%).
17:20:13 | CategoryProcessor    | INFO     |    [i] Топ-3 категории: {'столкновение': 3081, 'наезд_на_пешехода': 1562, 'съезд_с_дороги': 972}
17:20:13 | CategoryProcessor    | INFO     | <<< [КОНЕЦ] Обработка категории дтп. Время: 0.04 сек.
17:20:13 | ConditionsProcessor  | INFO     | >>> [НАЧАЛО] Обработка списков погоды и дорожных условий...
17:20:13 | ConditionsProcessor  | INFO     |    [i] Погода обработана.
17:20:13 | ConditionsProcessor  | WARNING  | Колонка 'road_conditions': 1 неизвестных тегов → 'road_other'. Примеры: [неудовлетворительное_состояние_разделительной_полосы]. Затронуто 2 строк (0.03%).
17:20:13 | ConditionsProcessor  | INFO     |    [i] Дорожные условия обработаны.
17:20:13 | ConditionsProcessor  | INFO     | <<< [КОНЕЦ] Обработка списков погоды и дорожных условий. Время: 0.15 сек.
17:20:13 | VehicleProcessor     | INFO     | >>> [НАЧАЛО] Обработка автомобилей (Счетчики, Возраст, Взаимодействие)...
17:20:13 | VehicleProcessor     | INFO     | <<< [КОНЕЦ] Обработка автомобилей (Счетчики, Возраст, Взаимодействие). Время: 0.40 сек.
17:20:13 | ParticipantProcessor | INFO     | >>> [НАЧАЛО] Обработка участников (Режим нарушений: post_event)...
17:20:14 | ParticipantProcessor | INFO     | <<< [КОНЕЦ] Обработка участников (Режим нарушений: post_event). Время: 0.49 сек.
17:20:14 | TargetProcessor      | INFO     | >>> [НАЧАЛО] Кодирование целевой переменной severity...
17:20:14 | TargetProcessor      | INFO     |    [i] Баланс классов: {0: 1940, 1: 3665, 2: 1143}
17:20:14 | TargetProcessor      | INFO     | <<< [КОНЕЦ] Кодирование целевой переменной severity. Время: 0.03 сек.
17:20:14 | DtpPipeline          | INFO     | ================================================================================
17:20:14 | DtpPipeline          | INFO     | ===== ЗАПУСК ОБРАБОТКИ ФАЙЛА: kaliningradskaia-oblast.geojson.zip =====
17:20:14 | DtpPipeline          | INFO     | ================================================================================
17:20:14 | JsonDataLoader       | INFO     | Загрузка: data/need_process\kaliningradskaia-oblast.geojson.zip
17:20:14 | JsonDataLoader       | INFO     | Чтение из архива: kaliningradskaia-oblast.geojson
17:20:14 | JsonDataLoader       | INFO     | Формат: GeoJSON.
17:20:15 | JsonDataLoader       | INFO     | Загружено строк: 11534. Колонок: 24
17:20:15 | CleaningProcessor    | INFO     | --- Запуск очистки данных ---
17:20:15 | CleaningProcessor    | INFO     | Удален технический мусор: ['id', 'coordinates', 'address']
17:20:15 | CleaningProcessor    | INFO     | Удалены поля с утечкой данных (Leakage): ['dead_count', 'injured_count', 'participants_count']
17:20:15 | TemporalProcessor    | INFO     | >>> [НАЧАЛО] Обработка времени и освещения...
17:20:15 | TemporalProcessor    | INFO     |    [i] Циклы времени созданы.
17:20:15 | TemporalProcessor    | INFO     |    [i] Свет обработан.
17:20:15 | TemporalProcessor    | INFO     |    [-] Колонка 'datetime' удалена.
17:20:15 | TemporalProcessor    | INFO     | <<< [КОНЕЦ] Обработка времени и освещения. Время: 0.09 сек.
17:20:15 | TagsProcessor        | INFO     | >>> [НАЧАЛО] Обработка объектов окружения (nearby)...
17:20:15 | TagsProcessor        | INFO     |    [i] Строк с тегами 'other': 12.78% (1474/11534)
17:20:15 | TagsProcessor        | WARNING  | Примеры тегов, попавших в 'other': ['производственное_предприятие', 'объект_строительства', 'автостоянка_не_отделенная_от_проезжей_части', 'объект_здание_сооружение_религиозного_культа', 'зоны_отдыха', 'автостоянка_отделенная_от_проезжей_части', 'иной_объект', 'кладбище']
17:20:15 | TagsProcessor        | INFO     | <<< [КОНЕЦ] Обработка объектов окружения (nearby). Время: 0.31 сек.
17:20:15 | SpatialProcessor     | INFO     | >>> [НАЧАЛО] Обработка географических признаков...
17:20:15 | SpatialProcessor     | INFO     |    [i] Координаты обработаны.
17:20:15 | SpatialProcessor     | INFO     |    [i] Регионы (дочерный и родительский) обработаны.
17:20:15 | SpatialProcessor     | INFO     |    [i] Схемы обработаны (fillna + split).
17:20:15 | SpatialProcessor     | INFO     | <<< [КОНЕЦ] Обработка географических признаков. Время: 0.12 сек.
17:20:15 | CategoryProcessor    | INFO     | >>> [НАЧАЛО] Обработка категории дтп...
17:20:15 | CategoryProcessor    | INFO     |    [i] Топ-3 категории: {'наезд_на_пешехода': 3982, 'столкновение': 3900, 'наезд_на_препятствие': 1389}
17:20:15 | CategoryProcessor    | INFO     | <<< [КОНЕЦ] Обработка категории дтп. Время: 0.06 сек.
17:20:15 | ConditionsProcessor  | INFO     | >>> [НАЧАЛО] Обработка списков погоды и дорожных условий...
17:20:16 | ConditionsProcessor  | INFO     |    [i] Погода обработана.
17:20:16 | ConditionsProcessor  | WARNING  | Колонка 'road_conditions': 2 неизвестных тегов → 'road_other'. Примеры: [неудовлетворительное_состояние_разделительной_полосы, отсутствие_направляющих_устройств_и_световозвращающих_элементов_на_них]. Затронуто 34 строк (0.29%).
17:20:16 | ConditionsProcessor  | INFO     |    [i] Дорожные условия обработаны.
17:20:16 | ConditionsProcessor  | INFO     | <<< [КОНЕЦ] Обработка списков погоды и дорожных условий. Время: 0.25 сек.
17:20:16 | VehicleProcessor     | INFO     | >>> [НАЧАЛО] Обработка автомобилей (Счетчики, Возраст, Взаимодействие)...
17:20:16 | VehicleProcessor     | INFO     | <<< [КОНЕЦ] Обработка автомобилей (Счетчики, Возраст, Взаимодействие). Время: 0.68 сек.
17:20:16 | ParticipantProcessor | INFO     | >>> [НАЧАЛО] Обработка участников (Режим нарушений: post_event)...
17:20:17 | ParticipantProcessor | INFO     | <<< [КОНЕЦ] Обработка участников (Режим нарушений: post_event). Время: 0.76 сек.
17:20:17 | TargetProcessor      | INFO     | >>> [НАЧАЛО] Кодирование целевой переменной severity...
17:20:17 | TargetProcessor      | INFO     |    [i] Баланс классов: {0: 6877, 1: 3640, 2: 1017}
17:20:17 | TargetProcessor      | INFO     | <<< [КОНЕЦ] Кодирование целевой переменной severity. Время: 0.07 сек.
17:20:17 | DtpPipeline          | INFO     | ================================================================================
17:20:17 | DtpPipeline          | INFO     | ===== ЗАПУСК ОБРАБОТКИ ФАЙЛА: kaluzhskaia-oblast.geojson.zip =====
17:20:17 | DtpPipeline          | INFO     | ================================================================================
17:20:17 | JsonDataLoader       | INFO     | Загрузка: data/need_process\kaluzhskaia-oblast.geojson.zip
17:20:17 | JsonDataLoader       | INFO     | Чтение из архива: kaluzhskaia-oblast.geojson
17:20:18 | JsonDataLoader       | INFO     | Формат: GeoJSON.
17:20:19 | JsonDataLoader       | INFO     | Загружено строк: 14745. Колонок: 24
17:20:19 | CleaningProcessor    | INFO     | --- Запуск очистки данных ---
17:20:19 | CleaningProcessor    | INFO     | Удален технический мусор: ['id', 'coordinates', 'address']
17:20:19 | CleaningProcessor    | INFO     | Удалены поля с утечкой данных (Leakage): ['dead_count', 'injured_count', 'participants_count']
17:20:19 | TemporalProcessor    | INFO     | >>> [НАЧАЛО] Обработка времени и освещения...
17:20:19 | TemporalProcessor    | INFO     |    [i] Циклы времени созданы.
17:20:19 | TemporalProcessor    | INFO     |    [i] Свет обработан.
17:20:19 | TemporalProcessor    | INFO     |    [-] Колонка 'datetime' удалена.
17:20:19 | TemporalProcessor    | INFO     | <<< [КОНЕЦ] Обработка времени и освещения. Время: 0.11 сек.
17:20:19 | TagsProcessor        | INFO     | >>> [НАЧАЛО] Обработка объектов окружения (nearby)...
17:20:19 | TagsProcessor        | INFO     |    [i] Строк с тегами 'other': 6.21% (916/14745)
17:20:19 | TagsProcessor        | WARNING  | Примеры тегов, попавших в 'other': ['производственное_предприятие', 'объект_строительства', 'автостоянка_не_отделенная_от_проезжей_части', 'объект_здание_сооружение_религиозного_культа', 'зоны_отдыха', 'автостоянка_отделенная_от_проезжей_части', 'кладбище', 'иной_объект']
17:20:19 | TagsProcessor        | INFO     | <<< [КОНЕЦ] Обработка объектов окружения (nearby). Время: 0.29 сек.
17:20:19 | SpatialProcessor     | INFO     | >>> [НАЧАЛО] Обработка географических признаков...
17:20:19 | SpatialProcessor     | INFO     |    [i] Координаты обработаны.
17:20:19 | SpatialProcessor     | INFO     |    [i] Регионы (дочерный и родительский) обработаны.
17:20:19 | SpatialProcessor     | INFO     |    [i] Схемы обработаны (fillna + split).
17:20:19 | SpatialProcessor     | INFO     | <<< [КОНЕЦ] Обработка географических признаков. Время: 0.16 сек.
17:20:19 | CategoryProcessor    | INFO     | >>> [НАЧАЛО] Обработка категории дтп...
17:20:20 | CategoryProcessor    | INFO     |    [i] Топ-3 категории: {'столкновение': 6660, 'наезд_на_пешехода': 3789, 'наезд_на_препятствие': 1095}
17:20:20 | CategoryProcessor    | INFO     | <<< [КОНЕЦ] Обработка категории дтп. Время: 0.07 сек.
17:20:20 | ConditionsProcessor  | INFO     | >>> [НАЧАЛО] Обработка списков погоды и дорожных условий...
17:20:20 | ConditionsProcessor  | INFO     |    [i] Погода обработана.
17:20:20 | ConditionsProcessor  | WARNING  | Колонка 'road_conditions': 2 неизвестных тегов → 'road_other'. Примеры: [неудовлетворительное_состояние_разделительной_полосы, отсутствие_направляющих_устройств_и_световозвращающих_элементов_на_них]. Затронуто 32 строк (0.22%).
17:20:20 | ConditionsProcessor  | INFO     |    [i] Дорожные условия обработаны.
17:20:20 | ConditionsProcessor  | INFO     | <<< [КОНЕЦ] Обработка списков погоды и дорожных условий. Время: 0.33 сек.
17:20:20 | VehicleProcessor     | INFO     | >>> [НАЧАЛО] Обработка автомобилей (Счетчики, Возраст, Взаимодействие)...
17:20:21 | VehicleProcessor     | INFO     | <<< [КОНЕЦ] Обработка автомобилей (Счетчики, Возраст, Взаимодействие). Время: 0.89 сек.
17:20:21 | ParticipantProcessor | INFO     | >>> [НАЧАЛО] Обработка участников (Режим нарушений: post_event)...
17:20:22 | ParticipantProcessor | INFO     | <<< [КОНЕЦ] Обработка участников (Режим нарушений: post_event). Время: 1.00 сек.
17:20:22 | TargetProcessor      | INFO     | >>> [НАЧАЛО] Кодирование целевой переменной severity...
17:20:22 | TargetProcessor      | INFO     |    [i] Баланс классов: {0: 9692, 1: 3578, 2: 1475}
17:20:22 | TargetProcessor      | INFO     | <<< [КОНЕЦ] Кодирование целевой переменной severity. Время: 0.08 сек.
17:20:22 | DtpPipeline          | INFO     | ================================================================================
17:20:22 | DtpPipeline          | INFO     | ===== ЗАПУСК ОБРАБОТКИ ФАЙЛА: kamchatskii-krai.geojson.zip =====
17:20:22 | DtpPipeline          | INFO     | ================================================================================
17:20:22 | JsonDataLoader       | INFO     | Загрузка: data/need_process\kamchatskii-krai.geojson.zip
17:20:22 | JsonDataLoader       | INFO     | Чтение из архива: kamchatskii-krai.geojson
17:20:22 | JsonDataLoader       | INFO     | Формат: GeoJSON.
17:20:22 | JsonDataLoader       | INFO     | Загружено строк: 4827. Колонок: 24
17:20:22 | CleaningProcessor    | INFO     | --- Запуск очистки данных ---
17:20:22 | CleaningProcessor    | INFO     | Удален технический мусор: ['id', 'coordinates', 'address']
17:20:22 | CleaningProcessor    | INFO     | Удалены поля с утечкой данных (Leakage): ['dead_count', 'injured_count', 'participants_count']
17:20:22 | TemporalProcessor    | INFO     | >>> [НАЧАЛО] Обработка времени и освещения...
17:20:22 | TemporalProcessor    | INFO     |    [i] Циклы времени созданы.
17:20:22 | TemporalProcessor    | INFO     |    [i] Свет обработан.
17:20:22 | TemporalProcessor    | INFO     |    [-] Колонка 'datetime' удалена.
17:20:22 | TemporalProcessor    | INFO     | <<< [КОНЕЦ] Обработка времени и освещения. Время: 0.05 сек.
17:20:22 | TagsProcessor        | INFO     | >>> [НАЧАЛО] Обработка объектов окружения (nearby)...
17:20:22 | TagsProcessor        | INFO     |    [i] Строк с тегами 'other': 7.19% (347/4827)
17:20:22 | TagsProcessor        | WARNING  | Примеры тегов, попавших в 'other': ['производственное_предприятие', 'объект_строительства', 'автостоянка_не_отделенная_от_проезжей_части', 'объект_здание_сооружение_религиозного_культа', 'зоны_отдыха', 'автостоянка_отделенная_от_проезжей_части', 'иной_объект', 'кладбище']
17:20:22 | TagsProcessor        | INFO     | <<< [КОНЕЦ] Обработка объектов окружения (nearby). Время: 0.14 сек.
17:20:22 | SpatialProcessor     | INFO     | >>> [НАЧАЛО] Обработка географических признаков...
17:20:22 | SpatialProcessor     | INFO     |    [i] Координаты обработаны.
17:20:22 | SpatialProcessor     | INFO     |    [i] Регионы (дочерный и родительский) обработаны.
17:20:22 | SpatialProcessor     | INFO     |    [i] Схемы обработаны (fillna + split).
17:20:22 | SpatialProcessor     | INFO     | <<< [КОНЕЦ] Обработка географических признаков. Время: 0.07 сек.
17:20:22 | CategoryProcessor    | INFO     | >>> [НАЧАЛО] Обработка категории дтп...
17:20:23 | CategoryProcessor    | INFO     |    [i] Топ-3 категории: {'столкновение': 2058, 'наезд_на_пешехода': 1330, 'опрокидывание': 430}
17:20:23 | CategoryProcessor    | INFO     | <<< [КОНЕЦ] Обработка категории дтп. Время: 0.03 сек.
17:20:23 | ConditionsProcessor  | INFO     | >>> [НАЧАЛО] Обработка списков погоды и дорожных условий...
17:20:23 | ConditionsProcessor  | INFO     |    [i] Погода обработана.
17:20:23 | ConditionsProcessor  | WARNING  | Колонка 'road_conditions': 1 неизвестных тегов → 'road_other'. Примеры: [неудовлетворительное_состояние_разделительной_полосы]. Затронуто 1 строк (0.02%).
17:20:23 | ConditionsProcessor  | INFO     |    [i] Дорожные условия обработаны.
17:20:23 | ConditionsProcessor  | INFO     | <<< [КОНЕЦ] Обработка списков погоды и дорожных условий. Время: 0.11 сек.
17:20:23 | VehicleProcessor     | INFO     | >>> [НАЧАЛО] Обработка автомобилей (Счетчики, Возраст, Взаимодействие)...
17:20:23 | VehicleProcessor     | INFO     | <<< [КОНЕЦ] Обработка автомобилей (Счетчики, Возраст, Взаимодействие). Время: 0.31 сек.
17:20:23 | ParticipantProcessor | INFO     | >>> [НАЧАЛО] Обработка участников (Режим нарушений: post_event)...
17:20:23 | ParticipantProcessor | INFO     | <<< [КОНЕЦ] Обработка участников (Режим нарушений: post_event). Время: 0.38 сек.
17:20:23 | TargetProcessor      | INFO     | >>> [НАЧАЛО] Кодирование целевой переменной severity...
17:20:23 | TargetProcessor      | INFO     |    [i] Баланс классов: {0: 2835, 1: 1549, 2: 443}
17:20:23 | TargetProcessor      | INFO     | <<< [КОНЕЦ] Кодирование целевой переменной severity. Время: 0.02 сек.
17:20:23 | DtpPipeline          | INFO     | ================================================================================
17:20:23 | DtpPipeline          | INFO     | ===== ЗАПУСК ОБРАБОТКИ ФАЙЛА: karachaevo-cherkesskaia-respublika.geojson.zip =====
17:20:23 | DtpPipeline          | INFO     | ================================================================================
17:20:23 | JsonDataLoader       | INFO     | Загрузка: data/need_process\karachaevo-cherkesskaia-respublika.geojson.zip
17:20:23 | JsonDataLoader       | INFO     | Чтение из архива: karachaevo-cherkesskaia-respublika.geojson
17:20:24 | JsonDataLoader       | INFO     | Формат: GeoJSON.
17:20:24 | JsonDataLoader       | INFO     | Загружено строк: 4997. Колонок: 24
17:20:24 | CleaningProcessor    | INFO     | --- Запуск очистки данных ---
17:20:24 | CleaningProcessor    | INFO     | Удален технический мусор: ['id', 'coordinates', 'address']
17:20:24 | CleaningProcessor    | INFO     | Удалены поля с утечкой данных (Leakage): ['dead_count', 'injured_count', 'participants_count']
17:20:24 | TemporalProcessor    | INFO     | >>> [НАЧАЛО] Обработка времени и освещения...
17:20:24 | TemporalProcessor    | INFO     |    [i] Циклы времени созданы.
17:20:24 | TemporalProcessor    | INFO     |    [i] Свет обработан.
17:20:24 | TemporalProcessor    | INFO     |    [-] Колонка 'datetime' удалена.
17:20:24 | TemporalProcessor    | INFO     | <<< [КОНЕЦ] Обработка времени и освещения. Время: 0.06 сек.
17:20:24 | TagsProcessor        | INFO     | >>> [НАЧАЛО] Обработка объектов окружения (nearby)...
17:20:24 | TagsProcessor        | INFO     |    [i] Строк с тегами 'other': 4.98% (249/4997)
17:20:24 | TagsProcessor        | WARNING  | Примеры тегов, попавших в 'other': ['производственное_предприятие', 'место_для_перегона_скота', 'объект_строительства', 'автостоянка_не_отделенная_от_проезжей_части', 'объект_здание_сооружение_религиозного_культа', 'зоны_отдыха', 'автостоянка_отделенная_от_проезжей_части', 'иной_объект', 'кладбище']
17:20:24 | TagsProcessor        | INFO     | <<< [КОНЕЦ] Обработка объектов окружения (nearby). Время: 0.08 сек.
17:20:24 | SpatialProcessor     | INFO     | >>> [НАЧАЛО] Обработка географических признаков...
17:20:24 | SpatialProcessor     | INFO     |    [i] Координаты обработаны.
17:20:24 | SpatialProcessor     | INFO     |    [i] Регионы (дочерный и родительский) обработаны.
17:20:24 | SpatialProcessor     | INFO     |    [i] Схемы обработаны (fillna + split).
17:20:24 | SpatialProcessor     | INFO     | <<< [КОНЕЦ] Обработка географических признаков. Время: 0.07 сек.
17:20:24 | CategoryProcessor    | INFO     | >>> [НАЧАЛО] Обработка категории дтп...
17:20:24 | CategoryProcessor    | WARNING  | Колонка 'category': 2 новых значений вне Whitelist → заменены на 'иной_вид_дтп'. Примеры: [наезд_на_гужевой_транспорт, возгорание_вследствие_технической_неисправности_движущегося_или_остановившегося_тс_участвующего_в_дорожном_движении]. Затронуто 3 строк (0.06%).
17:20:24 | CategoryProcessor    | INFO     |    [i] Топ-3 категории: {'столкновение': 2370, 'съезд_с_дороги': 829, 'наезд_на_пешехода': 785}
17:20:24 | CategoryProcessor    | INFO     | <<< [КОНЕЦ] Обработка категории дтп. Время: 0.03 сек.
17:20:24 | ConditionsProcessor  | INFO     | >>> [НАЧАЛО] Обработка списков погоды и дорожных условий...
17:20:24 | ConditionsProcessor  | INFO     |    [i] Погода обработана.
17:20:24 | ConditionsProcessor  | WARNING  | Колонка 'road_conditions': 2 неизвестных тегов → 'road_other'. Примеры: [неудовлетворительное_состояние_разделительной_полосы, отсутствие_направляющих_устройств_и_световозвращающих_элементов_на_них]. Затронуто 25 строк (0.50%).
17:20:24 | ConditionsProcessor  | INFO     |    [i] Дорожные условия обработаны.
17:20:24 | ConditionsProcessor  | INFO     | <<< [КОНЕЦ] Обработка списков погоды и дорожных условий. Время: 0.12 сек.
17:20:24 | VehicleProcessor     | INFO     | >>> [НАЧАЛО] Обработка автомобилей (Счетчики, Возраст, Взаимодействие)...
17:20:25 | VehicleProcessor     | INFO     | <<< [КОНЕЦ] Обработка автомобилей (Счетчики, Возраст, Взаимодействие). Время: 0.29 сек.
17:20:25 | ParticipantProcessor | INFO     | >>> [НАЧАЛО] Обработка участников (Режим нарушений: post_event)...
17:20:25 | ParticipantProcessor | INFO     | <<< [КОНЕЦ] Обработка участников (Режим нарушений: post_event). Время: 0.35 сек.
17:20:25 | TargetProcessor      | INFO     | >>> [НАЧАЛО] Кодирование целевой переменной severity...
17:20:25 | TargetProcessor      | INFO     |    [i] Баланс классов: {0: 1623, 1: 2710, 2: 664}
17:20:25 | TargetProcessor      | INFO     | <<< [КОНЕЦ] Кодирование целевой переменной severity. Время: 0.02 сек.
17:20:25 | DtpPipeline          | INFO     | ================================================================================
17:20:25 | DtpPipeline          | INFO     | ===== ЗАПУСК ОБРАБОТКИ ФАЙЛА: kemerovskaia-oblast-kuzbass.geojson.zip =====
17:20:25 | DtpPipeline          | INFO     | ================================================================================
17:20:25 | JsonDataLoader       | INFO     | Загрузка: data/need_process\kemerovskaia-oblast-kuzbass.geojson.zip
17:20:25 | JsonDataLoader       | INFO     | Чтение из архива: kemerovskaia-oblast-kuzbass.geojson
17:20:27 | JsonDataLoader       | INFO     | Формат: GeoJSON.
17:20:28 | JsonDataLoader       | INFO     | Загружено строк: 28245. Колонок: 24
17:20:28 | CleaningProcessor    | INFO     | --- Запуск очистки данных ---
17:20:28 | CleaningProcessor    | INFO     | Удален технический мусор: ['id', 'coordinates', 'address']
17:20:28 | CleaningProcessor    | INFO     | Удалены поля с утечкой данных (Leakage): ['dead_count', 'injured_count', 'participants_count']
17:20:28 | TemporalProcessor    | INFO     | >>> [НАЧАЛО] Обработка времени и освещения...
17:20:28 | TemporalProcessor    | INFO     |    [i] Циклы времени созданы.
17:20:28 | TemporalProcessor    | INFO     |    [i] Свет обработан.
17:20:28 | TemporalProcessor    | INFO     |    [-] Колонка 'datetime' удалена.
17:20:28 | TemporalProcessor    | INFO     | <<< [КОНЕЦ] Обработка времени и освещения. Время: 0.21 сек.
17:20:28 | TagsProcessor        | INFO     | >>> [НАЧАЛО] Обработка объектов окружения (nearby)...
17:20:29 | TagsProcessor        | INFO     |    [i] Строк с тегами 'other': 10.48% (2960/28245)
17:20:29 | TagsProcessor        | WARNING  | Примеры тегов, попавших в 'other': ['производственное_предприятие', 'объект_строительства', 'автостоянка_не_отделенная_от_проезжей_части', 'объект_здание_сооружение_религиозного_культа', 'зоны_отдыха', 'автостоянка_отделенная_от_проезжей_части', 'иной_объект', 'кладбище']
17:20:29 | TagsProcessor        | INFO     | <<< [КОНЕЦ] Обработка объектов окружения (nearby). Время: 0.69 сек.
17:20:29 | SpatialProcessor     | INFO     | >>> [НАЧАЛО] Обработка географических признаков...
17:20:29 | SpatialProcessor     | INFO     |    [i] Координаты обработаны.
17:20:29 | SpatialProcessor     | INFO     |    [i] Регионы (дочерный и родительский) обработаны.
17:20:29 | SpatialProcessor     | INFO     |    [i] Схемы обработаны (fillna + split).
17:20:29 | SpatialProcessor     | INFO     | <<< [КОНЕЦ] Обработка географических признаков. Время: 0.32 сек.
17:20:29 | CategoryProcessor    | INFO     | >>> [НАЧАЛО] Обработка категории дтп...
17:20:29 | CategoryProcessor    | WARNING  | Колонка 'category': 1 новых значений вне Whitelist → заменены на 'иной_вид_дтп'. Примеры: [наезд_на_гужевой_транспорт]. Затронуто 5 строк (0.02%).
17:20:29 | CategoryProcessor    | INFO     |    [i] Топ-3 категории: {'столкновение': 12542, 'наезд_на_пешехода': 8007, 'съезд_с_дороги': 2028}
17:20:29 | CategoryProcessor    | INFO     | <<< [КОНЕЦ] Обработка категории дтп. Время: 0.16 сек.
17:20:29 | ConditionsProcessor  | INFO     | >>> [НАЧАЛО] Обработка списков погоды и дорожных условий...
17:20:29 | ConditionsProcessor  | INFO     |    [i] Погода обработана.
17:20:30 | ConditionsProcessor  | WARNING  | Колонка 'road_conditions': 2 неизвестных тегов → 'road_other'. Примеры: [неудовлетворительное_состояние_разделительной_полосы, отсутствие_направляющих_устройств_и_световозвращающих_элементов_на_них]. Затронуто 40 строк (0.14%).
17:20:30 | ConditionsProcessor  | INFO     |    [i] Дорожные условия обработаны.
17:20:30 | ConditionsProcessor  | INFO     | <<< [КОНЕЦ] Обработка списков погоды и дорожных условий. Время: 0.71 сек.
17:20:30 | VehicleProcessor     | INFO     | >>> [НАЧАЛО] Обработка автомобилей (Счетчики, Возраст, Взаимодействие)...
17:20:32 | VehicleProcessor     | INFO     | <<< [КОНЕЦ] Обработка автомобилей (Счетчики, Возраст, Взаимодействие). Время: 1.73 сек.
17:20:32 | ParticipantProcessor | INFO     | >>> [НАЧАЛО] Обработка участников (Режим нарушений: post_event)...
17:20:34 | ParticipantProcessor | INFO     | <<< [КОНЕЦ] Обработка участников (Режим нарушений: post_event). Время: 1.96 сек.
17:20:34 | TargetProcessor      | INFO     | >>> [НАЧАЛО] Кодирование целевой переменной severity...
17:20:34 | TargetProcessor      | INFO     |    [i] Баланс классов: {0: 15901, 1: 9676, 2: 2668}
17:20:34 | TargetProcessor      | INFO     | <<< [КОНЕЦ] Кодирование целевой переменной severity. Время: 0.12 сек.
17:20:34 | DtpPipeline          | INFO     | ================================================================================
17:20:34 | DtpPipeline          | INFO     | ===== ЗАПУСК ОБРАБОТКИ ФАЙЛА: khabarovskii-krai.geojson.zip =====
17:20:34 | DtpPipeline          | INFO     | ================================================================================
17:20:34 | JsonDataLoader       | INFO     | Загрузка: data/need_process\khabarovskii-krai.geojson.zip
17:20:34 | JsonDataLoader       | INFO     | Чтение из архива: khabarovskii-krai.geojson
17:20:35 | JsonDataLoader       | INFO     | Формат: GeoJSON.
17:20:35 | JsonDataLoader       | INFO     | Загружено строк: 17303. Колонок: 24
17:20:35 | CleaningProcessor    | INFO     | --- Запуск очистки данных ---
17:20:35 | CleaningProcessor    | INFO     | Удален технический мусор: ['id', 'coordinates', 'address']
17:20:35 | CleaningProcessor    | INFO     | Удалены поля с утечкой данных (Leakage): ['dead_count', 'injured_count', 'participants_count']
17:20:35 | TemporalProcessor    | INFO     | >>> [НАЧАЛО] Обработка времени и освещения...
17:20:35 | TemporalProcessor    | INFO     |    [i] Циклы времени созданы.
17:20:36 | TemporalProcessor    | INFO     |    [i] Свет обработан.
17:20:36 | TemporalProcessor    | INFO     |    [-] Колонка 'datetime' удалена.
17:20:36 | TemporalProcessor    | INFO     | <<< [КОНЕЦ] Обработка времени и освещения. Время: 0.14 сек.
17:20:36 | TagsProcessor        | INFO     | >>> [НАЧАЛО] Обработка объектов окружения (nearby)...
17:20:36 | TagsProcessor        | INFO     |    [i] Строк с тегами 'other': 15.10% (2612/17303)
17:20:36 | TagsProcessor        | WARNING  | Примеры тегов, попавших в 'other': ['производственное_предприятие', 'объект_строительства', 'автостоянка_не_отделенная_от_проезжей_части', 'объект_здание_сооружение_религиозного_культа', 'зоны_отдыха', 'автостоянка_отделенная_от_проезжей_части', 'иной_объект', 'кладбище']
17:20:36 | TagsProcessor        | INFO     | <<< [КОНЕЦ] Обработка объектов окружения (nearby). Время: 0.58 сек.
17:20:36 | SpatialProcessor     | INFO     | >>> [НАЧАЛО] Обработка географических признаков...
17:20:36 | SpatialProcessor     | INFO     |    [i] Координаты обработаны.
17:20:36 | SpatialProcessor     | INFO     |    [i] Регионы (дочерный и родительский) обработаны.
17:20:36 | SpatialProcessor     | INFO     |    [i] Схемы обработаны (fillna + split).
17:20:36 | SpatialProcessor     | INFO     | <<< [КОНЕЦ] Обработка географических признаков. Время: 0.18 сек.
17:20:36 | CategoryProcessor    | INFO     | >>> [НАЧАЛО] Обработка категории дтп...
17:20:36 | CategoryProcessor    | INFO     |    [i] Топ-3 категории: {'столкновение': 7176, 'наезд_на_пешехода': 5560, 'съезд_с_дороги': 1496}
17:20:36 | CategoryProcessor    | INFO     | <<< [КОНЕЦ] Обработка категории дтп. Время: 0.09 сек.
17:20:36 | ConditionsProcessor  | INFO     | >>> [НАЧАЛО] Обработка списков погоды и дорожных условий...
17:20:37 | ConditionsProcessor  | INFO     |    [i] Погода обработана.
17:20:37 | ConditionsProcessor  | WARNING  | Колонка 'road_conditions': 2 неизвестных тегов → 'road_other'. Примеры: [неудовлетворительное_состояние_разделительной_полосы, отсутствие_направляющих_устройств_и_световозвращающих_элементов_на_них]. Затронуто 7 строк (0.04%).
17:20:37 | ConditionsProcessor  | INFO     |    [i] Дорожные условия обработаны.
17:20:37 | ConditionsProcessor  | INFO     | <<< [КОНЕЦ] Обработка списков погоды и дорожных условий. Время: 0.40 сек.
17:20:37 | VehicleProcessor     | INFO     | >>> [НАЧАЛО] Обработка автомобилей (Счетчики, Возраст, Взаимодействие)...
17:20:38 | VehicleProcessor     | INFO     | <<< [КОНЕЦ] Обработка автомобилей (Счетчики, Возраст, Взаимодействие). Время: 1.11 сек.
17:20:38 | ParticipantProcessor | INFO     | >>> [НАЧАЛО] Обработка участников (Режим нарушений: post_event)...
17:20:39 | ParticipantProcessor | INFO     | <<< [КОНЕЦ] Обработка участников (Режим нарушений: post_event). Время: 1.24 сек.
17:20:39 | TargetProcessor      | INFO     | >>> [НАЧАЛО] Кодирование целевой переменной severity...
17:20:39 | TargetProcessor      | INFO     |    [i] Баланс классов: {0: 11035, 1: 4857, 2: 1411}
17:20:39 | TargetProcessor      | INFO     | <<< [КОНЕЦ] Кодирование целевой переменной severity. Время: 0.09 сек.
17:20:39 | DtpPipeline          | INFO     | ================================================================================
17:20:39 | DtpPipeline          | INFO     | ===== ЗАПУСК ОБРАБОТКИ ФАЙЛА: khanty-mansiiskii-avtonomnyi-okrug-iugra.geojson.zip =====
17:20:39 | DtpPipeline          | INFO     | ================================================================================
17:20:39 | JsonDataLoader       | INFO     | Загрузка: data/need_process\khanty-mansiiskii-avtonomnyi-okrug-iugra.geojson.zip
17:20:39 | JsonDataLoader       | INFO     | Чтение из архива: khanty-mansiiskii-avtonomnyi-okrug-iugra.geojson
17:20:41 | JsonDataLoader       | INFO     | Формат: GeoJSON.
17:20:41 | JsonDataLoader       | INFO     | Загружено строк: 16343. Колонок: 24
17:20:41 | CleaningProcessor    | INFO     | --- Запуск очистки данных ---
17:20:41 | CleaningProcessor    | INFO     | Удален технический мусор: ['id', 'coordinates', 'address']
17:20:41 | CleaningProcessor    | INFO     | Удалены поля с утечкой данных (Leakage): ['dead_count', 'injured_count', 'participants_count']
17:20:41 | TemporalProcessor    | INFO     | >>> [НАЧАЛО] Обработка времени и освещения...
17:20:41 | TemporalProcessor    | INFO     |    [i] Циклы времени созданы.
17:20:41 | TemporalProcessor    | INFO     |    [i] Свет обработан.
17:20:41 | TemporalProcessor    | INFO     |    [-] Колонка 'datetime' удалена.
17:20:41 | TemporalProcessor    | INFO     | <<< [КОНЕЦ] Обработка времени и освещения. Время: 0.13 сек.
17:20:41 | TagsProcessor        | INFO     | >>> [НАЧАЛО] Обработка объектов окружения (nearby)...
17:20:42 | TagsProcessor        | INFO     |    [i] Строк с тегами 'other': 9.19% (1502/16343)
17:20:42 | TagsProcessor        | WARNING  | Примеры тегов, попавших в 'other': ['производственное_предприятие', 'место_для_перегона_скота', 'объект_строительства', 'автостоянка_не_отделенная_от_проезжей_части', 'объект_здание_сооружение_религиозного_культа', 'зоны_отдыха', 'ледовая_переправаофициально_открытая_и_оборудованная', 'автостоянка_отделенная_от_проезжей_части', 'иной_объект', 'кладбище', 'стихийно_возникшая_не_предусмотренная_ледовая_переправа', 'ледовая_переправа_официально_открытая_и_оборудованная']
17:20:42 | TagsProcessor        | INFO     | <<< [КОНЕЦ] Обработка объектов окружения (nearby). Время: 0.31 сек.
17:20:42 | SpatialProcessor     | INFO     | >>> [НАЧАЛО] Обработка географических признаков...
17:20:42 | SpatialProcessor     | INFO     |    [i] Координаты обработаны.
17:20:42 | SpatialProcessor     | INFO     |    [i] Регионы (дочерный и родительский) обработаны.
17:20:42 | SpatialProcessor     | INFO     |    [i] Схемы обработаны (fillna + split).
17:20:42 | SpatialProcessor     | INFO     | <<< [КОНЕЦ] Обработка географических признаков. Время: 0.20 сек.
17:20:42 | CategoryProcessor    | INFO     | >>> [НАЧАЛО] Обработка категории дтп...
17:20:42 | CategoryProcessor    | INFO     |    [i] Топ-3 категории: {'столкновение': 8675, 'наезд_на_пешехода': 3440, 'съезд_с_дороги': 1000}
17:20:42 | CategoryProcessor    | INFO     | <<< [КОНЕЦ] Обработка категории дтп. Время: 0.09 сек.
17:20:42 | ConditionsProcessor  | INFO     | >>> [НАЧАЛО] Обработка списков погоды и дорожных условий...
17:20:42 | ConditionsProcessor  | INFO     |    [i] Погода обработана.
17:20:42 | ConditionsProcessor  | WARNING  | Колонка 'road_conditions': 2 неизвестных тегов → 'road_other'. Примеры: [неудовлетворительное_состояние_разделительной_полосы, отсутствие_направляющих_устройств_и_световозвращающих_элементов_на_них]. Затронуто 53 строк (0.32%).
17:20:42 | ConditionsProcessor  | INFO     |    [i] Дорожные условия обработаны.
17:20:42 | ConditionsProcessor  | INFO     | <<< [КОНЕЦ] Обработка списков погоды и дорожных условий. Время: 0.39 сек.
17:20:42 | VehicleProcessor     | INFO     | >>> [НАЧАЛО] Обработка автомобилей (Счетчики, Возраст, Взаимодействие)...
17:20:43 | VehicleProcessor     | INFO     | <<< [КОНЕЦ] Обработка автомобилей (Счетчики, Возраст, Взаимодействие). Время: 1.06 сек.
17:20:43 | ParticipantProcessor | INFO     | >>> [НАЧАЛО] Обработка участников (Режим нарушений: post_event)...
17:20:44 | ParticipantProcessor | INFO     | <<< [КОНЕЦ] Обработка участников (Режим нарушений: post_event). Время: 1.13 сек.
17:20:45 | TargetProcessor      | INFO     | >>> [НАЧАЛО] Кодирование целевой переменной severity...
17:20:45 | TargetProcessor      | INFO     |    [i] Баланс классов: {0: 9951, 1: 5078, 2: 1314}
17:20:45 | TargetProcessor      | INFO     | <<< [КОНЕЦ] Кодирование целевой переменной severity. Время: 0.07 сек.
17:20:45 | DtpPipeline          | INFO     | ================================================================================
17:20:45 | DtpPipeline          | INFO     | ===== ЗАПУСК ОБРАБОТКИ ФАЙЛА: kirovskaia-oblast.geojson.zip =====
17:20:45 | DtpPipeline          | INFO     | ================================================================================
17:20:45 | JsonDataLoader       | INFO     | Загрузка: data/need_process\kirovskaia-oblast.geojson.zip
17:20:45 | JsonDataLoader       | INFO     | Чтение из архива: kirovskaia-oblast.geojson
17:20:46 | JsonDataLoader       | INFO     | Формат: GeoJSON.
17:20:46 | JsonDataLoader       | INFO     | Загружено строк: 16951. Колонок: 24
17:20:46 | CleaningProcessor    | INFO     | --- Запуск очистки данных ---
17:20:46 | CleaningProcessor    | INFO     | Удален технический мусор: ['id', 'coordinates', 'address']
17:20:46 | CleaningProcessor    | INFO     | Удалены поля с утечкой данных (Leakage): ['dead_count', 'injured_count', 'participants_count']
17:20:46 | TemporalProcessor    | INFO     | >>> [НАЧАЛО] Обработка времени и освещения...
17:20:47 | TemporalProcessor    | INFO     |    [i] Циклы времени созданы.
17:20:47 | TemporalProcessor    | INFO     |    [i] Свет обработан.
17:20:47 | TemporalProcessor    | INFO     |    [-] Колонка 'datetime' удалена.
17:20:47 | TemporalProcessor    | INFO     | <<< [КОНЕЦ] Обработка времени и освещения. Время: 0.13 сек.
17:20:47 | TagsProcessor        | INFO     | >>> [НАЧАЛО] Обработка объектов окружения (nearby)...
17:20:47 | TagsProcessor        | INFO     |    [i] Строк с тегами 'other': 9.09% (1540/16951)
17:20:47 | TagsProcessor        | WARNING  | Примеры тегов, попавших в 'other': ['производственное_предприятие', 'место_для_перегона_скота', 'объект_строительства', 'автостоянка_не_отделенная_от_проезжей_части', 'объект_здание_сооружение_религиозного_культа', 'зоны_отдыха', 'автостоянка_отделенная_от_проезжей_части', 'кладбище', 'иной_объект', 'стихийно_возникшая_не_предусмотренная_ледовая_переправа']
17:20:47 | TagsProcessor        | INFO     | <<< [КОНЕЦ] Обработка объектов окружения (nearby). Время: 0.43 сек.
17:20:47 | SpatialProcessor     | INFO     | >>> [НАЧАЛО] Обработка географических признаков...
17:20:47 | SpatialProcessor     | INFO     |    [i] Координаты обработаны.
17:20:47 | SpatialProcessor     | INFO     |    [i] Регионы (дочерный и родительский) обработаны.
17:20:47 | SpatialProcessor     | INFO     |    [i] Схемы обработаны (fillna + split).
17:20:47 | SpatialProcessor     | INFO     | <<< [КОНЕЦ] Обработка географических признаков. Время: 0.18 сек.
17:20:47 | CategoryProcessor    | INFO     | >>> [НАЧАЛО] Обработка категории дтп...
17:20:47 | CategoryProcessor    | INFO     |    [i] Топ-3 категории: {'столкновение': 6386, 'наезд_на_пешехода': 5110, 'съезд_с_дороги': 1444}
17:20:47 | CategoryProcessor    | INFO     | <<< [КОНЕЦ] Обработка категории дтп. Время: 0.09 сек.
17:20:47 | ConditionsProcessor  | INFO     | >>> [НАЧАЛО] Обработка списков погоды и дорожных условий...
17:20:47 | ConditionsProcessor  | INFO     |    [i] Погода обработана.
17:20:48 | ConditionsProcessor  | WARNING  | Колонка 'road_conditions': 1 неизвестных тегов → 'road_other'. Примеры: [отсутствие_направляющих_устройств_и_световозвращающих_элементов_на_них]. Затронуто 4 строк (0.02%).
17:20:48 | ConditionsProcessor  | INFO     |    [i] Дорожные условия обработаны.
17:20:48 | ConditionsProcessor  | INFO     | <<< [КОНЕЦ] Обработка списков погоды и дорожных условий. Время: 0.43 сек.
17:20:48 | VehicleProcessor     | INFO     | >>> [НАЧАЛО] Обработка автомобилей (Счетчики, Возраст, Взаимодействие)...
17:20:49 | VehicleProcessor     | INFO     | <<< [КОНЕЦ] Обработка автомобилей (Счетчики, Возраст, Взаимодействие). Время: 0.98 сек.
17:20:49 | ParticipantProcessor | INFO     | >>> [НАЧАЛО] Обработка участников (Режим нарушений: post_event)...
17:20:50 | ParticipantProcessor | INFO     | <<< [КОНЕЦ] Обработка участников (Режим нарушений: post_event). Время: 1.15 сек.
17:20:50 | TargetProcessor      | INFO     | >>> [НАЧАЛО] Кодирование целевой переменной severity...
17:20:50 | TargetProcessor      | INFO     |    [i] Баланс классов: {0: 12340, 1: 3235, 2: 1376}
17:20:50 | TargetProcessor      | INFO     | <<< [КОНЕЦ] Кодирование целевой переменной severity. Время: 0.09 сек.
17:20:50 | DtpPipeline          | INFO     | ================================================================================
17:20:50 | DtpPipeline          | INFO     | ===== ЗАПУСК ОБРАБОТКИ ФАЙЛА: kostromskaia-oblast.geojson.zip =====
17:20:50 | DtpPipeline          | INFO     | ================================================================================
17:20:50 | JsonDataLoader       | INFO     | Загрузка: data/need_process\kostromskaia-oblast.geojson.zip
17:20:50 | JsonDataLoader       | INFO     | Чтение из архива: kostromskaia-oblast.geojson
17:20:50 | JsonDataLoader       | INFO     | Формат: GeoJSON.
17:20:51 | JsonDataLoader       | INFO     | Загружено строк: 8215. Колонок: 24
17:20:51 | CleaningProcessor    | INFO     | --- Запуск очистки данных ---
17:20:51 | CleaningProcessor    | INFO     | Удален технический мусор: ['id', 'coordinates', 'address']
17:20:51 | CleaningProcessor    | INFO     | Удалены поля с утечкой данных (Leakage): ['dead_count', 'injured_count', 'participants_count']
17:20:51 | TemporalProcessor    | INFO     | >>> [НАЧАЛО] Обработка времени и освещения...
17:20:51 | TemporalProcessor    | INFO     |    [i] Циклы времени созданы.
17:20:51 | TemporalProcessor    | INFO     |    [i] Свет обработан.
17:20:51 | TemporalProcessor    | INFO     |    [-] Колонка 'datetime' удалена.
17:20:51 | TemporalProcessor    | INFO     | <<< [КОНЕЦ] Обработка времени и освещения. Время: 0.07 сек.
17:20:51 | TagsProcessor        | INFO     | >>> [НАЧАЛО] Обработка объектов окружения (nearby)...
17:20:51 | TagsProcessor        | INFO     |    [i] Строк с тегами 'other': 8.02% (659/8215)
17:20:51 | TagsProcessor        | WARNING  | Примеры тегов, попавших в 'other': ['производственное_предприятие', 'объект_строительства', 'автостоянка_не_отделенная_от_проезжей_части', 'объект_здание_сооружение_религиозного_культа', 'зоны_отдыха', 'автостоянка_отделенная_от_проезжей_части', 'иной_объект', 'кладбище']
17:20:51 | TagsProcessor        | INFO     | <<< [КОНЕЦ] Обработка объектов окружения (nearby). Время: 0.21 сек.
17:20:51 | SpatialProcessor     | INFO     | >>> [НАЧАЛО] Обработка географических признаков...
17:20:51 | SpatialProcessor     | INFO     |    [i] Координаты обработаны.
17:20:51 | SpatialProcessor     | INFO     |    [i] Регионы (дочерный и родительский) обработаны.
17:20:51 | SpatialProcessor     | INFO     |    [i] Схемы обработаны (fillna + split).
17:20:51 | SpatialProcessor     | INFO     | <<< [КОНЕЦ] Обработка географических признаков. Время: 0.09 сек.
17:20:51 | CategoryProcessor    | INFO     | >>> [НАЧАЛО] Обработка категории дтп...
17:20:51 | CategoryProcessor    | WARNING  | Колонка 'category': 1 новых значений вне Whitelist → заменены на 'иной_вид_дтп'. Примеры: [возгорание_вследствие_технической_неисправности_движущегося_или_остановившегося_тс_участвующего_в_дорожном_движении]. Затронуто 2 строк (0.02%).
17:20:51 | CategoryProcessor    | INFO     |    [i] Топ-3 категории: {'столкновение': 3133, 'наезд_на_пешехода': 1953, 'съезд_с_дороги': 977}
17:20:51 | CategoryProcessor    | INFO     | <<< [КОНЕЦ] Обработка категории дтп. Время: 0.05 сек.
17:20:51 | ConditionsProcessor  | INFO     | >>> [НАЧАЛО] Обработка списков погоды и дорожных условий...
17:20:51 | ConditionsProcessor  | INFO     |    [i] Погода обработана.
17:20:51 | ConditionsProcessor  | WARNING  | Колонка 'road_conditions': 1 неизвестных тегов → 'road_other'. Примеры: [отсутствие_направляющих_устройств_и_световозвращающих_элементов_на_них]. Затронуто 3 строк (0.04%).
17:20:51 | ConditionsProcessor  | INFO     |    [i] Дорожные условия обработаны.
17:20:51 | ConditionsProcessor  | INFO     | <<< [КОНЕЦ] Обработка списков погоды и дорожных условий. Время: 0.18 сек.
17:20:51 | VehicleProcessor     | INFO     | >>> [НАЧАЛО] Обработка автомобилей (Счетчики, Возраст, Взаимодействие)...
17:20:52 | VehicleProcessor     | INFO     | <<< [КОНЕЦ] Обработка автомобилей (Счетчики, Возраст, Взаимодействие). Время: 0.47 сек.
17:20:52 | ParticipantProcessor | INFO     | >>> [НАЧАЛО] Обработка участников (Режим нарушений: post_event)...
17:20:52 | ParticipantProcessor | INFO     | <<< [КОНЕЦ] Обработка участников (Режим нарушений: post_event). Время: 0.59 сек.
17:20:52 | TargetProcessor      | INFO     | >>> [НАЧАЛО] Кодирование целевой переменной severity...
17:20:52 | TargetProcessor      | INFO     |    [i] Баланс классов: {0: 5609, 1: 2030, 2: 576}
17:20:52 | TargetProcessor      | INFO     | <<< [КОНЕЦ] Кодирование целевой переменной severity. Время: 0.05 сек.
17:20:52 | DtpPipeline          | INFO     | ================================================================================
17:20:52 | DtpPipeline          | INFO     | ===== ЗАПУСК ОБРАБОТКИ ФАЙЛА: krasnodarskii-krai.geojson.zip =====
17:20:52 | DtpPipeline          | INFO     | ================================================================================
17:20:52 | JsonDataLoader       | INFO     | Загрузка: data/need_process\krasnodarskii-krai.geojson.zip
17:20:52 | JsonDataLoader       | INFO     | Чтение из архива: krasnodarskii-krai.geojson
17:20:58 | JsonDataLoader       | INFO     | Формат: GeoJSON.
17:20:59 | JsonDataLoader       | INFO     | Загружено строк: 62993. Колонок: 24
17:20:59 | CleaningProcessor    | INFO     | --- Запуск очистки данных ---
17:21:00 | CleaningProcessor    | INFO     | Удален технический мусор: ['id', 'coordinates', 'address']
17:21:00 | CleaningProcessor    | INFO     | Удалены поля с утечкой данных (Leakage): ['dead_count', 'injured_count', 'participants_count']
17:21:00 | TemporalProcessor    | INFO     | >>> [НАЧАЛО] Обработка времени и освещения...
17:21:00 | TemporalProcessor    | INFO     |    [i] Циклы времени созданы.
17:21:00 | TemporalProcessor    | INFO     |    [i] Свет обработан.
17:21:00 | TemporalProcessor    | INFO     |    [-] Колонка 'datetime' удалена.
17:21:00 | TemporalProcessor    | INFO     | <<< [КОНЕЦ] Обработка времени и освещения. Время: 0.46 сек.
17:21:00 | TagsProcessor        | INFO     | >>> [НАЧАЛО] Обработка объектов окружения (nearby)...
17:21:01 | TagsProcessor        | INFO     |    [i] Строк с тегами 'other': 10.58% (6663/62993)
17:21:01 | TagsProcessor        | WARNING  | Примеры тегов, попавших в 'other': ['производственное_предприятие', 'объект_строительства', 'автостоянка_не_отделенная_от_проезжей_части', 'объект_здание_сооружение_религиозного_культа', 'зоны_отдыха', 'автостоянка_отделенная_от_проезжей_части', 'иной_объект', 'кладбище']
17:21:01 | TagsProcessor        | INFO     | <<< [КОНЕЦ] Обработка объектов окружения (nearby). Время: 1.41 сек.
17:21:02 | SpatialProcessor     | INFO     | >>> [НАЧАЛО] Обработка географических признаков...
17:21:02 | SpatialProcessor     | INFO     |    [i] Координаты обработаны.
17:21:02 | SpatialProcessor     | INFO     |    [i] Регионы (дочерный и родительский) обработаны.
17:21:02 | SpatialProcessor     | INFO     |    [i] Схемы обработаны (fillna + split).
17:21:02 | SpatialProcessor     | INFO     | <<< [КОНЕЦ] Обработка географических признаков. Время: 0.64 сек.
17:21:02 | CategoryProcessor    | INFO     | >>> [НАЧАЛО] Обработка категории дтп...
17:21:03 | CategoryProcessor    | WARNING  | Колонка 'category': 2 новых значений вне Whitelist → заменены на 'иной_вид_дтп'. Примеры: [наезд_на_гужевой_транспорт, возгорание_вследствие_технической_неисправности_движущегося_или_остановившегося_тс_участвующего_в_дорожном_движении]. Затронуто 20 строк (0.03%).
17:21:03 | CategoryProcessor    | INFO     |    [i] Топ-3 категории: {'столкновение': 29874, 'наезд_на_пешехода': 16262, 'съезд_с_дороги': 4206}
17:21:03 | CategoryProcessor    | INFO     | <<< [КОНЕЦ] Обработка категории дтп. Время: 0.37 сек.
17:21:03 | ConditionsProcessor  | INFO     | >>> [НАЧАЛО] Обработка списков погоды и дорожных условий...
17:21:03 | ConditionsProcessor  | INFO     |    [i] Погода обработана.
17:21:04 | ConditionsProcessor  | WARNING  | Колонка 'road_conditions': 2 неизвестных тегов → 'road_other'. Примеры: [неудовлетворительное_состояние_разделительной_полосы, отсутствие_направляющих_устройств_и_световозвращающих_элементов_на_них]. Затронуто 69 строк (0.11%).
17:21:04 | ConditionsProcessor  | INFO     |    [i] Дорожные условия обработаны.
17:21:04 | ConditionsProcessor  | INFO     | <<< [КОНЕЦ] Обработка списков погоды и дорожных условий. Время: 1.37 сек.
17:21:04 | VehicleProcessor     | INFO     | >>> [НАЧАЛО] Обработка автомобилей (Счетчики, Возраст, Взаимодействие)...
17:21:08 | VehicleProcessor     | INFO     | <<< [КОНЕЦ] Обработка автомобилей (Счетчики, Возраст, Взаимодействие). Время: 3.91 сек.
17:21:08 | ParticipantProcessor | INFO     | >>> [НАЧАЛО] Обработка участников (Режим нарушений: post_event)...
17:21:12 | ParticipantProcessor | INFO     | <<< [КОНЕЦ] Обработка участников (Режим нарушений: post_event). Время: 4.21 сек.
17:21:12 | TargetProcessor      | INFO     | >>> [НАЧАЛО] Кодирование целевой переменной severity...
17:21:13 | TargetProcessor      | INFO     |    [i] Баланс классов: {0: 22817, 1: 32335, 2: 7841}
17:21:13 | TargetProcessor      | INFO     | <<< [КОНЕЦ] Кодирование целевой переменной severity. Время: 0.29 сек.
17:21:13 | DtpPipeline          | INFO     | ================================================================================
17:21:13 | DtpPipeline          | INFO     | ===== ЗАПУСК ОБРАБОТКИ ФАЙЛА: krasnoiarskii-krai.geojson.zip =====
17:21:13 | DtpPipeline          | INFO     | ================================================================================
17:21:13 | JsonDataLoader       | INFO     | Загрузка: data/need_process\krasnoiarskii-krai.geojson.zip
17:21:13 | JsonDataLoader       | INFO     | Чтение из архива: krasnoiarskii-krai.geojson
17:21:14 | JsonDataLoader       | INFO     | Формат: GeoJSON.
17:21:16 | JsonDataLoader       | INFO     | Загружено строк: 35640. Колонок: 24
17:21:16 | CleaningProcessor    | INFO     | --- Запуск очистки данных ---
17:21:16 | CleaningProcessor    | INFO     | Удален технический мусор: ['id', 'coordinates', 'address']
17:21:16 | CleaningProcessor    | INFO     | Удалены поля с утечкой данных (Leakage): ['dead_count', 'injured_count', 'participants_count']
17:21:16 | TemporalProcessor    | INFO     | >>> [НАЧАЛО] Обработка времени и освещения...
17:21:16 | TemporalProcessor    | INFO     |    [i] Циклы времени созданы.
17:21:16 | TemporalProcessor    | INFO     |    [i] Свет обработан.
17:21:16 | TemporalProcessor    | INFO     |    [-] Колонка 'datetime' удалена.
17:21:16 | TemporalProcessor    | INFO     | <<< [КОНЕЦ] Обработка времени и освещения. Время: 0.26 сек.
17:21:16 | TagsProcessor        | INFO     | >>> [НАЧАЛО] Обработка объектов окружения (nearby)...
17:21:17 | TagsProcessor        | INFO     |    [i] Строк с тегами 'other': 8.05% (2870/35640)
17:21:17 | TagsProcessor        | WARNING  | Примеры тегов, попавших в 'other': ['производственное_предприятие', 'место_для_перегона_скота', 'объект_строительства', 'автостоянка_не_отделенная_от_проезжей_части', 'ледовая_переправа', 'объект_здание_сооружение_религиозного_культа', 'зоны_отдыха', 'ледовая_переправаофициально_открытая_и_оборудованная', 'автостоянка_отделенная_от_проезжей_части', 'кладбище', 'иной_объект', 'стихийно_возникшая_не_предусмотренная_ледовая_переправа', 'ледовая_переправа_официально_открытая_и_оборудованная']
17:21:17 | TagsProcessor        | INFO     | <<< [КОНЕЦ] Обработка объектов окружения (nearby). Время: 0.84 сек.
17:21:17 | SpatialProcessor     | INFO     | >>> [НАЧАЛО] Обработка географических признаков...
17:21:17 | SpatialProcessor     | INFO     |    [i] Координаты обработаны.
17:21:17 | SpatialProcessor     | INFO     |    [i] Регионы (дочерный и родительский) обработаны.
17:21:18 | SpatialProcessor     | INFO     |    [i] Схемы обработаны (fillna + split).
17:21:18 | SpatialProcessor     | INFO     | <<< [КОНЕЦ] Обработка географических признаков. Время: 0.36 сек.
17:21:18 | CategoryProcessor    | INFO     | >>> [НАЧАЛО] Обработка категории дтп...
17:21:18 | CategoryProcessor    | WARNING  | Колонка 'category': 2 новых значений вне Whitelist → заменены на 'иной_вид_дтп'. Примеры: [наезд_на_гужевой_транспорт, возгорание_вследствие_технической_неисправности_движущегося_или_остановившегося_тс_участвующего_в_дорожном_движении]. Затронуто 5 строк (0.01%).
17:21:18 | CategoryProcessor    | INFO     |    [i] Топ-3 категории: {'столкновение': 14745, 'наезд_на_пешехода': 9532, 'съезд_с_дороги': 2835}
17:21:18 | CategoryProcessor    | INFO     | <<< [КОНЕЦ] Обработка категории дтп. Время: 0.19 сек.
17:21:18 | ConditionsProcessor  | INFO     | >>> [НАЧАЛО] Обработка списков погоды и дорожных условий...
17:21:18 | ConditionsProcessor  | INFO     |    [i] Погода обработана.
17:21:18 | ConditionsProcessor  | WARNING  | Колонка 'road_conditions': 2 неизвестных тегов → 'road_other'. Примеры: [неудовлетворительное_состояние_разделительной_полосы, отсутствие_направляющих_устройств_и_световозвращающих_элементов_на_них]. Затронуто 47 строк (0.13%).
17:21:19 | ConditionsProcessor  | INFO     |    [i] Дорожные условия обработаны.
17:21:19 | ConditionsProcessor  | INFO     | <<< [КОНЕЦ] Обработка списков погоды и дорожных условий. Время: 0.87 сек.
17:21:19 | VehicleProcessor     | INFO     | >>> [НАЧАЛО] Обработка автомобилей (Счетчики, Возраст, Взаимодействие)...
17:21:21 | VehicleProcessor     | INFO     | <<< [КОНЕЦ] Обработка автомобилей (Счетчики, Возраст, Взаимодействие). Время: 2.09 сек.
17:21:21 | ParticipantProcessor | INFO     | >>> [НАЧАЛО] Обработка участников (Режим нарушений: post_event)...
17:21:24 | ParticipantProcessor | INFO     | <<< [КОНЕЦ] Обработка участников (Режим нарушений: post_event). Время: 2.90 сек.
17:21:24 | TargetProcessor      | INFO     | >>> [НАЧАЛО] Кодирование целевой переменной severity...
17:21:24 | TargetProcessor      | INFO     |    [i] Баланс классов: {0: 21859, 1: 10542, 2: 3239}
17:21:24 | TargetProcessor      | INFO     | <<< [КОНЕЦ] Кодирование целевой переменной severity. Время: 0.15 сек.
17:21:24 | DtpPipeline          | INFO     | ================================================================================
17:21:24 | DtpPipeline          | INFO     | ===== ЗАПУСК ОБРАБОТКИ ФАЙЛА: kurganskaia-oblast.geojson.zip =====
17:21:24 | DtpPipeline          | INFO     | ================================================================================
17:21:24 | JsonDataLoader       | INFO     | Загрузка: data/need_process\kurganskaia-oblast.geojson.zip
17:21:24 | JsonDataLoader       | INFO     | Чтение из архива: kurganskaia-oblast.geojson
17:21:24 | JsonDataLoader       | INFO     | Формат: GeoJSON.
17:21:24 | JsonDataLoader       | INFO     | Загружено строк: 10181. Колонок: 24
17:21:24 | CleaningProcessor    | INFO     | --- Запуск очистки данных ---
17:21:25 | CleaningProcessor    | INFO     | Удален технический мусор: ['id', 'coordinates', 'address']
17:21:25 | CleaningProcessor    | INFO     | Удалены поля с утечкой данных (Leakage): ['dead_count', 'injured_count', 'participants_count']
17:21:25 | TemporalProcessor    | INFO     | >>> [НАЧАЛО] Обработка времени и освещения...
17:21:25 | TemporalProcessor    | INFO     |    [i] Циклы времени созданы.
17:21:25 | TemporalProcessor    | INFO     |    [i] Свет обработан.
17:21:25 | TemporalProcessor    | INFO     |    [-] Колонка 'datetime' удалена.
17:21:25 | TemporalProcessor    | INFO     | <<< [КОНЕЦ] Обработка времени и освещения. Время: 0.09 сек.
17:21:25 | TagsProcessor        | INFO     | >>> [НАЧАЛО] Обработка объектов окружения (nearby)...
17:21:25 | TagsProcessor        | INFO     |    [i] Строк с тегами 'other': 6.47% (659/10181)
17:21:25 | TagsProcessor        | WARNING  | Примеры тегов, попавших в 'other': ['производственное_предприятие', 'объект_строительства', 'автостоянка_не_отделенная_от_проезжей_части', 'объект_здание_сооружение_религиозного_культа', 'зоны_отдыха', 'автостоянка_отделенная_от_проезжей_части', 'иной_объект', 'кладбище']
17:21:25 | TagsProcessor        | INFO     | <<< [КОНЕЦ] Обработка объектов окружения (nearby). Время: 0.21 сек.
17:21:25 | SpatialProcessor     | INFO     | >>> [НАЧАЛО] Обработка географических признаков...
17:21:25 | SpatialProcessor     | INFO     |    [i] Координаты обработаны.
17:21:25 | SpatialProcessor     | INFO     |    [i] Регионы (дочерный и родительский) обработаны.
17:21:25 | SpatialProcessor     | INFO     |    [i] Схемы обработаны (fillna + split).
17:21:25 | SpatialProcessor     | INFO     | <<< [КОНЕЦ] Обработка географических признаков. Время: 0.11 сек.
17:21:25 | CategoryProcessor    | INFO     | >>> [НАЧАЛО] Обработка категории дтп...
17:21:25 | CategoryProcessor    | INFO     |    [i] Топ-3 категории: {'столкновение': 4208, 'наезд_на_пешехода': 2532, 'съезд_с_дороги': 814}
17:21:25 | CategoryProcessor    | INFO     | <<< [КОНЕЦ] Обработка категории дтп. Время: 0.05 сек.
17:21:25 | ConditionsProcessor  | INFO     | >>> [НАЧАЛО] Обработка списков погоды и дорожных условий...
17:21:25 | ConditionsProcessor  | INFO     |    [i] Погода обработана.
17:21:25 | ConditionsProcessor  | WARNING  | Колонка 'road_conditions': 2 неизвестных тегов → 'road_other'. Примеры: [неудовлетворительное_состояние_разделительной_полосы, отсутствие_направляющих_устройств_и_световозвращающих_элементов_на_них]. Затронуто 8 строк (0.08%).
17:21:25 | ConditionsProcessor  | INFO     |    [i] Дорожные условия обработаны.
17:21:25 | ConditionsProcessor  | INFO     | <<< [КОНЕЦ] Обработка списков погоды и дорожных условий. Время: 0.25 сек.
17:21:25 | VehicleProcessor     | INFO     | >>> [НАЧАЛО] Обработка автомобилей (Счетчики, Возраст, Взаимодействие)...
17:21:26 | VehicleProcessor     | INFO     | <<< [КОНЕЦ] Обработка автомобилей (Счетчики, Возраст, Взаимодействие). Время: 0.60 сек.
17:21:26 | ParticipantProcessor | INFO     | >>> [НАЧАЛО] Обработка участников (Режим нарушений: post_event)...
17:21:27 | ParticipantProcessor | INFO     | <<< [КОНЕЦ] Обработка участников (Режим нарушений: post_event). Время: 0.76 сек.
17:21:27 | TargetProcessor      | INFO     | >>> [НАЧАЛО] Кодирование целевой переменной severity...
17:21:27 | TargetProcessor      | INFO     |    [i] Баланс классов: {0: 5430, 1: 3556, 2: 1195}
17:21:27 | TargetProcessor      | INFO     | <<< [КОНЕЦ] Кодирование целевой переменной severity. Время: 0.05 сек.
17:21:27 | DtpPipeline          | INFO     | ================================================================================
17:21:27 | DtpPipeline          | INFO     | ===== ЗАПУСК ОБРАБОТКИ ФАЙЛА: kurskaia-oblast.geojson.zip =====
17:21:27 | DtpPipeline          | INFO     | ================================================================================
17:21:27 | JsonDataLoader       | INFO     | Загрузка: data/need_process\kurskaia-oblast.geojson.zip
17:21:27 | JsonDataLoader       | INFO     | Чтение из архива: kurskaia-oblast.geojson
17:21:28 | JsonDataLoader       | INFO     | Формат: GeoJSON.
17:21:28 | JsonDataLoader       | INFO     | Загружено строк: 14911. Колонок: 24
17:21:28 | CleaningProcessor    | INFO     | --- Запуск очистки данных ---
17:21:28 | CleaningProcessor    | INFO     | Удален технический мусор: ['id', 'coordinates', 'address']
17:21:28 | CleaningProcessor    | INFO     | Удалены поля с утечкой данных (Leakage): ['dead_count', 'injured_count', 'participants_count']
17:21:28 | TemporalProcessor    | INFO     | >>> [НАЧАЛО] Обработка времени и освещения...
17:21:28 | TemporalProcessor    | INFO     |    [i] Циклы времени созданы.
17:21:28 | TemporalProcessor    | INFO     |    [i] Свет обработан.
17:21:28 | TemporalProcessor    | INFO     |    [-] Колонка 'datetime' удалена.
17:21:28 | TemporalProcessor    | INFO     | <<< [КОНЕЦ] Обработка времени и освещения. Время: 0.12 сек.
17:21:28 | TagsProcessor        | INFO     | >>> [НАЧАЛО] Обработка объектов окружения (nearby)...
17:21:29 | TagsProcessor        | INFO     |    [i] Строк с тегами 'other': 7.88% (1175/14911)
17:21:29 | TagsProcessor        | WARNING  | Примеры тегов, попавших в 'other': ['производственное_предприятие', 'место_для_перегона_скота', 'объект_строительства', 'автостоянка_не_отделенная_от_проезжей_части', 'объект_здание_сооружение_религиозного_культа', 'зоны_отдыха', 'автостоянка_отделенная_от_проезжей_части', 'иной_объект', 'кладбище']
17:21:29 | TagsProcessor        | INFO     | <<< [КОНЕЦ] Обработка объектов окружения (nearby). Время: 0.27 сек.
17:21:29 | SpatialProcessor     | INFO     | >>> [НАЧАЛО] Обработка географических признаков...
17:21:29 | SpatialProcessor     | INFO     |    [i] Координаты обработаны.
17:21:29 | SpatialProcessor     | INFO     |    [i] Регионы (дочерный и родительский) обработаны.
17:21:29 | SpatialProcessor     | INFO     |    [i] Схемы обработаны (fillna + split).
17:21:29 | SpatialProcessor     | INFO     | <<< [КОНЕЦ] Обработка географических признаков. Время: 0.16 сек.
17:21:29 | CategoryProcessor    | INFO     | >>> [НАЧАЛО] Обработка категории дтп...
17:21:29 | CategoryProcessor    | WARNING  | Колонка 'category': 2 новых значений вне Whitelist → заменены на 'иной_вид_дтп'. Примеры: [наезд_на_гужевой_транспорт, возгорание_вследствие_технической_неисправности_движущегося_или_остановившегося_тс_участвующего_в_дорожном_движении]. Затронуто 20 строк (0.13%).
17:21:29 | CategoryProcessor    | INFO     |    [i] Топ-3 категории: {'столкновение': 6435, 'наезд_на_пешехода': 3981, 'опрокидывание': 1259}
17:21:29 | CategoryProcessor    | INFO     | <<< [КОНЕЦ] Обработка категории дтп. Время: 0.07 сек.
17:21:29 | ConditionsProcessor  | INFO     | >>> [НАЧАЛО] Обработка списков погоды и дорожных условий...
17:21:29 | ConditionsProcessor  | INFO     |    [i] Погода обработана.
17:21:29 | ConditionsProcessor  | WARNING  | Колонка 'road_conditions': 2 неизвестных тегов → 'road_other'. Примеры: [неудовлетворительное_состояние_разделительной_полосы, отсутствие_направляющих_устройств_и_световозвращающих_элементов_на_них]. Затронуто 21 строк (0.14%).
17:21:29 | ConditionsProcessor  | INFO     |    [i] Дорожные условия обработаны.
17:21:29 | ConditionsProcessor  | INFO     | <<< [КОНЕЦ] Обработка списков погоды и дорожных условий. Время: 0.34 сек.
17:21:29 | VehicleProcessor     | INFO     | >>> [НАЧАЛО] Обработка автомобилей (Счетчики, Возраст, Взаимодействие)...
17:21:30 | VehicleProcessor     | INFO     | <<< [КОНЕЦ] Обработка автомобилей (Счетчики, Возраст, Взаимодействие). Время: 0.90 сек.
17:21:30 | ParticipantProcessor | INFO     | >>> [НАЧАЛО] Обработка участников (Режим нарушений: post_event)...
17:21:31 | ParticipantProcessor | INFO     | <<< [КОНЕЦ] Обработка участников (Режим нарушений: post_event). Время: 0.96 сек.
17:21:31 | TargetProcessor      | INFO     | >>> [НАЧАЛО] Кодирование целевой переменной severity...
17:21:31 | TargetProcessor      | INFO     |    [i] Баланс классов: {0: 9287, 1: 4109, 2: 1515}
17:21:31 | TargetProcessor      | INFO     | <<< [КОНЕЦ] Кодирование целевой переменной severity. Время: 0.06 сек.
17:21:31 | DtpPipeline          | INFO     | ================================================================================
17:21:31 | DtpPipeline          | INFO     | ===== ЗАПУСК ОБРАБОТКИ ФАЙЛА: leningradskaia-oblast.geojson.zip =====
17:21:31 | DtpPipeline          | INFO     | ================================================================================
17:21:31 | JsonDataLoader       | INFO     | Загрузка: data/need_process\leningradskaia-oblast.geojson.zip
17:21:31 | JsonDataLoader       | INFO     | Чтение из архива: leningradskaia-oblast.geojson
17:21:33 | JsonDataLoader       | INFO     | Формат: GeoJSON.
17:21:34 | JsonDataLoader       | INFO     | Загружено строк: 26465. Колонок: 24
17:21:34 | CleaningProcessor    | INFO     | --- Запуск очистки данных ---
17:21:34 | CleaningProcessor    | INFO     | Удален технический мусор: ['id', 'coordinates', 'address']
17:21:34 | CleaningProcessor    | INFO     | Удалены поля с утечкой данных (Leakage): ['dead_count', 'injured_count', 'participants_count']
17:21:34 | TemporalProcessor    | INFO     | >>> [НАЧАЛО] Обработка времени и освещения...
17:21:34 | TemporalProcessor    | INFO     |    [i] Циклы времени созданы.
17:21:34 | TemporalProcessor    | INFO     |    [i] Свет обработан.
17:21:34 | TemporalProcessor    | INFO     |    [-] Колонка 'datetime' удалена.
17:21:34 | TemporalProcessor    | INFO     | <<< [КОНЕЦ] Обработка времени и освещения. Время: 0.19 сек.
17:21:34 | TagsProcessor        | INFO     | >>> [НАЧАЛО] Обработка объектов окружения (nearby)...
17:21:35 | TagsProcessor        | INFO     |    [i] Строк с тегами 'other': 3.00% (795/26465)
17:21:35 | TagsProcessor        | WARNING  | Примеры тегов, попавших в 'other': ['производственное_предприятие', 'место_для_перегона_скота', 'объект_строительства', 'автостоянка_не_отделенная_от_проезжей_части', 'объект_здание_сооружение_религиозного_культа', 'зоны_отдыха', 'автостоянка_отделенная_от_проезжей_части', 'иной_объект', 'кладбище']
17:21:35 | TagsProcessor        | INFO     | <<< [КОНЕЦ] Обработка объектов окружения (nearby). Время: 0.34 сек.
17:21:35 | SpatialProcessor     | INFO     | >>> [НАЧАЛО] Обработка географических признаков...
17:21:35 | SpatialProcessor     | INFO     |    [i] Координаты обработаны.
17:21:35 | SpatialProcessor     | INFO     |    [i] Регионы (дочерный и родительский) обработаны.
17:21:35 | SpatialProcessor     | INFO     |    [i] Схемы обработаны (fillna + split).
17:21:35 | SpatialProcessor     | INFO     | <<< [КОНЕЦ] Обработка географических признаков. Время: 0.28 сек.
17:21:35 | CategoryProcessor    | INFO     | >>> [НАЧАЛО] Обработка категории дтп...
17:21:35 | CategoryProcessor    | WARNING  | Колонка 'category': 1 новых значений вне Whitelist → заменены на 'иной_вид_дтп'. Примеры: [наезд_на_гужевой_транспорт]. Затронуто 2 строк (0.01%).
17:21:35 | CategoryProcessor    | INFO     |    [i] Топ-3 категории: {'столкновение': 11238, 'наезд_на_пешехода': 6258, 'съезд_с_дороги': 2854}
17:21:35 | CategoryProcessor    | INFO     | <<< [КОНЕЦ] Обработка категории дтп. Время: 0.14 сек.
17:21:35 | ConditionsProcessor  | INFO     | >>> [НАЧАЛО] Обработка списков погоды и дорожных условий...
17:21:35 | ConditionsProcessor  | INFO     |    [i] Погода обработана.
17:21:35 | ConditionsProcessor  | WARNING  | Колонка 'road_conditions': 2 неизвестных тегов → 'road_other'. Примеры: [неудовлетворительное_состояние_разделительной_полосы, отсутствие_направляющих_устройств_и_световозвращающих_элементов_на_них]. Затронуто 34 строк (0.13%).
17:21:36 | ConditionsProcessor  | INFO     |    [i] Дорожные условия обработаны.
17:21:36 | ConditionsProcessor  | INFO     | <<< [КОНЕЦ] Обработка списков погоды и дорожных условий. Время: 0.57 сек.
17:21:36 | VehicleProcessor     | INFO     | >>> [НАЧАЛО] Обработка автомобилей (Счетчики, Возраст, Взаимодействие)...
17:21:37 | VehicleProcessor     | INFO     | <<< [КОНЕЦ] Обработка автомобилей (Счетчики, Возраст, Взаимодействие). Время: 1.62 сек.
17:21:37 | ParticipantProcessor | INFO     | >>> [НАЧАЛО] Обработка участников (Режим нарушений: post_event)...
17:21:39 | ParticipantProcessor | INFO     | <<< [КОНЕЦ] Обработка участников (Режим нарушений: post_event). Время: 1.68 сек.
17:21:39 | TargetProcessor      | INFO     | >>> [НАЧАЛО] Кодирование целевой переменной severity...
17:21:39 | TargetProcessor      | INFO     |    [i] Баланс классов: {0: 13003, 1: 9878, 2: 3584}
17:21:39 | TargetProcessor      | INFO     | <<< [КОНЕЦ] Кодирование целевой переменной severity. Время: 0.10 сек.
17:21:39 | DtpPipeline          | INFO     | ================================================================================
17:21:39 | DtpPipeline          | INFO     | ===== ЗАПУСК ОБРАБОТКИ ФАЙЛА: lipetskaia-oblast.geojson.zip =====
17:21:39 | DtpPipeline          | INFO     | ================================================================================
17:21:39 | JsonDataLoader       | INFO     | Загрузка: data/need_process\lipetskaia-oblast.geojson.zip
17:21:39 | JsonDataLoader       | INFO     | Чтение из архива: lipetskaia-oblast.geojson
17:21:40 | JsonDataLoader       | INFO     | Формат: GeoJSON.
17:21:40 | JsonDataLoader       | INFO     | Загружено строк: 14590. Колонок: 24
17:21:40 | CleaningProcessor    | INFO     | --- Запуск очистки данных ---
17:21:40 | CleaningProcessor    | INFO     | Удален технический мусор: ['id', 'coordinates', 'address']
17:21:40 | CleaningProcessor    | INFO     | Удалены поля с утечкой данных (Leakage): ['dead_count', 'injured_count', 'participants_count']
17:21:40 | TemporalProcessor    | INFO     | >>> [НАЧАЛО] Обработка времени и освещения...
17:21:40 | TemporalProcessor    | INFO     |    [i] Циклы времени созданы.
17:21:40 | TemporalProcessor    | INFO     |    [i] Свет обработан.
17:21:40 | TemporalProcessor    | INFO     |    [-] Колонка 'datetime' удалена.
17:21:40 | TemporalProcessor    | INFO     | <<< [КОНЕЦ] Обработка времени и освещения. Время: 0.11 сек.
17:21:40 | TagsProcessor        | INFO     | >>> [НАЧАЛО] Обработка объектов окружения (nearby)...
17:21:41 | TagsProcessor        | INFO     |    [i] Строк с тегами 'other': 6.74% (984/14590)
17:21:41 | TagsProcessor        | WARNING  | Примеры тегов, попавших в 'other': ['производственное_предприятие', 'объект_строительства', 'автостоянка_не_отделенная_от_проезжей_части', 'объект_здание_сооружение_религиозного_культа', 'зоны_отдыха', 'автостоянка_отделенная_от_проезжей_части', 'иной_объект', 'кладбище']
17:21:41 | TagsProcessor        | INFO     | <<< [КОНЕЦ] Обработка объектов окружения (nearby). Время: 0.29 сек.
17:21:41 | SpatialProcessor     | INFO     | >>> [НАЧАЛО] Обработка географических признаков...
17:21:41 | SpatialProcessor     | INFO     |    [i] Координаты обработаны.
17:21:41 | SpatialProcessor     | INFO     |    [i] Регионы (дочерный и родительский) обработаны.
17:21:41 | SpatialProcessor     | INFO     |    [i] Схемы обработаны (fillna + split).
17:21:41 | SpatialProcessor     | INFO     | <<< [КОНЕЦ] Обработка географических признаков. Время: 0.17 сек.
17:21:41 | CategoryProcessor    | INFO     | >>> [НАЧАЛО] Обработка категории дтп...
17:21:41 | CategoryProcessor    | WARNING  | Колонка 'category': 2 новых значений вне Whitelist → заменены на 'иной_вид_дтп'. Примеры: [наезд_на_гужевой_транспорт, возгорание_вследствие_технической_неисправности_движущегося_или_остановившегося_тс_участвующего_в_дорожном_движении]. Затронуто 4 строк (0.03%).
17:21:41 | CategoryProcessor    | INFO     |    [i] Топ-3 категории: {'столкновение': 6068, 'наезд_на_пешехода': 3936, 'съезд_с_дороги': 1054}
17:21:41 | CategoryProcessor    | INFO     | <<< [КОНЕЦ] Обработка категории дтп. Время: 0.07 сек.
17:21:41 | ConditionsProcessor  | INFO     | >>> [НАЧАЛО] Обработка списков погоды и дорожных условий...
17:21:41 | ConditionsProcessor  | INFO     |    [i] Погода обработана.
17:21:41 | ConditionsProcessor  | WARNING  | Колонка 'road_conditions': 1 неизвестных тегов → 'road_other'. Примеры: [неудовлетворительное_состояние_разделительной_полосы]. Затронуто 2 строк (0.01%).
17:21:41 | ConditionsProcessor  | INFO     |    [i] Дорожные условия обработаны.
17:21:41 | ConditionsProcessor  | INFO     | <<< [КОНЕЦ] Обработка списков погоды и дорожных условий. Время: 0.31 сек.
17:21:41 | VehicleProcessor     | INFO     | >>> [НАЧАЛО] Обработка автомобилей (Счетчики, Возраст, Взаимодействие)...
17:21:42 | VehicleProcessor     | INFO     | <<< [КОНЕЦ] Обработка автомобилей (Счетчики, Возраст, Взаимодействие). Время: 0.87 сек.
17:21:42 | ParticipantProcessor | INFO     | >>> [НАЧАЛО] Обработка участников (Режим нарушений: post_event)...
17:21:43 | ParticipantProcessor | INFO     | <<< [КОНЕЦ] Обработка участников (Режим нарушений: post_event). Время: 0.94 сек.
17:21:43 | TargetProcessor      | INFO     | >>> [НАЧАЛО] Кодирование целевой переменной severity...
17:21:43 | TargetProcessor      | INFO     |    [i] Баланс классов: {0: 6767, 1: 6150, 2: 1673}
17:21:43 | TargetProcessor      | INFO     | <<< [КОНЕЦ] Кодирование целевой переменной severity. Время: 0.06 сек.
17:21:43 | DtpPipeline          | INFO     | ================================================================================
17:21:43 | DtpPipeline          | INFO     | ===== ЗАПУСК ОБРАБОТКИ ФАЙЛА: magadanskaia-oblast.geojson.zip =====
17:21:43 | DtpPipeline          | INFO     | ================================================================================
17:21:43 | JsonDataLoader       | INFO     | Загрузка: data/need_process\magadanskaia-oblast.geojson.zip
17:21:43 | JsonDataLoader       | INFO     | Чтение из архива: magadanskaia-oblast.geojson
17:21:43 | JsonDataLoader       | INFO     | Формат: GeoJSON.
17:21:43 | JsonDataLoader       | INFO     | Загружено строк: 2323. Колонок: 24
17:21:43 | CleaningProcessor    | INFO     | --- Запуск очистки данных ---
17:21:43 | CleaningProcessor    | INFO     | Удален технический мусор: ['id', 'coordinates', 'address']
17:21:43 | CleaningProcessor    | INFO     | Удалены поля с утечкой данных (Leakage): ['dead_count', 'injured_count', 'participants_count']
17:21:43 | TemporalProcessor    | INFO     | >>> [НАЧАЛО] Обработка времени и освещения...
17:21:43 | TemporalProcessor    | INFO     |    [i] Циклы времени созданы.
17:21:43 | TemporalProcessor    | INFO     |    [i] Свет обработан.
17:21:43 | TemporalProcessor    | INFO     |    [-] Колонка 'datetime' удалена.
17:21:43 | TemporalProcessor    | INFO     | <<< [КОНЕЦ] Обработка времени и освещения. Время: 0.03 сек.
17:21:43 | TagsProcessor        | INFO     | >>> [НАЧАЛО] Обработка объектов окружения (nearby)...
17:21:43 | TagsProcessor        | INFO     |    [i] Строк с тегами 'other': 19.24% (447/2323)
17:21:43 | TagsProcessor        | WARNING  | Примеры тегов, попавших в 'other': ['производственное_предприятие', 'объект_строительства', 'автостоянка_не_отделенная_от_проезжей_части', 'объект_здание_сооружение_религиозного_культа', 'зоны_отдыха', 'автостоянка_отделенная_от_проезжей_части', 'иной_объект', 'кладбище']
17:21:43 | TagsProcessor        | INFO     | <<< [КОНЕЦ] Обработка объектов окружения (nearby). Время: 0.07 сек.
17:21:43 | SpatialProcessor     | INFO     | >>> [НАЧАЛО] Обработка географических признаков...
17:21:43 | SpatialProcessor     | INFO     |    [i] Координаты обработаны.
17:21:43 | SpatialProcessor     | INFO     |    [i] Регионы (дочерный и родительский) обработаны.
17:21:43 | SpatialProcessor     | INFO     |    [i] Схемы обработаны (fillna + split).
17:21:43 | SpatialProcessor     | INFO     | <<< [КОНЕЦ] Обработка географических признаков. Время: 0.03 сек.
17:21:43 | CategoryProcessor    | INFO     | >>> [НАЧАЛО] Обработка категории дтп...
17:21:43 | CategoryProcessor    | INFO     |    [i] Топ-3 категории: {'столкновение': 772, 'наезд_на_пешехода': 485, 'съезд_с_дороги': 467}
17:21:43 | CategoryProcessor    | INFO     | <<< [КОНЕЦ] Обработка категории дтп. Время: 0.01 сек.
17:21:43 | ConditionsProcessor  | INFO     | >>> [НАЧАЛО] Обработка списков погоды и дорожных условий...
17:21:44 | ConditionsProcessor  | INFO     |    [i] Погода обработана.
17:21:44 | ConditionsProcessor  | INFO     |    [i] Дорожные условия обработаны.
17:21:44 | ConditionsProcessor  | INFO     | <<< [КОНЕЦ] Обработка списков погоды и дорожных условий. Время: 0.05 сек.
17:21:44 | VehicleProcessor     | INFO     | >>> [НАЧАЛО] Обработка автомобилей (Счетчики, Возраст, Взаимодействие)...
17:21:44 | VehicleProcessor     | INFO     | <<< [КОНЕЦ] Обработка автомобилей (Счетчики, Возраст, Взаимодействие). Время: 0.14 сек.
17:21:44 | ParticipantProcessor | INFO     | >>> [НАЧАЛО] Обработка участников (Режим нарушений: post_event)...
17:21:44 | ParticipantProcessor | INFO     | <<< [КОНЕЦ] Обработка участников (Режим нарушений: post_event). Время: 0.19 сек.
17:21:44 | TargetProcessor      | INFO     | >>> [НАЧАЛО] Кодирование целевой переменной severity...
17:21:44 | TargetProcessor      | INFO     |    [i] Баланс классов: {0: 1395, 1: 694, 2: 234}
17:21:44 | TargetProcessor      | INFO     | <<< [КОНЕЦ] Кодирование целевой переменной severity. Время: 0.01 сек.
17:21:44 | DtpPipeline          | INFO     | ================================================================================
17:21:44 | DtpPipeline          | INFO     | ===== ЗАПУСК ОБРАБОТКИ ФАЙЛА: moskovskaia-oblast.geojson.zip =====
17:21:44 | DtpPipeline          | INFO     | ================================================================================
17:21:44 | JsonDataLoader       | INFO     | Загрузка: data/need_process\moskovskaia-oblast.geojson.zip
17:21:44 | JsonDataLoader       | INFO     | Чтение из архива: moskovskaia-oblast.geojson
17:21:48 | JsonDataLoader       | INFO     | Формат: GeoJSON.
17:21:49 | JsonDataLoader       | INFO     | Загружено строк: 56155. Колонок: 24
17:21:49 | CleaningProcessor    | INFO     | --- Запуск очистки данных ---
17:21:49 | CleaningProcessor    | INFO     | Удален технический мусор: ['id', 'coordinates', 'address']
17:21:49 | CleaningProcessor    | INFO     | Удалены поля с утечкой данных (Leakage): ['dead_count', 'injured_count', 'participants_count']
17:21:49 | TemporalProcessor    | INFO     | >>> [НАЧАЛО] Обработка времени и освещения...
17:21:50 | TemporalProcessor    | INFO     |    [i] Циклы времени созданы.
17:21:50 | TemporalProcessor    | INFO     |    [i] Свет обработан.
17:21:50 | TemporalProcessor    | INFO     |    [-] Колонка 'datetime' удалена.
17:21:50 | TemporalProcessor    | INFO     | <<< [КОНЕЦ] Обработка времени и освещения. Время: 0.41 сек.
17:21:50 | TagsProcessor        | INFO     | >>> [НАЧАЛО] Обработка объектов окружения (nearby)...
17:21:51 | TagsProcessor        | INFO     |    [i] Строк с тегами 'other': 10.09% (5667/56155)
17:21:51 | TagsProcessor        | WARNING  | Примеры тегов, попавших в 'other': ['производственное_предприятие', 'место_для_перегона_скота', 'объект_строительства', 'автостоянка_не_отделенная_от_проезжей_части', 'объект_здание_сооружение_религиозного_культа', 'зоны_отдыха', 'автостоянка_отделенная_от_проезжей_части', 'иной_объект', 'кладбище']
17:21:51 | TagsProcessor        | INFO     | <<< [КОНЕЦ] Обработка объектов окружения (nearby). Время: 1.14 сек.
17:21:51 | SpatialProcessor     | INFO     | >>> [НАЧАЛО] Обработка географических признаков...
17:21:51 | SpatialProcessor     | INFO     |    [i] Координаты обработаны.
17:21:52 | SpatialProcessor     | INFO     |    [i] Регионы (дочерный и родительский) обработаны.
17:21:52 | SpatialProcessor     | INFO     |    [i] Схемы обработаны (fillna + split).
17:21:52 | SpatialProcessor     | INFO     | <<< [КОНЕЦ] Обработка географических признаков. Время: 0.56 сек.
17:21:52 | CategoryProcessor    | INFO     | >>> [НАЧАЛО] Обработка категории дтп...
17:21:52 | CategoryProcessor    | INFO     |    [i] Топ-3 категории: {'столкновение': 25659, 'наезд_на_пешехода': 17513, 'наезд_на_препятствие': 4197}
17:21:52 | CategoryProcessor    | INFO     | <<< [КОНЕЦ] Обработка категории дтп. Время: 0.29 сек.
17:21:52 | ConditionsProcessor  | INFO     | >>> [НАЧАЛО] Обработка списков погоды и дорожных условий...
17:21:52 | ConditionsProcessor  | INFO     |    [i] Погода обработана.
17:21:53 | ConditionsProcessor  | WARNING  | Колонка 'road_conditions': 2 неизвестных тегов → 'road_other'. Примеры: [неудовлетворительное_состояние_разделительной_полосы, отсутствие_направляющих_устройств_и_световозвращающих_элементов_на_них]. Затронуто 104 строк (0.19%).
17:21:53 | ConditionsProcessor  | INFO     |    [i] Дорожные условия обработаны.
17:21:53 | ConditionsProcessor  | INFO     | <<< [КОНЕЦ] Обработка списков погоды и дорожных условий. Время: 1.24 сек.
17:21:53 | VehicleProcessor     | INFO     | >>> [НАЧАЛО] Обработка автомобилей (Счетчики, Возраст, Взаимодействие)...
17:21:57 | VehicleProcessor     | INFO     | <<< [КОНЕЦ] Обработка автомобилей (Счетчики, Возраст, Взаимодействие). Время: 3.59 сек.
17:21:57 | ParticipantProcessor | INFO     | >>> [НАЧАЛО] Обработка участников (Режим нарушений: post_event)...
17:22:00 | ParticipantProcessor | INFO     | <<< [КОНЕЦ] Обработка участников (Режим нарушений: post_event). Время: 3.63 сек.
17:22:01 | TargetProcessor      | INFO     | >>> [НАЧАЛО] Кодирование целевой переменной severity...
17:22:01 | TargetProcessor      | INFO     |    [i] Баланс классов: {0: 20589, 1: 27268, 2: 8298}
17:22:01 | TargetProcessor      | INFO     | <<< [КОНЕЦ] Кодирование целевой переменной severity. Время: 0.23 сек.
17:22:01 | DtpPipeline          | INFO     | ================================================================================
17:22:01 | DtpPipeline          | INFO     | ===== ЗАПУСК ОБРАБОТКИ ФАЙЛА: moskva.geojson.zip =====
17:22:01 | DtpPipeline          | INFO     | ================================================================================
17:22:01 | JsonDataLoader       | INFO     | Загрузка: data/need_process\moskva.geojson.zip
17:22:01 | JsonDataLoader       | INFO     | Чтение из архива: moskva.geojson
17:22:06 | JsonDataLoader       | INFO     | Формат: GeoJSON.
17:22:09 | JsonDataLoader       | INFO     | Загружено строк: 91749. Колонок: 24
17:22:09 | CleaningProcessor    | INFO     | --- Запуск очистки данных ---
17:22:09 | CleaningProcessor    | INFO     | Удален технический мусор: ['id', 'coordinates', 'address']
17:22:09 | CleaningProcessor    | INFO     | Удалены поля с утечкой данных (Leakage): ['dead_count', 'injured_count', 'participants_count']
17:22:09 | TemporalProcessor    | INFO     | >>> [НАЧАЛО] Обработка времени и освещения...
17:22:09 | TemporalProcessor    | INFO     |    [i] Циклы времени созданы.
17:22:10 | TemporalProcessor    | INFO     |    [i] Свет обработан.
17:22:10 | TemporalProcessor    | INFO     |    [-] Колонка 'datetime' удалена.
17:22:10 | TemporalProcessor    | INFO     | <<< [КОНЕЦ] Обработка времени и освещения. Время: 0.65 сек.
17:22:10 | TagsProcessor        | INFO     | >>> [НАЧАЛО] Обработка объектов окружения (nearby)...
17:22:13 | TagsProcessor        | INFO     |    [i] Строк с тегами 'other': 14.55% (13349/91749)
17:22:13 | TagsProcessor        | WARNING  | Примеры тегов, попавших в 'other': ['производственное_предприятие', 'объект_строительства', 'автостоянка_не_отделенная_от_проезжей_части', 'объект_здание_сооружение_религиозного_культа', 'зоны_отдыха', 'автостоянка_отделенная_от_проезжей_части', 'иной_объект', 'кладбище', 'стихийно_возникшая_не_предусмотренная_ледовая_переправа', 'ледовая_переправа_официально_открытая_и_оборудованная']
17:22:13 | TagsProcessor        | INFO     | <<< [КОНЕЦ] Обработка объектов окружения (nearby). Время: 2.85 сек.
17:22:13 | SpatialProcessor     | INFO     | >>> [НАЧАЛО] Обработка географических признаков...
17:22:13 | SpatialProcessor     | INFO     |    [i] Координаты обработаны.
17:22:13 | SpatialProcessor     | INFO     |    [i] Регионы (дочерный и родительский) обработаны.
17:22:14 | SpatialProcessor     | INFO     |    [i] Схемы обработаны (fillna + split).
17:22:14 | SpatialProcessor     | INFO     | <<< [КОНЕЦ] Обработка географических признаков. Время: 0.89 сек.
17:22:14 | CategoryProcessor    | INFO     | >>> [НАЧАЛО] Обработка категории дтп...
17:22:14 | CategoryProcessor    | WARNING  | Колонка 'category': 2 новых значений вне Whitelist → заменены на 'иной_вид_дтп'. Примеры: [наезд_на_гужевой_транспорт, возгорание_вследствие_технической_неисправности_движущегося_или_остановившегося_тс_участвующего_в_дорожном_движении]. Затронуто 7 строк (0.01%).
17:22:14 | CategoryProcessor    | INFO     |    [i] Топ-3 категории: {'столкновение': 41209, 'наезд_на_пешехода': 31863, 'наезд_на_препятствие': 4976}
17:22:14 | CategoryProcessor    | INFO     | <<< [КОНЕЦ] Обработка категории дтп. Время: 0.51 сек.
17:22:14 | ConditionsProcessor  | INFO     | >>> [НАЧАЛО] Обработка списков погоды и дорожных условий...
17:22:15 | ConditionsProcessor  | INFO     |    [i] Погода обработана.
17:22:15 | ConditionsProcessor  | WARNING  | Колонка 'road_conditions': 2 неизвестных тегов → 'road_other'. Примеры: [неудовлетворительное_состояние_разделительной_полосы, отсутствие_направляющих_устройств_и_световозвращающих_элементов_на_них]. Затронуто 19 строк (0.02%).
17:22:16 | ConditionsProcessor  | INFO     |    [i] Дорожные условия обработаны.
17:22:16 | ConditionsProcessor  | INFO     | <<< [КОНЕЦ] Обработка списков погоды и дорожных условий. Время: 1.92 сек.
17:22:16 | VehicleProcessor     | INFO     | >>> [НАЧАЛО] Обработка автомобилей (Счетчики, Возраст, Взаимодействие)...
17:22:22 | VehicleProcessor     | INFO     | <<< [КОНЕЦ] Обработка автомобилей (Счетчики, Возраст, Взаимодействие). Время: 5.87 сек.
17:22:22 | ParticipantProcessor | INFO     | >>> [НАЧАЛО] Обработка участников (Режим нарушений: post_event)...
17:22:27 | ParticipantProcessor | INFO     | <<< [КОНЕЦ] Обработка участников (Режим нарушений: post_event). Время: 5.46 сек.
17:22:28 | TargetProcessor      | INFO     | >>> [НАЧАЛО] Кодирование целевой переменной severity...
17:22:28 | TargetProcessor      | INFO     |    [i] Баланс классов: {0: 66704, 1: 20945, 2: 4100}
17:22:28 | TargetProcessor      | INFO     | <<< [КОНЕЦ] Кодирование целевой переменной severity. Время: 0.37 сек.
17:22:28 | DtpPipeline          | INFO     | ================================================================================
17:22:28 | DtpPipeline          | INFO     | ===== ЗАПУСК ОБРАБОТКИ ФАЙЛА: murmanskaia-oblast.geojson.zip =====
17:22:28 | DtpPipeline          | INFO     | ================================================================================
17:22:28 | JsonDataLoader       | INFO     | Загрузка: data/need_process\murmanskaia-oblast.geojson.zip
17:22:28 | JsonDataLoader       | INFO     | Чтение из архива: murmanskaia-oblast.geojson
17:22:28 | JsonDataLoader       | INFO     | Формат: GeoJSON.
17:22:28 | JsonDataLoader       | INFO     | Загружено строк: 7975. Колонок: 24
17:22:28 | CleaningProcessor    | INFO     | --- Запуск очистки данных ---
17:22:28 | CleaningProcessor    | INFO     | Удален технический мусор: ['id', 'coordinates', 'address']
17:22:28 | CleaningProcessor    | INFO     | Удалены поля с утечкой данных (Leakage): ['dead_count', 'injured_count', 'participants_count']
17:22:28 | TemporalProcessor    | INFO     | >>> [НАЧАЛО] Обработка времени и освещения...
17:22:28 | TemporalProcessor    | INFO     |    [i] Циклы времени созданы.
17:22:29 | TemporalProcessor    | INFO     |    [i] Свет обработан.
17:22:29 | TemporalProcessor    | INFO     |    [-] Колонка 'datetime' удалена.
17:22:29 | TemporalProcessor    | INFO     | <<< [КОНЕЦ] Обработка времени и освещения. Время: 0.07 сек.
17:22:29 | TagsProcessor        | INFO     | >>> [НАЧАЛО] Обработка объектов окружения (nearby)...
17:22:29 | TagsProcessor        | INFO     |    [i] Строк с тегами 'other': 6.71% (535/7975)
17:22:29 | TagsProcessor        | WARNING  | Примеры тегов, попавших в 'other': ['производственное_предприятие', 'объект_строительства', 'автостоянка_не_отделенная_от_проезжей_части', 'объект_здание_сооружение_религиозного_культа', 'зоны_отдыха', 'автостоянка_отделенная_от_проезжей_части', 'иной_объект', 'кладбище']
17:22:29 | TagsProcessor        | INFO     | <<< [КОНЕЦ] Обработка объектов окружения (nearby). Время: 0.17 сек.
17:22:29 | SpatialProcessor     | INFO     | >>> [НАЧАЛО] Обработка географических признаков...
17:22:29 | SpatialProcessor     | INFO     |    [i] Координаты обработаны.
17:22:29 | SpatialProcessor     | INFO     |    [i] Регионы (дочерный и родительский) обработаны.
17:22:29 | SpatialProcessor     | INFO     |    [i] Схемы обработаны (fillna + split).
17:22:29 | SpatialProcessor     | INFO     | <<< [КОНЕЦ] Обработка географических признаков. Время: 0.09 сек.
17:22:29 | CategoryProcessor    | INFO     | >>> [НАЧАЛО] Обработка категории дтп...
17:22:29 | CategoryProcessor    | INFO     |    [i] Топ-3 категории: {'столкновение': 3311, 'наезд_на_пешехода': 2178, 'съезд_с_дороги': 881}
17:22:29 | CategoryProcessor    | INFO     | <<< [КОНЕЦ] Обработка категории дтп. Время: 0.04 сек.
17:22:29 | ConditionsProcessor  | INFO     | >>> [НАЧАЛО] Обработка списков погоды и дорожных условий...
17:22:29 | ConditionsProcessor  | INFO     |    [i] Погода обработана.
17:22:29 | ConditionsProcessor  | WARNING  | Колонка 'road_conditions': 2 неизвестных тегов → 'road_other'. Примеры: [неудовлетворительное_состояние_разделительной_полосы, отсутствие_направляющих_устройств_и_световозвращающих_элементов_на_них]. Затронуто 8 строк (0.10%).
17:22:29 | ConditionsProcessor  | INFO     |    [i] Дорожные условия обработаны.
17:22:29 | ConditionsProcessor  | INFO     | <<< [КОНЕЦ] Обработка списков погоды и дорожных условий. Время: 0.18 сек.
17:22:29 | VehicleProcessor     | INFO     | >>> [НАЧАЛО] Обработка автомобилей (Счетчики, Возраст, Взаимодействие)...
17:22:29 | VehicleProcessor     | INFO     | <<< [КОНЕЦ] Обработка автомобилей (Счетчики, Возраст, Взаимодействие). Время: 0.47 сек.
17:22:29 | ParticipantProcessor | INFO     | >>> [НАЧАЛО] Обработка участников (Режим нарушений: post_event)...
17:22:30 | ParticipantProcessor | INFO     | <<< [КОНЕЦ] Обработка участников (Режим нарушений: post_event). Время: 0.53 сек.
17:22:30 | TargetProcessor      | INFO     | >>> [НАЧАЛО] Кодирование целевой переменной severity...
17:22:30 | TargetProcessor      | INFO     |    [i] Баланс классов: {0: 5300, 1: 2178, 2: 497}
17:22:30 | TargetProcessor      | INFO     | <<< [КОНЕЦ] Кодирование целевой переменной severity. Время: 0.04 сек.
17:22:30 | DtpPipeline          | INFO     | ================================================================================
17:22:30 | DtpPipeline          | INFO     | ===== ЗАПУСК ОБРАБОТКИ ФАЙЛА: nenetskii-avtonomnyi-okrug.geojson.zip =====
17:22:30 | DtpPipeline          | INFO     | ================================================================================
17:22:30 | JsonDataLoader       | INFO     | Загрузка: data/need_process\nenetskii-avtonomnyi-okrug.geojson.zip
17:22:30 | JsonDataLoader       | INFO     | Чтение из архива: nenetskii-avtonomnyi-okrug.geojson
17:22:30 | JsonDataLoader       | INFO     | Формат: GeoJSON.
17:22:30 | JsonDataLoader       | INFO     | Загружено строк: 292. Колонок: 24
17:22:30 | CleaningProcessor    | INFO     | --- Запуск очистки данных ---
17:22:30 | CleaningProcessor    | INFO     | Удален технический мусор: ['id', 'coordinates', 'address']
17:22:30 | CleaningProcessor    | INFO     | Удалены поля с утечкой данных (Leakage): ['dead_count', 'injured_count', 'participants_count']
17:22:30 | TemporalProcessor    | INFO     | >>> [НАЧАЛО] Обработка времени и освещения...
17:22:30 | TemporalProcessor    | INFO     |    [i] Циклы времени созданы.
17:22:30 | TemporalProcessor    | INFO     |    [i] Свет обработан.
17:22:30 | TemporalProcessor    | INFO     |    [-] Колонка 'datetime' удалена.
17:22:30 | TemporalProcessor    | INFO     | <<< [КОНЕЦ] Обработка времени и освещения. Время: 0.01 сек.
17:22:30 | TagsProcessor        | INFO     | >>> [НАЧАЛО] Обработка объектов окружения (nearby)...
17:22:30 | TagsProcessor        | INFO     |    [i] Строк с тегами 'other': 6.16% (18/292)
17:22:30 | TagsProcessor        | WARNING  | Примеры тегов, попавших в 'other': ['производственное_предприятие', 'объект_строительства', 'автостоянка_не_отделенная_от_проезжей_части', 'объект_здание_сооружение_религиозного_культа', 'зоны_отдыха', 'автостоянка_отделенная_от_проезжей_части', 'иной_объект']
17:22:30 | TagsProcessor        | INFO     | <<< [КОНЕЦ] Обработка объектов окружения (nearby). Время: 0.01 сек.
17:22:30 | SpatialProcessor     | INFO     | >>> [НАЧАЛО] Обработка географических признаков...
17:22:30 | SpatialProcessor     | INFO     |    [i] Координаты обработаны.
17:22:30 | SpatialProcessor     | INFO     |    [i] Регионы (дочерный и родительский) обработаны.
17:22:30 | SpatialProcessor     | INFO     |    [i] Схемы обработаны (fillna + split).
17:22:30 | SpatialProcessor     | INFO     | <<< [КОНЕЦ] Обработка географических признаков. Время: 0.01 сек.
17:22:30 | CategoryProcessor    | INFO     | >>> [НАЧАЛО] Обработка категории дтп...
17:22:30 | CategoryProcessor    | INFO     |    [i] Топ-3 категории: {'столкновение': 84, 'опрокидывание': 71, 'наезд_на_пешехода': 68}
17:22:30 | CategoryProcessor    | INFO     | <<< [КОНЕЦ] Обработка категории дтп. Время: 0.00 сек.
17:22:30 | ConditionsProcessor  | INFO     | >>> [НАЧАЛО] Обработка списков погоды и дорожных условий...
17:22:30 | ConditionsProcessor  | INFO     |    [i] Погода обработана.
17:22:30 | ConditionsProcessor  | INFO     |    [i] Дорожные условия обработаны.
17:22:30 | ConditionsProcessor  | INFO     | <<< [КОНЕЦ] Обработка списков погоды и дорожных условий. Время: 0.01 сек.
17:22:30 | VehicleProcessor     | INFO     | >>> [НАЧАЛО] Обработка автомобилей (Счетчики, Возраст, Взаимодействие)...
17:22:30 | VehicleProcessor     | INFO     | <<< [КОНЕЦ] Обработка автомобилей (Счетчики, Возраст, Взаимодействие). Время: 0.02 сек.
17:22:30 | ParticipantProcessor | INFO     | >>> [НАЧАЛО] Обработка участников (Режим нарушений: post_event)...
17:22:30 | ParticipantProcessor | INFO     | <<< [КОНЕЦ] Обработка участников (Режим нарушений: post_event). Время: 0.03 сек.
17:22:30 | TargetProcessor      | INFO     | >>> [НАЧАЛО] Кодирование целевой переменной severity...
17:22:30 | TargetProcessor      | INFO     |    [i] Баланс классов: {0: 123, 1: 143, 2: 26}
17:22:30 | TargetProcessor      | INFO     | <<< [КОНЕЦ] Кодирование целевой переменной severity. Время: 0.01 сек.
17:22:30 | DtpPipeline          | INFO     | ================================================================================
17:22:30 | DtpPipeline          | INFO     | ===== ЗАПУСК ОБРАБОТКИ ФАЙЛА: novgorodskaia-oblast.geojson.zip =====
17:22:30 | DtpPipeline          | INFO     | ================================================================================
17:22:30 | JsonDataLoader       | INFO     | Загрузка: data/need_process\novgorodskaia-oblast.geojson.zip
17:22:30 | JsonDataLoader       | INFO     | Чтение из архива: novgorodskaia-oblast.geojson
17:22:31 | JsonDataLoader       | INFO     | Формат: GeoJSON.
17:22:31 | JsonDataLoader       | INFO     | Загружено строк: 10307. Колонок: 24
17:22:31 | CleaningProcessor    | INFO     | --- Запуск очистки данных ---
17:22:31 | CleaningProcessor    | INFO     | Удален технический мусор: ['id', 'coordinates', 'address']
17:22:31 | CleaningProcessor    | INFO     | Удалены поля с утечкой данных (Leakage): ['dead_count', 'injured_count', 'participants_count']
17:22:31 | TemporalProcessor    | INFO     | >>> [НАЧАЛО] Обработка времени и освещения...
17:22:31 | TemporalProcessor    | INFO     |    [i] Циклы времени созданы.
17:22:31 | TemporalProcessor    | INFO     |    [i] Свет обработан.
17:22:31 | TemporalProcessor    | INFO     |    [-] Колонка 'datetime' удалена.
17:22:31 | TemporalProcessor    | INFO     | <<< [КОНЕЦ] Обработка времени и освещения. Время: 0.08 сек.
17:22:31 | TagsProcessor        | INFO     | >>> [НАЧАЛО] Обработка объектов окружения (nearby)...
17:22:32 | TagsProcessor        | INFO     |    [i] Строк с тегами 'other': 11.69% (1205/10307)
17:22:32 | TagsProcessor        | WARNING  | Примеры тегов, попавших в 'other': ['производственное_предприятие', 'объект_строительства', 'автостоянка_не_отделенная_от_проезжей_части', 'объект_здание_сооружение_религиозного_культа', 'зоны_отдыха', 'автостоянка_отделенная_от_проезжей_части', 'иной_объект', 'кладбище', 'стихийно_возникшая_не_предусмотренная_ледовая_переправа']
17:22:32 | TagsProcessor        | INFO     | <<< [КОНЕЦ] Обработка объектов окружения (nearby). Время: 0.28 сек.
17:22:32 | SpatialProcessor     | INFO     | >>> [НАЧАЛО] Обработка географических признаков...
17:22:32 | SpatialProcessor     | INFO     |    [i] Координаты обработаны.
17:22:32 | SpatialProcessor     | INFO     |    [i] Регионы (дочерный и родительский) обработаны.
17:22:32 | SpatialProcessor     | INFO     |    [i] Схемы обработаны (fillna + split).
17:22:32 | SpatialProcessor     | INFO     | <<< [КОНЕЦ] Обработка географических признаков. Время: 0.13 сек.
17:22:32 | CategoryProcessor    | INFO     | >>> [НАЧАЛО] Обработка категории дтп...
17:22:32 | CategoryProcessor    | INFO     |    [i] Топ-3 категории: {'столкновение': 3899, 'наезд_на_пешехода': 2423, 'съезд_с_дороги': 1045}
17:22:32 | CategoryProcessor    | INFO     | <<< [КОНЕЦ] Обработка категории дтп. Время: 0.05 сек.
17:22:32 | ConditionsProcessor  | INFO     | >>> [НАЧАЛО] Обработка списков погоды и дорожных условий...
17:22:32 | ConditionsProcessor  | INFO     |    [i] Погода обработана.
17:22:32 | ConditionsProcessor  | WARNING  | Колонка 'road_conditions': 2 неизвестных тегов → 'road_other'. Примеры: [неудовлетворительное_состояние_разделительной_полосы, отсутствие_направляющих_устройств_и_световозвращающих_элементов_на_них]. Затронуто 12 строк (0.12%).
17:22:32 | ConditionsProcessor  | INFO     |    [i] Дорожные условия обработаны.
17:22:32 | ConditionsProcessor  | INFO     | <<< [КОНЕЦ] Обработка списков погоды и дорожных условий. Время: 0.26 сек.
17:22:32 | VehicleProcessor     | INFO     | >>> [НАЧАЛО] Обработка автомобилей (Счетчики, Возраст, Взаимодействие)...
17:22:33 | VehicleProcessor     | INFO     | <<< [КОНЕЦ] Обработка автомобилей (Счетчики, Возраст, Взаимодействие). Время: 0.62 сек.
17:22:33 | ParticipantProcessor | INFO     | >>> [НАЧАЛО] Обработка участников (Режим нарушений: post_event)...
17:22:33 | ParticipantProcessor | INFO     | <<< [КОНЕЦ] Обработка участников (Режим нарушений: post_event). Время: 0.70 сек.
17:22:33 | TargetProcessor      | INFO     | >>> [НАЧАЛО] Кодирование целевой переменной severity...
17:22:34 | TargetProcessor      | INFO     |    [i] Баланс классов: {0: 6360, 1: 2993, 2: 954}
17:22:34 | TargetProcessor      | INFO     | <<< [КОНЕЦ] Кодирование целевой переменной severity. Время: 0.04 сек.
17:22:34 | DtpPipeline          | INFO     | ================================================================================
17:22:34 | DtpPipeline          | INFO     | ===== ЗАПУСК ОБРАБОТКИ ФАЙЛА: novosibirskaia-oblast.geojson.zip =====
17:22:34 | DtpPipeline          | INFO     | ================================================================================
17:22:34 | JsonDataLoader       | INFO     | Загрузка: data/need_process\novosibirskaia-oblast.geojson.zip
17:22:34 | JsonDataLoader       | INFO     | Чтение из архива: novosibirskaia-oblast.geojson
17:22:36 | JsonDataLoader       | INFO     | Формат: GeoJSON.
17:22:37 | JsonDataLoader       | INFO     | Загружено строк: 25812. Колонок: 24
17:22:37 | CleaningProcessor    | INFO     | --- Запуск очистки данных ---
17:22:37 | CleaningProcessor    | INFO     | Удален технический мусор: ['id', 'coordinates', 'address']
17:22:37 | CleaningProcessor    | INFO     | Удалены поля с утечкой данных (Leakage): ['dead_count', 'injured_count', 'participants_count']
17:22:37 | TemporalProcessor    | INFO     | >>> [НАЧАЛО] Обработка времени и освещения...
17:22:37 | TemporalProcessor    | INFO     |    [i] Циклы времени созданы.
17:22:37 | TemporalProcessor    | INFO     |    [i] Свет обработан.
17:22:37 | TemporalProcessor    | INFO     |    [-] Колонка 'datetime' удалена.
17:22:37 | TemporalProcessor    | INFO     | <<< [КОНЕЦ] Обработка времени и освещения. Время: 0.19 сек.
17:22:37 | TagsProcessor        | INFO     | >>> [НАЧАЛО] Обработка объектов окружения (nearby)...
17:22:38 | TagsProcessor        | INFO     |    [i] Строк с тегами 'other': 9.51% (2456/25812)
17:22:38 | TagsProcessor        | WARNING  | Примеры тегов, попавших в 'other': ['производственное_предприятие', 'объект_строительства', 'автостоянка_не_отделенная_от_проезжей_части', 'объект_здание_сооружение_религиозного_культа', 'зоны_отдыха', 'автостоянка_отделенная_от_проезжей_части', 'иной_объект', 'кладбище', 'стихийно_возникшая_не_предусмотренная_ледовая_переправа']
17:22:38 | TagsProcessor        | INFO     | <<< [КОНЕЦ] Обработка объектов окружения (nearby). Время: 0.76 сек.
17:22:38 | SpatialProcessor     | INFO     | >>> [НАЧАЛО] Обработка географических признаков...
17:22:38 | SpatialProcessor     | INFO     |    [i] Координаты обработаны.
17:22:38 | SpatialProcessor     | INFO     |    [i] Регионы (дочерный и родительский) обработаны.
17:22:38 | SpatialProcessor     | INFO     |    [i] Схемы обработаны (fillna + split).
17:22:38 | SpatialProcessor     | INFO     | <<< [КОНЕЦ] Обработка географических признаков. Время: 0.29 сек.
17:22:38 | CategoryProcessor    | INFO     | >>> [НАЧАЛО] Обработка категории дтп...
17:22:38 | CategoryProcessor    | WARNING  | Колонка 'category': 1 новых значений вне Whitelist → заменены на 'иной_вид_дтп'. Примеры: [наезд_на_гужевой_транспорт]. Затронуто 10 строк (0.04%).
17:22:38 | CategoryProcessor    | INFO     |    [i] Топ-3 категории: {'столкновение': 10798, 'наезд_на_пешехода': 9356, 'наезд_на_препятствие': 1246}
17:22:38 | CategoryProcessor    | INFO     | <<< [КОНЕЦ] Обработка категории дтп. Время: 0.16 сек.
17:22:38 | ConditionsProcessor  | INFO     | >>> [НАЧАЛО] Обработка списков погоды и дорожных условий...
17:22:39 | ConditionsProcessor  | INFO     |    [i] Погода обработана.
17:22:39 | ConditionsProcessor  | WARNING  | Колонка 'road_conditions': 2 неизвестных тегов → 'road_other'. Примеры: [неудовлетворительное_состояние_разделительной_полосы, отсутствие_направляющих_устройств_и_световозвращающих_элементов_на_них]. Затронуто 22 строк (0.09%).
17:22:39 | ConditionsProcessor  | INFO     |    [i] Дорожные условия обработаны.
17:22:39 | ConditionsProcessor  | INFO     | <<< [КОНЕЦ] Обработка списков погоды и дорожных условий. Время: 0.63 сек.
17:22:39 | VehicleProcessor     | INFO     | >>> [НАЧАЛО] Обработка автомобилей (Счетчики, Возраст, Взаимодействие)...
17:22:41 | VehicleProcessor     | INFO     | <<< [КОНЕЦ] Обработка автомобилей (Счетчики, Возраст, Взаимодействие). Время: 1.64 сек.
17:22:41 | ParticipantProcessor | INFO     | >>> [НАЧАЛО] Обработка участников (Режим нарушений: post_event)...
17:22:43 | ParticipantProcessor | INFO     | <<< [КОНЕЦ] Обработка участников (Режим нарушений: post_event). Время: 1.99 сек.
17:22:43 | TargetProcessor      | INFO     | >>> [НАЧАЛО] Кодирование целевой переменной severity...
17:22:43 | TargetProcessor      | INFO     |    [i] Баланс классов: {0: 13858, 1: 9385, 2: 2569}
17:22:43 | TargetProcessor      | INFO     | <<< [КОНЕЦ] Кодирование целевой переменной severity. Время: 0.10 сек.
17:22:43 | DtpPipeline          | INFO     | ================================================================================
17:22:43 | DtpPipeline          | INFO     | ===== ЗАПУСК ОБРАБОТКИ ФАЙЛА: omskaia-oblast.geojson.zip =====
17:22:43 | DtpPipeline          | INFO     | ================================================================================
17:22:43 | JsonDataLoader       | INFO     | Загрузка: data/need_process\omskaia-oblast.geojson.zip
17:22:43 | JsonDataLoader       | INFO     | Чтение из архива: omskaia-oblast.geojson
17:22:45 | JsonDataLoader       | INFO     | Формат: GeoJSON.
17:22:46 | JsonDataLoader       | INFO     | Загружено строк: 28453. Колонок: 24
17:22:46 | CleaningProcessor    | INFO     | --- Запуск очистки данных ---
17:22:46 | CleaningProcessor    | INFO     | Удален технический мусор: ['id', 'coordinates', 'address']
17:22:46 | CleaningProcessor    | INFO     | Удалены поля с утечкой данных (Leakage): ['dead_count', 'injured_count', 'participants_count']
17:22:46 | TemporalProcessor    | INFO     | >>> [НАЧАЛО] Обработка времени и освещения...
17:22:46 | TemporalProcessor    | INFO     |    [i] Циклы времени созданы.
17:22:46 | TemporalProcessor    | INFO     |    [i] Свет обработан.
17:22:46 | TemporalProcessor    | INFO     |    [-] Колонка 'datetime' удалена.
17:22:46 | TemporalProcessor    | INFO     | <<< [КОНЕЦ] Обработка времени и освещения. Время: 0.22 сек.
17:22:46 | TagsProcessor        | INFO     | >>> [НАЧАЛО] Обработка объектов окружения (nearby)...
17:22:47 | TagsProcessor        | INFO     |    [i] Строк с тегами 'other': 10.13% (2883/28453)
17:22:47 | TagsProcessor        | WARNING  | Примеры тегов, попавших в 'other': ['производственное_предприятие', 'место_для_перегона_скота', 'объект_строительства', 'автостоянка_не_отделенная_от_проезжей_части', 'объект_здание_сооружение_религиозного_культа', 'зоны_отдыха', 'автостоянка_отделенная_от_проезжей_части', 'иной_объект', 'кладбище']
17:22:47 | TagsProcessor        | INFO     | <<< [КОНЕЦ] Обработка объектов окружения (nearby). Время: 0.82 сек.
17:22:47 | SpatialProcessor     | INFO     | >>> [НАЧАЛО] Обработка географических признаков...
17:22:47 | SpatialProcessor     | INFO     |    [i] Координаты обработаны.
17:22:47 | SpatialProcessor     | INFO     |    [i] Регионы (дочерный и родительский) обработаны.
17:22:47 | SpatialProcessor     | INFO     |    [i] Схемы обработаны (fillna + split).
17:22:47 | SpatialProcessor     | INFO     | <<< [КОНЕЦ] Обработка географических признаков. Время: 0.29 сек.
17:22:47 | CategoryProcessor    | INFO     | >>> [НАЧАЛО] Обработка категории дтп...
17:22:47 | CategoryProcessor    | WARNING  | Колонка 'category': 2 новых значений вне Whitelist → заменены на 'иной_вид_дтп'. Примеры: [наезд_на_гужевой_транспорт, возгорание_вследствие_технической_неисправности_движущегося_или_остановившегося_тс_участвующего_в_дорожном_движении]. Затронуто 10 строк (0.04%).
17:22:47 | CategoryProcessor    | INFO     |    [i] Топ-3 категории: {'столкновение': 12092, 'наезд_на_пешехода': 8433, 'падение_пассажира': 2372}
17:22:47 | CategoryProcessor    | INFO     | <<< [КОНЕЦ] Обработка категории дтп. Время: 0.16 сек.
17:22:47 | ConditionsProcessor  | INFO     | >>> [НАЧАЛО] Обработка списков погоды и дорожных условий...
17:22:48 | ConditionsProcessor  | INFO     |    [i] Погода обработана.
17:22:48 | ConditionsProcessor  | WARNING  | Колонка 'road_conditions': 2 неизвестных тегов → 'road_other'. Примеры: [неудовлетворительное_состояние_разделительной_полосы, отсутствие_направляющих_устройств_и_световозвращающих_элементов_на_них]. Затронуто 31 строк (0.11%).
17:22:48 | ConditionsProcessor  | INFO     |    [i] Дорожные условия обработаны.
17:22:48 | ConditionsProcessor  | INFO     | <<< [КОНЕЦ] Обработка списков погоды и дорожных условий. Время: 0.75 сек.
17:22:48 | VehicleProcessor     | INFO     | >>> [НАЧАЛО] Обработка автомобилей (Счетчики, Возраст, Взаимодействие)...
17:22:50 | VehicleProcessor     | INFO     | <<< [КОНЕЦ] Обработка автомобилей (Счетчики, Возраст, Взаимодействие). Время: 1.63 сек.
17:22:50 | ParticipantProcessor | INFO     | >>> [НАЧАЛО] Обработка участников (Режим нарушений: post_event)...
17:22:52 | ParticipantProcessor | INFO     | <<< [КОНЕЦ] Обработка участников (Режим нарушений: post_event). Время: 1.80 сек.
17:22:52 | TargetProcessor      | INFO     | >>> [НАЧАЛО] Кодирование целевой переменной severity...
17:22:52 | TargetProcessor      | INFO     |    [i] Баланс классов: {0: 20424, 1: 6376, 2: 1653}
17:22:52 | TargetProcessor      | INFO     | <<< [КОНЕЦ] Кодирование целевой переменной severity. Время: 0.12 сек.
17:22:52 | DtpPipeline          | INFO     | ================================================================================
17:22:52 | DtpPipeline          | INFO     | ===== ЗАПУСК ОБРАБОТКИ ФАЙЛА: orenburgskaia-oblast.geojson.zip =====
17:22:52 | DtpPipeline          | INFO     | ================================================================================
17:22:52 | JsonDataLoader       | INFO     | Загрузка: data/need_process\orenburgskaia-oblast.geojson.zip
17:22:52 | JsonDataLoader       | INFO     | Чтение из архива: orenburgskaia-oblast.geojson
17:22:53 | JsonDataLoader       | INFO     | Формат: GeoJSON.
17:22:53 | JsonDataLoader       | INFO     | Загружено строк: 18969. Колонок: 24
17:22:53 | CleaningProcessor    | INFO     | --- Запуск очистки данных ---
17:22:53 | CleaningProcessor    | INFO     | Удален технический мусор: ['id', 'coordinates', 'address']
17:22:54 | CleaningProcessor    | INFO     | Удалены поля с утечкой данных (Leakage): ['dead_count', 'injured_count', 'participants_count']
17:22:54 | TemporalProcessor    | INFO     | >>> [НАЧАЛО] Обработка времени и освещения...
17:22:54 | TemporalProcessor    | INFO     |    [i] Циклы времени созданы.
17:22:54 | TemporalProcessor    | INFO     |    [i] Свет обработан.
17:22:54 | TemporalProcessor    | INFO     |    [-] Колонка 'datetime' удалена.
17:22:54 | TemporalProcessor    | INFO     | <<< [КОНЕЦ] Обработка времени и освещения. Время: 0.14 сек.
17:22:54 | TagsProcessor        | INFO     | >>> [НАЧАЛО] Обработка объектов окружения (nearby)...
17:22:54 | TagsProcessor        | INFO     |    [i] Строк с тегами 'other': 7.98% (1514/18969)
17:22:54 | TagsProcessor        | WARNING  | Примеры тегов, попавших в 'other': ['производственное_предприятие', 'место_для_перегона_скота', 'объект_строительства', 'автостоянка_не_отделенная_от_проезжей_части', 'объект_здание_сооружение_религиозного_культа', 'зоны_отдыха', 'автостоянка_отделенная_от_проезжей_части', 'кладбище', 'иной_объект', 'ледовая_переправа_официально_открытая_и_оборудованная']
17:22:54 | TagsProcessor        | INFO     | <<< [КОНЕЦ] Обработка объектов окружения (nearby). Время: 0.41 сек.
17:22:54 | SpatialProcessor     | INFO     | >>> [НАЧАЛО] Обработка географических признаков...
17:22:54 | SpatialProcessor     | INFO     |    [i] Координаты обработаны.
17:22:54 | SpatialProcessor     | INFO     |    [i] Регионы (дочерный и родительский) обработаны.
17:22:54 | SpatialProcessor     | INFO     |    [i] Схемы обработаны (fillna + split).
17:22:54 | SpatialProcessor     | INFO     | <<< [КОНЕЦ] Обработка географических признаков. Время: 0.21 сек.
17:22:54 | CategoryProcessor    | INFO     | >>> [НАЧАЛО] Обработка категории дтп...
17:22:54 | CategoryProcessor    | WARNING  | Колонка 'category': 2 новых значений вне Whitelist → заменены на 'иной_вид_дтп'. Примеры: [наезд_на_гужевой_транспорт, возгорание_вследствие_технической_неисправности_движущегося_или_остановившегося_тс_участвующего_в_дорожном_движении]. Затронуто 9 строк (0.05%).
17:22:54 | CategoryProcessor    | INFO     |    [i] Топ-3 категории: {'столкновение': 8197, 'наезд_на_пешехода': 4807, 'опрокидывание': 1713}
17:22:54 | CategoryProcessor    | INFO     | <<< [КОНЕЦ] Обработка категории дтп. Время: 0.11 сек.
17:22:54 | ConditionsProcessor  | INFO     | >>> [НАЧАЛО] Обработка списков погоды и дорожных условий...
17:22:55 | ConditionsProcessor  | INFO     |    [i] Погода обработана.
17:22:55 | ConditionsProcessor  | WARNING  | Колонка 'road_conditions': 2 неизвестных тегов → 'road_other'. Примеры: [неудовлетворительное_состояние_разделительной_полосы, отсутствие_направляющих_устройств_и_световозвращающих_элементов_на_них]. Затронуто 176 строк (0.93%).
17:22:55 | ConditionsProcessor  | INFO     |    [i] Дорожные условия обработаны.
17:22:55 | ConditionsProcessor  | INFO     | <<< [КОНЕЦ] Обработка списков погоды и дорожных условий. Время: 0.51 сек.
17:22:55 | VehicleProcessor     | INFO     | >>> [НАЧАЛО] Обработка автомобилей (Счетчики, Возраст, Взаимодействие)...
17:22:56 | VehicleProcessor     | INFO     | <<< [КОНЕЦ] Обработка автомобилей (Счетчики, Возраст, Взаимодействие). Время: 1.20 сек.
17:22:56 | ParticipantProcessor | INFO     | >>> [НАЧАЛО] Обработка участников (Режим нарушений: post_event)...
17:22:57 | ParticipantProcessor | INFO     | <<< [КОНЕЦ] Обработка участников (Режим нарушений: post_event). Время: 1.34 сек.
17:22:58 | TargetProcessor      | INFO     | >>> [НАЧАЛО] Кодирование целевой переменной severity...
17:22:58 | TargetProcessor      | INFO     |    [i] Баланс классов: {0: 8572, 1: 8199, 2: 2198}
17:22:58 | TargetProcessor      | INFO     | <<< [КОНЕЦ] Кодирование целевой переменной severity. Время: 0.08 сек.
17:22:58 | DtpPipeline          | INFO     | ================================================================================
17:22:58 | DtpPipeline          | INFO     | ===== ЗАПУСК ОБРАБОТКИ ФАЙЛА: orlovskaia-oblast.geojson.zip =====
17:22:58 | DtpPipeline          | INFO     | ================================================================================
17:22:58 | JsonDataLoader       | INFO     | Загрузка: data/need_process\orlovskaia-oblast.geojson.zip
17:22:58 | JsonDataLoader       | INFO     | Чтение из архива: orlovskaia-oblast.geojson
17:22:58 | JsonDataLoader       | INFO     | Формат: GeoJSON.
17:22:59 | JsonDataLoader       | INFO     | Загружено строк: 8383. Колонок: 24
17:22:59 | CleaningProcessor    | INFO     | --- Запуск очистки данных ---
17:22:59 | CleaningProcessor    | INFO     | Удален технический мусор: ['id', 'coordinates', 'address']
17:22:59 | CleaningProcessor    | INFO     | Удалены поля с утечкой данных (Leakage): ['dead_count', 'injured_count', 'participants_count']
17:22:59 | TemporalProcessor    | INFO     | >>> [НАЧАЛО] Обработка времени и освещения...
17:22:59 | TemporalProcessor    | INFO     |    [i] Циклы времени созданы.
17:22:59 | TemporalProcessor    | INFO     |    [i] Свет обработан.
17:22:59 | TemporalProcessor    | INFO     |    [-] Колонка 'datetime' удалена.
17:22:59 | TemporalProcessor    | INFO     | <<< [КОНЕЦ] Обработка времени и освещения. Время: 0.07 сек.
17:22:59 | TagsProcessor        | INFO     | >>> [НАЧАЛО] Обработка объектов окружения (nearby)...
17:22:59 | TagsProcessor        | INFO     |    [i] Строк с тегами 'other': 4.00% (335/8383)
17:22:59 | TagsProcessor        | WARNING  | Примеры тегов, попавших в 'other': ['производственное_предприятие', 'объект_строительства', 'автостоянка_не_отделенная_от_проезжей_части', 'объект_здание_сооружение_религиозного_культа', 'зоны_отдыха', 'автостоянка_отделенная_от_проезжей_части', 'кладбище', 'иной_объект']
17:22:59 | TagsProcessor        | INFO     | <<< [КОНЕЦ] Обработка объектов окружения (nearby). Время: 0.15 сек.
17:22:59 | SpatialProcessor     | INFO     | >>> [НАЧАЛО] Обработка географических признаков...
17:22:59 | SpatialProcessor     | INFO     |    [i] Координаты обработаны.
17:22:59 | SpatialProcessor     | INFO     |    [i] Регионы (дочерный и родительский) обработаны.
17:22:59 | SpatialProcessor     | INFO     |    [i] Схемы обработаны (fillna + split).
17:22:59 | SpatialProcessor     | INFO     | <<< [КОНЕЦ] Обработка географических признаков. Время: 0.10 сек.
17:22:59 | CategoryProcessor    | INFO     | >>> [НАЧАЛО] Обработка категории дтп...
17:22:59 | CategoryProcessor    | WARNING  | Колонка 'category': 1 новых значений вне Whitelist → заменены на 'иной_вид_дтп'. Примеры: [наезд_на_гужевой_транспорт]. Затронуто 5 строк (0.06%).
17:22:59 | CategoryProcessor    | INFO     |    [i] Топ-3 категории: {'столкновение': 3841, 'наезд_на_пешехода': 1966, 'съезд_с_дороги': 642}
17:22:59 | CategoryProcessor    | INFO     | <<< [КОНЕЦ] Обработка категории дтп. Время: 0.04 сек.
17:22:59 | ConditionsProcessor  | INFO     | >>> [НАЧАЛО] Обработка списков погоды и дорожных условий...
17:22:59 | ConditionsProcessor  | INFO     |    [i] Погода обработана.
17:22:59 | ConditionsProcessor  | WARNING  | Колонка 'road_conditions': 1 неизвестных тегов → 'road_other'. Примеры: [отсутствие_направляющих_устройств_и_световозвращающих_элементов_на_них]. Затронуто 36 строк (0.43%).
17:22:59 | ConditionsProcessor  | INFO     |    [i] Дорожные условия обработаны.
17:22:59 | ConditionsProcessor  | INFO     | <<< [КОНЕЦ] Обработка списков погоды и дорожных условий. Время: 0.21 сек.
17:22:59 | VehicleProcessor     | INFO     | >>> [НАЧАЛО] Обработка автомобилей (Счетчики, Возраст, Взаимодействие)...
17:23:00 | VehicleProcessor     | INFO     | <<< [КОНЕЦ] Обработка автомобилей (Счетчики, Возраст, Взаимодействие). Время: 0.51 сек.
17:23:00 | ParticipantProcessor | INFO     | >>> [НАЧАЛО] Обработка участников (Режим нарушений: post_event)...
17:23:00 | ParticipantProcessor | INFO     | <<< [КОНЕЦ] Обработка участников (Режим нарушений: post_event). Время: 0.57 сек.
17:23:00 | TargetProcessor      | INFO     | >>> [НАЧАЛО] Кодирование целевой переменной severity...
17:23:01 | TargetProcessor      | INFO     |    [i] Баланс классов: {0: 5185, 1: 2311, 2: 887}
17:23:01 | TargetProcessor      | INFO     | <<< [КОНЕЦ] Кодирование целевой переменной severity. Время: 0.04 сек.
17:23:01 | DtpPipeline          | INFO     | ================================================================================
17:23:01 | DtpPipeline          | INFO     | ===== ЗАПУСК ОБРАБОТКИ ФАЙЛА: penzenskaia-oblast.geojson.zip =====
17:23:01 | DtpPipeline          | INFO     | ================================================================================
17:23:01 | JsonDataLoader       | INFO     | Загрузка: data/need_process\penzenskaia-oblast.geojson.zip
17:23:01 | JsonDataLoader       | INFO     | Чтение из архива: penzenskaia-oblast.geojson
17:23:02 | JsonDataLoader       | INFO     | Формат: GeoJSON.
17:23:02 | JsonDataLoader       | INFO     | Загружено строк: 18338. Колонок: 24
17:23:02 | CleaningProcessor    | INFO     | --- Запуск очистки данных ---
17:23:02 | CleaningProcessor    | INFO     | Удален технический мусор: ['id', 'coordinates', 'address']
17:23:02 | CleaningProcessor    | INFO     | Удалены поля с утечкой данных (Leakage): ['dead_count', 'injured_count', 'participants_count']
17:23:02 | TemporalProcessor    | INFO     | >>> [НАЧАЛО] Обработка времени и освещения...
17:23:02 | TemporalProcessor    | INFO     |    [i] Циклы времени созданы.
17:23:02 | TemporalProcessor    | INFO     |    [i] Свет обработан.
17:23:02 | TemporalProcessor    | INFO     |    [-] Колонка 'datetime' удалена.
17:23:02 | TemporalProcessor    | INFO     | <<< [КОНЕЦ] Обработка времени и освещения. Время: 0.15 сек.
17:23:02 | TagsProcessor        | INFO     | >>> [НАЧАЛО] Обработка объектов окружения (nearby)...
17:23:03 | TagsProcessor        | INFO     |    [i] Строк с тегами 'other': 18.84% (3454/18338)
17:23:03 | TagsProcessor        | WARNING  | Примеры тегов, попавших в 'other': ['производственное_предприятие', 'объект_строительства', 'автостоянка_не_отделенная_от_проезжей_части', 'объект_здание_сооружение_религиозного_культа', 'зоны_отдыха', 'автостоянка_отделенная_от_проезжей_части', 'кладбище', 'иной_объект']
17:23:03 | TagsProcessor        | INFO     | <<< [КОНЕЦ] Обработка объектов окружения (nearby). Время: 0.62 сек.
17:23:03 | SpatialProcessor     | INFO     | >>> [НАЧАЛО] Обработка географических признаков...
17:23:03 | SpatialProcessor     | INFO     |    [i] Координаты обработаны.
17:23:03 | SpatialProcessor     | INFO     |    [i] Регионы (дочерный и родительский) обработаны.
17:23:03 | SpatialProcessor     | INFO     |    [i] Схемы обработаны (fillna + split).
17:23:03 | SpatialProcessor     | INFO     | <<< [КОНЕЦ] Обработка географических признаков. Время: 0.20 сек.
17:23:03 | CategoryProcessor    | INFO     | >>> [НАЧАЛО] Обработка категории дтп...
17:23:03 | CategoryProcessor    | WARNING  | Колонка 'category': 1 новых значений вне Whitelist → заменены на 'иной_вид_дтп'. Примеры: [наезд_на_гужевой_транспорт]. Затронуто 7 строк (0.04%).
17:23:03 | CategoryProcessor    | INFO     |    [i] Топ-3 категории: {'столкновение': 8091, 'наезд_на_пешехода': 4921, 'наезд_на_препятствие': 1253}
17:23:03 | CategoryProcessor    | INFO     | <<< [КОНЕЦ] Обработка категории дтп. Время: 0.10 сек.
17:23:03 | ConditionsProcessor  | INFO     | >>> [НАЧАЛО] Обработка списков погоды и дорожных условий...
17:23:04 | ConditionsProcessor  | INFO     |    [i] Погода обработана.
17:23:04 | ConditionsProcessor  | WARNING  | Колонка 'road_conditions': 1 неизвестных тегов → 'road_other'. Примеры: [отсутствие_направляющих_устройств_и_световозвращающих_элементов_на_них]. Затронуто 30 строк (0.16%).
17:23:04 | ConditionsProcessor  | INFO     |    [i] Дорожные условия обработаны.
17:23:04 | ConditionsProcessor  | INFO     | <<< [КОНЕЦ] Обработка списков погоды и дорожных условий. Время: 0.45 сек.
17:23:04 | VehicleProcessor     | INFO     | >>> [НАЧАЛО] Обработка автомобилей (Счетчики, Возраст, Взаимодействие)...
17:23:05 | VehicleProcessor     | INFO     | <<< [КОНЕЦ] Обработка автомобилей (Счетчики, Возраст, Взаимодействие). Время: 1.07 сек.
17:23:05 | ParticipantProcessor | INFO     | >>> [НАЧАЛО] Обработка участников (Режим нарушений: post_event)...
17:23:06 | ParticipantProcessor | INFO     | <<< [КОНЕЦ] Обработка участников (Режим нарушений: post_event). Время: 1.29 сек.
17:23:06 | TargetProcessor      | INFO     | >>> [НАЧАЛО] Кодирование целевой переменной severity...
17:23:06 | TargetProcessor      | INFO     |    [i] Баланс классов: {0: 10860, 1: 5794, 2: 1684}
17:23:06 | TargetProcessor      | INFO     | <<< [КОНЕЦ] Кодирование целевой переменной severity. Время: 0.08 сек.
17:23:06 | DtpPipeline          | INFO     | ================================================================================
17:23:06 | DtpPipeline          | INFO     | ===== ЗАПУСК ОБРАБОТКИ ФАЙЛА: permskii-krai.geojson.zip =====
17:23:06 | DtpPipeline          | INFO     | ================================================================================
17:23:06 | JsonDataLoader       | INFO     | Загрузка: data/need_process\permskii-krai.geojson.zip
17:23:06 | JsonDataLoader       | INFO     | Чтение из архива: permskii-krai.geojson
17:23:08 | JsonDataLoader       | INFO     | Формат: GeoJSON.
17:23:10 | JsonDataLoader       | INFO     | Загружено строк: 29260. Колонок: 24
17:23:10 | CleaningProcessor    | INFO     | --- Запуск очистки данных ---
17:23:10 | CleaningProcessor    | INFO     | Удален технический мусор: ['id', 'coordinates', 'address']
17:23:10 | CleaningProcessor    | INFO     | Удалены поля с утечкой данных (Leakage): ['dead_count', 'injured_count', 'participants_count']
17:23:10 | TemporalProcessor    | INFO     | >>> [НАЧАЛО] Обработка времени и освещения...
17:23:10 | TemporalProcessor    | INFO     |    [i] Циклы времени созданы.
17:23:10 | TemporalProcessor    | INFO     |    [i] Свет обработан.
17:23:10 | TemporalProcessor    | INFO     |    [-] Колонка 'datetime' удалена.
17:23:10 | TemporalProcessor    | INFO     | <<< [КОНЕЦ] Обработка времени и освещения. Время: 0.23 сек.
17:23:10 | TagsProcessor        | INFO     | >>> [НАЧАЛО] Обработка объектов окружения (nearby)...
17:23:11 | TagsProcessor        | INFO     |    [i] Строк с тегами 'other': 6.07% (1775/29260)
17:23:11 | TagsProcessor        | WARNING  | Примеры тегов, попавших в 'other': ['производственное_предприятие', 'место_для_перегона_скота', 'объект_строительства', 'автостоянка_не_отделенная_от_проезжей_части', 'объект_здание_сооружение_религиозного_культа', 'зоны_отдыха', 'автостоянка_отделенная_от_проезжей_части', 'кладбище', 'иной_объект', 'стихийно_возникшая_не_предусмотренная_ледовая_переправа', 'ледовая_переправа_официально_открытая_и_оборудованная']
17:23:11 | TagsProcessor        | INFO     | <<< [КОНЕЦ] Обработка объектов окружения (nearby). Время: 0.58 сек.
17:23:11 | SpatialProcessor     | INFO     | >>> [НАЧАЛО] Обработка географических признаков...
17:23:11 | SpatialProcessor     | INFO     |    [i] Координаты обработаны.
17:23:11 | SpatialProcessor     | INFO     |    [i] Регионы (дочерный и родительский) обработаны.
17:23:11 | SpatialProcessor     | INFO     |    [i] Схемы обработаны (fillna + split).
17:23:11 | SpatialProcessor     | INFO     | <<< [КОНЕЦ] Обработка географических признаков. Время: 0.31 сек.
17:23:11 | CategoryProcessor    | INFO     | >>> [НАЧАЛО] Обработка категории дтп...
17:23:11 | CategoryProcessor    | WARNING  | Колонка 'category': 2 новых значений вне Whitelist → заменены на 'иной_вид_дтп'. Примеры: [наезд_на_гужевой_транспорт, возгорание_вследствие_технической_неисправности_движущегося_или_остановившегося_тс_участвующего_в_дорожном_движении]. Затронуто 4 строк (0.01%).
17:23:11 | CategoryProcessor    | INFO     |    [i] Топ-3 категории: {'столкновение': 11132, 'наезд_на_пешехода': 9097, 'опрокидывание': 2010}
17:23:11 | CategoryProcessor    | INFO     | <<< [КОНЕЦ] Обработка категории дтп. Время: 0.17 сек.
17:23:11 | ConditionsProcessor  | INFO     | >>> [НАЧАЛО] Обработка списков погоды и дорожных условий...
17:23:12 | ConditionsProcessor  | INFO     |    [i] Погода обработана.
17:23:12 | ConditionsProcessor  | WARNING  | Колонка 'road_conditions': 2 неизвестных тегов → 'road_other'. Примеры: [неудовлетворительное_состояние_разделительной_полосы, отсутствие_направляющих_устройств_и_световозвращающих_элементов_на_них]. Затронуто 93 строк (0.32%).
17:23:12 | ConditionsProcessor  | INFO     |    [i] Дорожные условия обработаны.
17:23:12 | ConditionsProcessor  | INFO     | <<< [КОНЕЦ] Обработка списков погоды и дорожных условий. Время: 0.78 сек.
17:23:12 | VehicleProcessor     | INFO     | >>> [НАЧАЛО] Обработка автомобилей (Счетчики, Возраст, Взаимодействие)...
17:23:14 | VehicleProcessor     | INFO     | <<< [КОНЕЦ] Обработка автомобилей (Счетчики, Возраст, Взаимодействие). Время: 1.68 сек.
17:23:14 | ParticipantProcessor | INFO     | >>> [НАЧАЛО] Обработка участников (Режим нарушений: post_event)...
17:23:16 | ParticipantProcessor | INFO     | <<< [КОНЕЦ] Обработка участников (Режим нарушений: post_event). Время: 2.00 сек.
17:23:16 | TargetProcessor      | INFO     | >>> [НАЧАЛО] Кодирование целевой переменной severity...
17:23:16 | TargetProcessor      | INFO     |    [i] Баланс классов: {0: 17941, 1: 8786, 2: 2533}
17:23:16 | TargetProcessor      | INFO     | <<< [КОНЕЦ] Кодирование целевой переменной severity. Время: 0.12 сек.
17:23:16 | DtpPipeline          | INFO     | ================================================================================
17:23:16 | DtpPipeline          | INFO     | ===== ЗАПУСК ОБРАБОТКИ ФАЙЛА: primorskii-krai.geojson.zip =====
17:23:16 | DtpPipeline          | INFO     | ================================================================================
17:23:16 | JsonDataLoader       | INFO     | Загрузка: data/need_process\primorskii-krai.geojson.zip
17:23:16 | JsonDataLoader       | INFO     | Чтение из архива: primorskii-krai.geojson
17:23:17 | JsonDataLoader       | INFO     | Формат: GeoJSON.
17:23:18 | JsonDataLoader       | INFO     | Загружено строк: 28141. Колонок: 24
17:23:18 | CleaningProcessor    | INFO     | --- Запуск очистки данных ---
17:23:18 | CleaningProcessor    | INFO     | Удален технический мусор: ['id', 'coordinates', 'address']
17:23:18 | CleaningProcessor    | INFO     | Удалены поля с утечкой данных (Leakage): ['dead_count', 'injured_count', 'participants_count']
17:23:18 | TemporalProcessor    | INFO     | >>> [НАЧАЛО] Обработка времени и освещения...
17:23:18 | TemporalProcessor    | INFO     |    [i] Циклы времени созданы.
17:23:19 | TemporalProcessor    | INFO     |    [i] Свет обработан.
17:23:19 | TemporalProcessor    | INFO     |    [-] Колонка 'datetime' удалена.
17:23:19 | TemporalProcessor    | INFO     | <<< [КОНЕЦ] Обработка времени и освещения. Время: 0.22 сек.
17:23:19 | TagsProcessor        | INFO     | >>> [НАЧАЛО] Обработка объектов окружения (nearby)...
17:23:19 | TagsProcessor        | INFO     |    [i] Строк с тегами 'other': 4.34% (1222/28141)
17:23:19 | TagsProcessor        | WARNING  | Примеры тегов, попавших в 'other': ['производственное_предприятие', 'место_для_перегона_скота', 'объект_строительства', 'автостоянка_не_отделенная_от_проезжей_части', 'объект_здание_сооружение_религиозного_культа', 'зоны_отдыха', 'автостоянка_отделенная_от_проезжей_части', 'иной_объект', 'кладбище']
17:23:19 | TagsProcessor        | INFO     | <<< [КОНЕЦ] Обработка объектов окружения (nearby). Время: 0.52 сек.
17:23:19 | SpatialProcessor     | INFO     | >>> [НАЧАЛО] Обработка географических признаков...
17:23:19 | SpatialProcessor     | INFO     |    [i] Координаты обработаны.
17:23:19 | SpatialProcessor     | INFO     |    [i] Регионы (дочерный и родительский) обработаны.
17:23:19 | SpatialProcessor     | INFO     |    [i] Схемы обработаны (fillna + split).
17:23:19 | SpatialProcessor     | INFO     | <<< [КОНЕЦ] Обработка географических признаков. Время: 0.29 сек.
17:23:19 | CategoryProcessor    | INFO     | >>> [НАЧАЛО] Обработка категории дтп...
17:23:20 | CategoryProcessor    | INFO     |    [i] Топ-3 категории: {'столкновение': 10785, 'наезд_на_пешехода': 8773, 'съезд_с_дороги': 2727}
17:23:20 | CategoryProcessor    | INFO     | <<< [КОНЕЦ] Обработка категории дтп. Время: 0.16 сек.
17:23:20 | ConditionsProcessor  | INFO     | >>> [НАЧАЛО] Обработка списков погоды и дорожных условий...
17:23:20 | ConditionsProcessor  | INFO     |    [i] Погода обработана.
17:23:20 | ConditionsProcessor  | WARNING  | Колонка 'road_conditions': 2 неизвестных тегов → 'road_other'. Примеры: [неудовлетворительное_состояние_разделительной_полосы, отсутствие_направляющих_устройств_и_световозвращающих_элементов_на_них]. Затронуто 75 строк (0.27%).
17:23:20 | ConditionsProcessor  | INFO     |    [i] Дорожные условия обработаны.
17:23:20 | ConditionsProcessor  | INFO     | <<< [КОНЕЦ] Обработка списков погоды и дорожных условий. Время: 0.63 сек.
17:23:20 | VehicleProcessor     | INFO     | >>> [НАЧАЛО] Обработка автомобилей (Счетчики, Возраст, Взаимодействие)...
17:23:22 | VehicleProcessor     | INFO     | <<< [КОНЕЦ] Обработка автомобилей (Счетчики, Возраст, Взаимодействие). Время: 1.71 сек.
17:23:22 | ParticipantProcessor | INFO     | >>> [НАЧАЛО] Обработка участников (Режим нарушений: post_event)...
17:23:24 | ParticipantProcessor | INFO     | <<< [КОНЕЦ] Обработка участников (Режим нарушений: post_event). Время: 1.88 сек.
17:23:24 | TargetProcessor      | INFO     | >>> [НАЧАЛО] Кодирование целевой переменной severity...
17:23:24 | TargetProcessor      | INFO     |    [i] Баланс классов: {0: 16538, 1: 9173, 2: 2430}
17:23:24 | TargetProcessor      | INFO     | <<< [КОНЕЦ] Кодирование целевой переменной severity. Время: 0.12 сек.
17:23:24 | DtpPipeline          | INFO     | ================================================================================
17:23:24 | DtpPipeline          | INFO     | ===== ЗАПУСК ОБРАБОТКИ ФАЙЛА: pskovskaia-oblast.geojson.zip =====
17:23:24 | DtpPipeline          | INFO     | ================================================================================
17:23:24 | JsonDataLoader       | INFO     | Загрузка: data/need_process\pskovskaia-oblast.geojson.zip
17:23:24 | JsonDataLoader       | INFO     | Чтение из архива: pskovskaia-oblast.geojson
17:23:25 | JsonDataLoader       | INFO     | Формат: GeoJSON.
17:23:25 | JsonDataLoader       | INFO     | Загружено строк: 9484. Колонок: 24
17:23:25 | CleaningProcessor    | INFO     | --- Запуск очистки данных ---
17:23:25 | CleaningProcessor    | INFO     | Удален технический мусор: ['id', 'coordinates', 'address']
17:23:25 | CleaningProcessor    | INFO     | Удалены поля с утечкой данных (Leakage): ['dead_count', 'injured_count', 'participants_count']
17:23:25 | TemporalProcessor    | INFO     | >>> [НАЧАЛО] Обработка времени и освещения...
17:23:25 | TemporalProcessor    | INFO     |    [i] Циклы времени созданы.
17:23:25 | TemporalProcessor    | INFO     |    [i] Свет обработан.
17:23:25 | TemporalProcessor    | INFO     |    [-] Колонка 'datetime' удалена.
17:23:25 | TemporalProcessor    | INFO     | <<< [КОНЕЦ] Обработка времени и освещения. Время: 0.08 сек.
17:23:25 | TagsProcessor        | INFO     | >>> [НАЧАЛО] Обработка объектов окружения (nearby)...
17:23:26 | TagsProcessor        | INFO     |    [i] Строк с тегами 'other': 9.47% (898/9484)
17:23:26 | TagsProcessor        | WARNING  | Примеры тегов, попавших в 'other': ['производственное_предприятие', 'объект_строительства', 'автостоянка_не_отделенная_от_проезжей_части', 'объект_здание_сооружение_религиозного_культа', 'зоны_отдыха', 'автостоянка_отделенная_от_проезжей_части', 'иной_объект', 'кладбище']
17:23:26 | TagsProcessor        | INFO     | <<< [КОНЕЦ] Обработка объектов окружения (nearby). Время: 0.20 сек.
17:23:26 | SpatialProcessor     | INFO     | >>> [НАЧАЛО] Обработка географических признаков...
17:23:26 | SpatialProcessor     | INFO     |    [i] Координаты обработаны.
17:23:26 | SpatialProcessor     | INFO     |    [i] Регионы (дочерный и родительский) обработаны.
17:23:26 | SpatialProcessor     | INFO     |    [i] Схемы обработаны (fillna + split).
17:23:26 | SpatialProcessor     | INFO     | <<< [КОНЕЦ] Обработка географических признаков. Время: 0.11 сек.
17:23:26 | CategoryProcessor    | INFO     | >>> [НАЧАЛО] Обработка категории дтп...
17:23:26 | CategoryProcessor    | WARNING  | Колонка 'category': 2 новых значений вне Whitelist → заменены на 'иной_вид_дтп'. Примеры: [наезд_на_гужевой_транспорт, возгорание_вследствие_технической_неисправности_движущегося_или_остановившегося_тс_участвующего_в_дорожном_движении]. Затронуто 3 строк (0.03%).
17:23:26 | CategoryProcessor    | INFO     |    [i] Топ-3 категории: {'столкновение': 3191, 'наезд_на_пешехода': 2237, 'съезд_с_дороги': 1229}
17:23:26 | CategoryProcessor    | INFO     | <<< [КОНЕЦ] Обработка категории дтп. Время: 0.06 сек.
17:23:26 | ConditionsProcessor  | INFO     | >>> [НАЧАЛО] Обработка списков погоды и дорожных условий...
17:23:26 | ConditionsProcessor  | INFO     |    [i] Погода обработана.
17:23:26 | ConditionsProcessor  | WARNING  | Колонка 'road_conditions': 2 неизвестных тегов → 'road_other'. Примеры: [неудовлетворительное_состояние_разделительной_полосы, отсутствие_направляющих_устройств_и_световозвращающих_элементов_на_них]. Затронуто 11 строк (0.12%).
17:23:26 | ConditionsProcessor  | INFO     |    [i] Дорожные условия обработаны.
17:23:26 | ConditionsProcessor  | INFO     | <<< [КОНЕЦ] Обработка списков погоды и дорожных условий. Время: 0.23 сек.
17:23:26 | VehicleProcessor     | INFO     | >>> [НАЧАЛО] Обработка автомобилей (Счетчики, Возраст, Взаимодействие)...
17:23:27 | VehicleProcessor     | INFO     | <<< [КОНЕЦ] Обработка автомобилей (Счетчики, Возраст, Взаимодействие). Время: 0.54 сек.
17:23:27 | ParticipantProcessor | INFO     | >>> [НАЧАЛО] Обработка участников (Режим нарушений: post_event)...
17:23:27 | ParticipantProcessor | INFO     | <<< [КОНЕЦ] Обработка участников (Режим нарушений: post_event). Время: 0.63 сек.
17:23:27 | TargetProcessor      | INFO     | >>> [НАЧАЛО] Кодирование целевой переменной severity...
17:23:27 | TargetProcessor      | INFO     |    [i] Баланс классов: {0: 5569, 1: 2899, 2: 1016}
17:23:27 | TargetProcessor      | INFO     | <<< [КОНЕЦ] Кодирование целевой переменной severity. Время: 0.04 сек.
17:23:27 | DtpPipeline          | INFO     | ================================================================================
17:23:27 | DtpPipeline          | INFO     | ===== ЗАПУСК ОБРАБОТКИ ФАЙЛА: respublika-adygeia-adygeia.geojson.zip =====
17:23:27 | DtpPipeline          | INFO     | ================================================================================
17:23:27 | JsonDataLoader       | INFO     | Загрузка: data/need_process\respublika-adygeia-adygeia.geojson.zip
17:23:27 | JsonDataLoader       | INFO     | Чтение из архива: respublika-adygeia-adygeia.geojson
17:23:27 | JsonDataLoader       | INFO     | Формат: GeoJSON.
17:23:28 | JsonDataLoader       | INFO     | Загружено строк: 5077. Колонок: 24
17:23:28 | CleaningProcessor    | INFO     | --- Запуск очистки данных ---
17:23:28 | CleaningProcessor    | INFO     | Удален технический мусор: ['id', 'coordinates', 'address']
17:23:28 | CleaningProcessor    | INFO     | Удалены поля с утечкой данных (Leakage): ['dead_count', 'injured_count', 'participants_count']
17:23:28 | TemporalProcessor    | INFO     | >>> [НАЧАЛО] Обработка времени и освещения...
17:23:28 | TemporalProcessor    | INFO     |    [i] Циклы времени созданы.
17:23:28 | TemporalProcessor    | INFO     |    [i] Свет обработан.
17:23:28 | TemporalProcessor    | INFO     |    [-] Колонка 'datetime' удалена.
17:23:28 | TemporalProcessor    | INFO     | <<< [КОНЕЦ] Обработка времени и освещения. Время: 0.05 сек.
17:23:28 | TagsProcessor        | INFO     | >>> [НАЧАЛО] Обработка объектов окружения (nearby)...
17:23:28 | TagsProcessor        | INFO     |    [i] Строк с тегами 'other': 4.61% (234/5077)
17:23:28 | TagsProcessor        | WARNING  | Примеры тегов, попавших в 'other': ['производственное_предприятие', 'место_для_перегона_скота', 'объект_строительства', 'автостоянка_не_отделенная_от_проезжей_части', 'объект_здание_сооружение_религиозного_культа', 'зоны_отдыха', 'автостоянка_отделенная_от_проезжей_части', 'иной_объект', 'кладбище']
17:23:28 | TagsProcessor        | INFO     | <<< [КОНЕЦ] Обработка объектов окружения (nearby). Время: 0.11 сек.
17:23:28 | SpatialProcessor     | INFO     | >>> [НАЧАЛО] Обработка географических признаков...
17:23:28 | SpatialProcessor     | INFO     |    [i] Координаты обработаны.
17:23:28 | SpatialProcessor     | INFO     |    [i] Регионы (дочерный и родительский) обработаны.
17:23:28 | SpatialProcessor     | INFO     |    [i] Схемы обработаны (fillna + split).
17:23:28 | SpatialProcessor     | INFO     | <<< [КОНЕЦ] Обработка географических признаков. Время: 0.07 сек.
17:23:28 | CategoryProcessor    | INFO     | >>> [НАЧАЛО] Обработка категории дтп...
17:23:28 | CategoryProcessor    | WARNING  | Колонка 'category': 1 новых значений вне Whitelist → заменены на 'иной_вид_дтп'. Примеры: [наезд_на_гужевой_транспорт]. Затронуто 2 строк (0.04%).
17:23:28 | CategoryProcessor    | INFO     |    [i] Топ-3 категории: {'столкновение': 2464, 'наезд_на_пешехода': 1305, 'съезд_с_дороги': 456}
17:23:28 | CategoryProcessor    | INFO     | <<< [КОНЕЦ] Обработка категории дтп. Время: 0.03 сек.
17:23:28 | ConditionsProcessor  | INFO     | >>> [НАЧАЛО] Обработка списков погоды и дорожных условий...
17:23:28 | ConditionsProcessor  | INFO     |    [i] Погода обработана.
17:23:28 | ConditionsProcessor  | WARNING  | Колонка 'road_conditions': 1 неизвестных тегов → 'road_other'. Примеры: [отсутствие_направляющих_устройств_и_световозвращающих_элементов_на_них]. Затронуто 10 строк (0.20%).
17:23:28 | ConditionsProcessor  | INFO     |    [i] Дорожные условия обработаны.
17:23:28 | ConditionsProcessor  | INFO     | <<< [КОНЕЦ] Обработка списков погоды и дорожных условий. Время: 0.11 сек.
17:23:28 | VehicleProcessor     | INFO     | >>> [НАЧАЛО] Обработка автомобилей (Счетчики, Возраст, Взаимодействие)...
17:23:28 | VehicleProcessor     | INFO     | <<< [КОНЕЦ] Обработка автомобилей (Счетчики, Возраст, Взаимодействие). Время: 0.33 сек.
17:23:28 | ParticipantProcessor | INFO     | >>> [НАЧАЛО] Обработка участников (Режим нарушений: post_event)...
17:23:29 | ParticipantProcessor | INFO     | <<< [КОНЕЦ] Обработка участников (Режим нарушений: post_event). Время: 0.38 сек.
17:23:29 | TargetProcessor      | INFO     | >>> [НАЧАЛО] Кодирование целевой переменной severity...
17:23:29 | TargetProcessor      | INFO     |    [i] Баланс классов: {0: 2338, 1: 1931, 2: 808}
17:23:29 | TargetProcessor      | INFO     | <<< [КОНЕЦ] Кодирование целевой переменной severity. Время: 0.03 сек.
17:23:29 | DtpPipeline          | INFO     | ================================================================================
17:23:29 | DtpPipeline          | INFO     | ===== ЗАПУСК ОБРАБОТКИ ФАЙЛА: respublika-altai.geojson.zip =====
17:23:29 | DtpPipeline          | INFO     | ================================================================================
17:23:29 | JsonDataLoader       | INFO     | Загрузка: data/need_process\respublika-altai.geojson.zip
17:23:29 | JsonDataLoader       | INFO     | Чтение из архива: respublika-altai.geojson
17:23:29 | JsonDataLoader       | INFO     | Формат: GeoJSON.
17:23:29 | JsonDataLoader       | INFO     | Загружено строк: 3377. Колонок: 24
17:23:30 | CleaningProcessor    | INFO     | --- Запуск очистки данных ---
17:23:30 | CleaningProcessor    | INFO     | Удален технический мусор: ['id', 'coordinates', 'address']
17:23:30 | CleaningProcessor    | INFO     | Удалены поля с утечкой данных (Leakage): ['dead_count', 'injured_count', 'participants_count']
17:23:30 | TemporalProcessor    | INFO     | >>> [НАЧАЛО] Обработка времени и освещения...
17:23:30 | TemporalProcessor    | INFO     |    [i] Циклы времени созданы.
17:23:30 | TemporalProcessor    | INFO     |    [i] Свет обработан.
17:23:30 | TemporalProcessor    | INFO     |    [-] Колонка 'datetime' удалена.
17:23:30 | TemporalProcessor    | INFO     | <<< [КОНЕЦ] Обработка времени и освещения. Время: 0.04 сек.
17:23:30 | TagsProcessor        | INFO     | >>> [НАЧАЛО] Обработка объектов окружения (nearby)...
17:23:30 | TagsProcessor        | INFO     |    [i] Строк с тегами 'other': 7.37% (249/3377)
17:23:30 | TagsProcessor        | WARNING  | Примеры тегов, попавших в 'other': ['производственное_предприятие', 'объект_строительства', 'автостоянка_не_отделенная_от_проезжей_части', 'объект_здание_сооружение_религиозного_культа', 'зоны_отдыха', 'автостоянка_отделенная_от_проезжей_части', 'иной_объект', 'кладбище']
17:23:30 | TagsProcessor        | INFO     | <<< [КОНЕЦ] Обработка объектов окружения (nearby). Время: 0.07 сек.
17:23:30 | SpatialProcessor     | INFO     | >>> [НАЧАЛО] Обработка географических признаков...
17:23:30 | SpatialProcessor     | INFO     |    [i] Координаты обработаны.
17:23:30 | SpatialProcessor     | INFO     |    [i] Регионы (дочерный и родительский) обработаны.
17:23:30 | SpatialProcessor     | INFO     |    [i] Схемы обработаны (fillna + split).
17:23:30 | SpatialProcessor     | INFO     | <<< [КОНЕЦ] Обработка географических признаков. Время: 0.05 сек.
17:23:30 | CategoryProcessor    | INFO     | >>> [НАЧАЛО] Обработка категории дтп...
17:23:30 | CategoryProcessor    | INFO     |    [i] Топ-3 категории: {'столкновение': 1064, 'наезд_на_пешехода': 687, 'съезд_с_дороги': 594}
17:23:30 | CategoryProcessor    | INFO     | <<< [КОНЕЦ] Обработка категории дтп. Время: 0.02 сек.
17:23:30 | ConditionsProcessor  | INFO     | >>> [НАЧАЛО] Обработка списков погоды и дорожных условий...
17:23:30 | ConditionsProcessor  | INFO     |    [i] Погода обработана.
17:23:30 | ConditionsProcessor  | WARNING  | Колонка 'road_conditions': 2 неизвестных тегов → 'road_other'. Примеры: [неудовлетворительное_состояние_разделительной_полосы, отсутствие_направляющих_устройств_и_световозвращающих_элементов_на_них]. Затронуто 18 строк (0.53%).
17:23:30 | ConditionsProcessor  | INFO     |    [i] Дорожные условия обработаны.
17:23:30 | ConditionsProcessor  | INFO     | <<< [КОНЕЦ] Обработка списков погоды и дорожных условий. Время: 0.08 сек.
17:23:30 | VehicleProcessor     | INFO     | >>> [НАЧАЛО] Обработка автомобилей (Счетчики, Возраст, Взаимодействие)...
17:23:30 | VehicleProcessor     | INFO     | <<< [КОНЕЦ] Обработка автомобилей (Счетчики, Возраст, Взаимодействие). Время: 0.19 сек.
17:23:30 | ParticipantProcessor | INFO     | >>> [НАЧАЛО] Обработка участников (Режим нарушений: post_event)...
17:23:30 | ParticipantProcessor | INFO     | <<< [КОНЕЦ] Обработка участников (Режим нарушений: post_event). Время: 0.27 сек.
17:23:30 | TargetProcessor      | INFO     | >>> [НАЧАЛО] Кодирование целевой переменной severity...
17:23:30 | TargetProcessor      | INFO     |    [i] Баланс классов: {0: 1658, 1: 1342, 2: 377}
17:23:30 | TargetProcessor      | INFO     | <<< [КОНЕЦ] Кодирование целевой переменной severity. Время: 0.02 сек.
17:23:30 | DtpPipeline          | INFO     | ================================================================================
17:23:30 | DtpPipeline          | INFO     | ===== ЗАПУСК ОБРАБОТКИ ФАЙЛА: respublika-bashkortostan.geojson.zip =====
17:23:30 | DtpPipeline          | INFO     | ================================================================================
17:23:30 | JsonDataLoader       | INFO     | Загрузка: data/need_process\respublika-bashkortostan.geojson.zip
17:23:30 | JsonDataLoader       | INFO     | Чтение из архива: respublika-bashkortostan.geojson
17:23:33 | JsonDataLoader       | INFO     | Формат: GeoJSON.
17:23:34 | JsonDataLoader       | INFO     | Загружено строк: 41116. Колонок: 24
17:23:34 | CleaningProcessor    | INFO     | --- Запуск очистки данных ---
17:23:34 | CleaningProcessor    | INFO     | Удален технический мусор: ['id', 'coordinates', 'address']
17:23:34 | CleaningProcessor    | INFO     | Удалены поля с утечкой данных (Leakage): ['dead_count', 'injured_count', 'participants_count']
17:23:34 | TemporalProcessor    | INFO     | >>> [НАЧАЛО] Обработка времени и освещения...
17:23:34 | TemporalProcessor    | INFO     |    [i] Циклы времени созданы.
17:23:34 | TemporalProcessor    | INFO     |    [i] Свет обработан.
17:23:35 | TemporalProcessor    | INFO     |    [-] Колонка 'datetime' удалена.
17:23:35 | TemporalProcessor    | INFO     | <<< [КОНЕЦ] Обработка времени и освещения. Время: 0.33 сек.
17:23:35 | TagsProcessor        | INFO     | >>> [НАЧАЛО] Обработка объектов окружения (nearby)...
17:23:35 | TagsProcessor        | INFO     |    [i] Строк с тегами 'other': 4.77% (1961/41116)
17:23:35 | TagsProcessor        | WARNING  | Примеры тегов, попавших в 'other': ['производственное_предприятие', 'место_для_перегона_скота', 'объект_строительства', 'автостоянка_не_отделенная_от_проезжей_части', 'объект_здание_сооружение_религиозного_культа', 'зоны_отдыха', 'ледовая_переправаофициально_открытая_и_оборудованная', 'автостоянка_отделенная_от_проезжей_части', 'иной_объект', 'кладбище', 'ледовая_переправа_официально_открытая_и_оборудованная']
17:23:35 | TagsProcessor        | INFO     | <<< [КОНЕЦ] Обработка объектов окружения (nearby). Время: 0.65 сек.
17:23:35 | SpatialProcessor     | INFO     | >>> [НАЧАЛО] Обработка географических признаков...
17:23:35 | SpatialProcessor     | INFO     |    [i] Координаты обработаны.
17:23:36 | SpatialProcessor     | INFO     |    [i] Регионы (дочерный и родительский) обработаны.
17:23:36 | SpatialProcessor     | INFO     |    [i] Схемы обработаны (fillna + split).
17:23:36 | SpatialProcessor     | INFO     | <<< [КОНЕЦ] Обработка географических признаков. Время: 0.41 сек.
17:23:36 | CategoryProcessor    | INFO     | >>> [НАЧАЛО] Обработка категории дтп...
17:23:36 | CategoryProcessor    | WARNING  | Колонка 'category': 2 новых значений вне Whitelist → заменены на 'иной_вид_дтп'. Примеры: [наезд_на_гужевой_транспорт, возгорание_вследствие_технической_неисправности_движущегося_или_остановившегося_тс_участвующего_в_дорожном_движении]. Затронуто 31 строк (0.08%).
17:23:36 | CategoryProcessor    | INFO     |    [i] Топ-3 категории: {'столкновение': 18390, 'наезд_на_пешехода': 11692, 'опрокидывание': 3147}
17:23:36 | CategoryProcessor    | INFO     | <<< [КОНЕЦ] Обработка категории дтп. Время: 0.25 сек.
17:23:36 | ConditionsProcessor  | INFO     | >>> [НАЧАЛО] Обработка списков погоды и дорожных условий...
17:23:36 | ConditionsProcessor  | INFO     |    [i] Погода обработана.
17:23:37 | ConditionsProcessor  | WARNING  | Колонка 'road_conditions': 2 неизвестных тегов → 'road_other'. Примеры: [неудовлетворительное_состояние_разделительной_полосы, отсутствие_направляющих_устройств_и_световозвращающих_элементов_на_них]. Затронуто 26 строк (0.06%).
17:23:37 | ConditionsProcessor  | INFO     |    [i] Дорожные условия обработаны.
17:23:37 | ConditionsProcessor  | INFO     | <<< [КОНЕЦ] Обработка списков погоды и дорожных условий. Время: 0.91 сек.
17:23:37 | VehicleProcessor     | INFO     | >>> [НАЧАЛО] Обработка автомобилей (Счетчики, Возраст, Взаимодействие)...
17:23:39 | VehicleProcessor     | INFO     | <<< [КОНЕЦ] Обработка автомобилей (Счетчики, Возраст, Взаимодействие). Время: 2.47 сек.
17:23:39 | ParticipantProcessor | INFO     | >>> [НАЧАЛО] Обработка участников (Режим нарушений: post_event)...
17:23:42 | ParticipantProcessor | INFO     | <<< [КОНЕЦ] Обработка участников (Режим нарушений: post_event). Время: 2.67 сек.
17:23:42 | TargetProcessor      | INFO     | >>> [НАЧАЛО] Кодирование целевой переменной severity...
17:23:42 | TargetProcessor      | INFO     |    [i] Баланс классов: {0: 25056, 1: 11846, 2: 4214}
17:23:42 | TargetProcessor      | INFO     | <<< [КОНЕЦ] Кодирование целевой переменной severity. Время: 0.16 сек.
17:23:42 | DtpPipeline          | INFO     | ================================================================================
17:23:42 | DtpPipeline          | INFO     | ===== ЗАПУСК ОБРАБОТКИ ФАЙЛА: respublika-buriatiia.geojson.zip =====
17:23:42 | DtpPipeline          | INFO     | ================================================================================
17:23:42 | JsonDataLoader       | INFO     | Загрузка: data/need_process\respublika-buriatiia.geojson.zip
17:23:42 | JsonDataLoader       | INFO     | Чтение из архива: respublika-buriatiia.geojson
17:23:43 | JsonDataLoader       | INFO     | Формат: GeoJSON.
17:23:44 | JsonDataLoader       | INFO     | Загружено строк: 11672. Колонок: 24
17:23:44 | CleaningProcessor    | INFO     | --- Запуск очистки данных ---
17:23:44 | CleaningProcessor    | INFO     | Удален технический мусор: ['id', 'coordinates', 'address']
17:23:44 | CleaningProcessor    | INFO     | Удалены поля с утечкой данных (Leakage): ['dead_count', 'injured_count', 'participants_count']
17:23:44 | TemporalProcessor    | INFO     | >>> [НАЧАЛО] Обработка времени и освещения...
17:23:44 | TemporalProcessor    | INFO     |    [i] Циклы времени созданы.
17:23:44 | TemporalProcessor    | INFO     |    [i] Свет обработан.
17:23:44 | TemporalProcessor    | INFO     |    [-] Колонка 'datetime' удалена.
17:23:44 | TemporalProcessor    | INFO     | <<< [КОНЕЦ] Обработка времени и освещения. Время: 0.10 сек.
17:23:44 | TagsProcessor        | INFO     | >>> [НАЧАЛО] Обработка объектов окружения (nearby)...
17:23:44 | TagsProcessor        | INFO     |    [i] Строк с тегами 'other': 6.16% (719/11672)
17:23:44 | TagsProcessor        | WARNING  | Примеры тегов, попавших в 'other': ['производственное_предприятие', 'место_для_перегона_скота', 'объект_строительства', 'автостоянка_не_отделенная_от_проезжей_части', 'ледовая_переправа', 'объект_здание_сооружение_религиозного_культа', 'зоны_отдыха', 'автостоянка_отделенная_от_проезжей_части', 'иной_объект', 'кладбище', 'стихийно_возникшая_не_предусмотренная_ледовая_переправа']
17:23:44 | TagsProcessor        | INFO     | <<< [КОНЕЦ] Обработка объектов окружения (nearby). Время: 0.27 сек.
17:23:44 | SpatialProcessor     | INFO     | >>> [НАЧАЛО] Обработка географических признаков...
17:23:44 | SpatialProcessor     | INFO     |    [i] Координаты обработаны.
17:23:44 | SpatialProcessor     | INFO     |    [i] Регионы (дочерный и родительский) обработаны.
17:23:44 | SpatialProcessor     | INFO     |    [i] Схемы обработаны (fillna + split).
17:23:44 | SpatialProcessor     | INFO     | <<< [КОНЕЦ] Обработка географических признаков. Время: 0.14 сек.
17:23:44 | CategoryProcessor    | INFO     | >>> [НАЧАЛО] Обработка категории дтп...
17:23:44 | CategoryProcessor    | INFO     |    [i] Топ-3 категории: {'столкновение': 3745, 'наезд_на_пешехода': 3581, 'опрокидывание': 1291}
17:23:44 | CategoryProcessor    | INFO     | <<< [КОНЕЦ] Обработка категории дтп. Время: 0.06 сек.
17:23:44 | ConditionsProcessor  | INFO     | >>> [НАЧАЛО] Обработка списков погоды и дорожных условий...
17:23:44 | ConditionsProcessor  | INFO     |    [i] Погода обработана.
17:23:44 | ConditionsProcessor  | WARNING  | Колонка 'road_conditions': 2 неизвестных тегов → 'road_other'. Примеры: [неудовлетворительное_состояние_разделительной_полосы, отсутствие_направляющих_устройств_и_световозвращающих_элементов_на_них]. Затронуто 30 строк (0.26%).
17:23:44 | ConditionsProcessor  | INFO     |    [i] Дорожные условия обработаны.
17:23:44 | ConditionsProcessor  | INFO     | <<< [КОНЕЦ] Обработка списков погоды и дорожных условий. Время: 0.28 сек.
17:23:44 | VehicleProcessor     | INFO     | >>> [НАЧАЛО] Обработка автомобилей (Счетчики, Возраст, Взаимодействие)...
17:23:45 | VehicleProcessor     | INFO     | <<< [КОНЕЦ] Обработка автомобилей (Счетчики, Возраст, Взаимодействие). Время: 0.65 сек.
17:23:45 | ParticipantProcessor | INFO     | >>> [НАЧАЛО] Обработка участников (Режим нарушений: post_event)...
17:23:46 | ParticipantProcessor | INFO     | <<< [КОНЕЦ] Обработка участников (Режим нарушений: post_event). Время: 0.85 сек.
17:23:46 | TargetProcessor      | INFO     | >>> [НАЧАЛО] Кодирование целевой переменной severity...
17:23:46 | TargetProcessor      | INFO     |    [i] Баланс классов: {0: 6430, 1: 4064, 2: 1178}
17:23:46 | TargetProcessor      | INFO     | <<< [КОНЕЦ] Кодирование целевой переменной severity. Время: 0.05 сек.
17:23:46 | DtpPipeline          | INFO     | ================================================================================
17:23:46 | DtpPipeline          | INFO     | ===== ЗАПУСК ОБРАБОТКИ ФАЙЛА: respublika-dagestan.geojson.zip =====
17:23:46 | DtpPipeline          | INFO     | ================================================================================
17:23:46 | JsonDataLoader       | INFO     | Загрузка: data/need_process\respublika-dagestan.geojson.zip
17:23:46 | JsonDataLoader       | INFO     | Чтение из архива: respublika-dagestan.geojson
17:23:47 | JsonDataLoader       | INFO     | Формат: GeoJSON.
17:23:48 | JsonDataLoader       | INFO     | Загружено строк: 16533. Колонок: 24
17:23:48 | CleaningProcessor    | INFO     | --- Запуск очистки данных ---
17:23:48 | CleaningProcessor    | INFO     | Удален технический мусор: ['id', 'coordinates', 'address']
17:23:48 | CleaningProcessor    | INFO     | Удалены поля с утечкой данных (Leakage): ['dead_count', 'injured_count', 'participants_count']
17:23:48 | TemporalProcessor    | INFO     | >>> [НАЧАЛО] Обработка времени и освещения...
17:23:48 | TemporalProcessor    | INFO     |    [i] Циклы времени созданы.
17:23:48 | TemporalProcessor    | INFO     |    [i] Свет обработан.
17:23:48 | TemporalProcessor    | INFO     |    [-] Колонка 'datetime' удалена.
17:23:48 | TemporalProcessor    | INFO     | <<< [КОНЕЦ] Обработка времени и освещения. Время: 0.13 сек.
17:23:48 | TagsProcessor        | INFO     | >>> [НАЧАЛО] Обработка объектов окружения (nearby)...
17:23:48 | TagsProcessor        | INFO     |    [i] Строк с тегами 'other': 4.78% (790/16533)
17:23:48 | TagsProcessor        | WARNING  | Примеры тегов, попавших в 'other': ['производственное_предприятие', 'место_для_перегона_скота', 'объект_строительства', 'автостоянка_не_отделенная_от_проезжей_части', 'объект_здание_сооружение_религиозного_культа', 'зоны_отдыха', 'автостоянка_отделенная_от_проезжей_части', 'кладбище', 'иной_объект']
17:23:48 | TagsProcessor        | INFO     | <<< [КОНЕЦ] Обработка объектов окружения (nearby). Время: 0.25 сек.
17:23:48 | SpatialProcessor     | INFO     | >>> [НАЧАЛО] Обработка географических признаков...
17:23:48 | SpatialProcessor     | INFO     |    [i] Координаты обработаны.
17:23:48 | SpatialProcessor     | INFO     |    [i] Регионы (дочерный и родительский) обработаны.
17:23:48 | SpatialProcessor     | INFO     |    [i] Схемы обработаны (fillna + split).
17:23:48 | SpatialProcessor     | INFO     | <<< [КОНЕЦ] Обработка географических признаков. Время: 0.20 сек.
17:23:48 | CategoryProcessor    | INFO     | >>> [НАЧАЛО] Обработка категории дтп...
17:23:48 | CategoryProcessor    | WARNING  | Колонка 'category': 1 новых значений вне Whitelist → заменены на 'иной_вид_дтп'. Примеры: [возгорание_вследствие_технической_неисправности_движущегося_или_остановившегося_тс_участвующего_в_дорожном_движении]. Затронуто 4 строк (0.02%).
17:23:48 | CategoryProcessor    | INFO     |    [i] Топ-3 категории: {'столкновение': 8198, 'наезд_на_пешехода': 4027, 'опрокидывание': 1469}
17:23:48 | CategoryProcessor    | INFO     | <<< [КОНЕЦ] Обработка категории дтп. Время: 0.15 сек.
17:23:48 | ConditionsProcessor  | INFO     | >>> [НАЧАЛО] Обработка списков погоды и дорожных условий...
17:23:49 | ConditionsProcessor  | INFO     |    [i] Погода обработана.
17:23:49 | ConditionsProcessor  | WARNING  | Колонка 'road_conditions': 2 неизвестных тегов → 'road_other'. Примеры: [неудовлетворительное_состояние_разделительной_полосы, отсутствие_направляющих_устройств_и_световозвращающих_элементов_на_них]. Затронуто 36 строк (0.22%).
17:23:49 | ConditionsProcessor  | INFO     |    [i] Дорожные условия обработаны.
17:23:49 | ConditionsProcessor  | INFO     | <<< [КОНЕЦ] Обработка списков погоды и дорожных условий. Время: 0.40 сек.
17:23:49 | VehicleProcessor     | INFO     | >>> [НАЧАЛО] Обработка автомобилей (Счетчики, Возраст, Взаимодействие)...
17:23:50 | VehicleProcessor     | INFO     | <<< [КОНЕЦ] Обработка автомобилей (Счетчики, Возраст, Взаимодействие). Время: 1.06 сек.
17:23:50 | ParticipantProcessor | INFO     | >>> [НАЧАЛО] Обработка участников (Режим нарушений: post_event)...
17:23:51 | ParticipantProcessor | INFO     | <<< [КОНЕЦ] Обработка участников (Режим нарушений: post_event). Время: 1.25 сек.
17:23:51 | TargetProcessor      | INFO     | >>> [НАЧАЛО] Кодирование целевой переменной severity...
17:23:51 | TargetProcessor      | INFO     |    [i] Баланс классов: {0: 5112, 1: 8457, 2: 2964}
17:23:51 | TargetProcessor      | INFO     | <<< [КОНЕЦ] Кодирование целевой переменной severity. Время: 0.07 сек.
17:23:51 | DtpPipeline          | INFO     | ================================================================================
17:23:51 | DtpPipeline          | INFO     | ===== ЗАПУСК ОБРАБОТКИ ФАЙЛА: respublika-ingushetiia.geojson.zip =====
17:23:51 | DtpPipeline          | INFO     | ================================================================================
17:23:51 | JsonDataLoader       | INFO     | Загрузка: data/need_process\respublika-ingushetiia.geojson.zip
17:23:51 | JsonDataLoader       | INFO     | Чтение из архива: respublika-ingushetiia.geojson
17:23:52 | JsonDataLoader       | INFO     | Формат: GeoJSON.
17:23:52 | JsonDataLoader       | INFO     | Загружено строк: 2155. Колонок: 24
17:23:52 | CleaningProcessor    | INFO     | --- Запуск очистки данных ---
17:23:52 | CleaningProcessor    | INFO     | Удален технический мусор: ['id', 'coordinates', 'address']
17:23:52 | CleaningProcessor    | INFO     | Удалены поля с утечкой данных (Leakage): ['dead_count', 'injured_count', 'participants_count']
17:23:52 | TemporalProcessor    | INFO     | >>> [НАЧАЛО] Обработка времени и освещения...
17:23:52 | TemporalProcessor    | INFO     |    [i] Циклы времени созданы.
17:23:52 | TemporalProcessor    | INFO     |    [i] Свет обработан.
17:23:52 | TemporalProcessor    | INFO     |    [-] Колонка 'datetime' удалена.
17:23:52 | TemporalProcessor    | INFO     | <<< [КОНЕЦ] Обработка времени и освещения. Время: 0.03 сек.
17:23:52 | TagsProcessor        | INFO     | >>> [НАЧАЛО] Обработка объектов окружения (nearby)...
17:23:52 | TagsProcessor        | INFO     |    [i] Строк с тегами 'other': 6.91% (149/2155)
17:23:52 | TagsProcessor        | WARNING  | Примеры тегов, попавших в 'other': ['производственное_предприятие', 'объект_строительства', 'автостоянка_не_отделенная_от_проезжей_части', 'объект_здание_сооружение_религиозного_культа', 'зоны_отдыха', 'автостоянка_отделенная_от_проезжей_части', 'кладбище', 'иной_объект']
17:23:52 | TagsProcessor        | INFO     | <<< [КОНЕЦ] Обработка объектов окружения (nearby). Время: 0.05 сек.
17:23:52 | SpatialProcessor     | INFO     | >>> [НАЧАЛО] Обработка географических признаков...
17:23:52 | SpatialProcessor     | INFO     |    [i] Координаты обработаны.
17:23:52 | SpatialProcessor     | INFO     |    [i] Регионы (дочерный и родительский) обработаны.
17:23:52 | SpatialProcessor     | INFO     |    [i] Схемы обработаны (fillna + split).
17:23:52 | SpatialProcessor     | INFO     | <<< [КОНЕЦ] Обработка географических признаков. Время: 0.05 сек.
17:23:52 | CategoryProcessor    | INFO     | >>> [НАЧАЛО] Обработка категории дтп...
17:23:52 | CategoryProcessor    | INFO     |    [i] Топ-3 категории: {'столкновение': 1109, 'наезд_на_пешехода': 393, 'наезд_на_препятствие': 241}
17:23:52 | CategoryProcessor    | INFO     | <<< [КОНЕЦ] Обработка категории дтп. Время: 0.02 сек.
17:23:52 | ConditionsProcessor  | INFO     | >>> [НАЧАЛО] Обработка списков погоды и дорожных условий...
17:23:52 | ConditionsProcessor  | INFO     |    [i] Погода обработана.
17:23:52 | ConditionsProcessor  | WARNING  | Колонка 'road_conditions': 2 неизвестных тегов → 'road_other'. Примеры: [неудовлетворительное_состояние_разделительной_полосы, отсутствие_направляющих_устройств_и_световозвращающих_элементов_на_них]. Затронуто 14 строк (0.65%).
17:23:52 | ConditionsProcessor  | INFO     |    [i] Дорожные условия обработаны.
17:23:52 | ConditionsProcessor  | INFO     | <<< [КОНЕЦ] Обработка списков погоды и дорожных условий. Время: 0.14 сек.
17:23:52 | VehicleProcessor     | INFO     | >>> [НАЧАЛО] Обработка автомобилей (Счетчики, Возраст, Взаимодействие)...
17:23:53 | VehicleProcessor     | INFO     | <<< [КОНЕЦ] Обработка автомобилей (Счетчики, Возраст, Взаимодействие). Время: 0.18 сек.
17:23:53 | ParticipantProcessor | INFO     | >>> [НАЧАЛО] Обработка участников (Режим нарушений: post_event)...
17:23:53 | ParticipantProcessor | INFO     | <<< [КОНЕЦ] Обработка участников (Режим нарушений: post_event). Время: 0.21 сек.
17:23:53 | TargetProcessor      | INFO     | >>> [НАЧАЛО] Кодирование целевой переменной severity...
17:23:53 | TargetProcessor      | INFO     |    [i] Баланс классов: {0: 553, 1: 1047, 2: 555}
17:23:53 | TargetProcessor      | INFO     | <<< [КОНЕЦ] Кодирование целевой переменной severity. Время: 0.02 сек.
17:23:53 | DtpPipeline          | INFO     | ================================================================================
17:23:53 | DtpPipeline          | INFO     | ===== ЗАПУСК ОБРАБОТКИ ФАЙЛА: respublika-kalmykiia.geojson.zip =====
17:23:53 | DtpPipeline          | INFO     | ================================================================================
17:23:53 | JsonDataLoader       | INFO     | Загрузка: data/need_process\respublika-kalmykiia.geojson.zip
17:23:53 | JsonDataLoader       | INFO     | Чтение из архива: respublika-kalmykiia.geojson
17:23:53 | JsonDataLoader       | INFO     | Формат: GeoJSON.
17:23:53 | JsonDataLoader       | INFO     | Загружено строк: 5254. Колонок: 24
17:23:53 | CleaningProcessor    | INFO     | --- Запуск очистки данных ---
17:23:53 | CleaningProcessor    | INFO     | Удален технический мусор: ['id', 'coordinates', 'address']
17:23:53 | CleaningProcessor    | INFO     | Удалены поля с утечкой данных (Leakage): ['dead_count', 'injured_count', 'participants_count']
17:23:53 | TemporalProcessor    | INFO     | >>> [НАЧАЛО] Обработка времени и освещения...
17:23:53 | TemporalProcessor    | INFO     |    [i] Циклы времени созданы.
17:23:53 | TemporalProcessor    | INFO     |    [i] Свет обработан.
17:23:53 | TemporalProcessor    | INFO     |    [-] Колонка 'datetime' удалена.
17:23:53 | TemporalProcessor    | INFO     | <<< [КОНЕЦ] Обработка времени и освещения. Время: 0.05 сек.
17:23:53 | TagsProcessor        | INFO     | >>> [НАЧАЛО] Обработка объектов окружения (nearby)...
17:23:53 | TagsProcessor        | INFO     |    [i] Строк с тегами 'other': 4.63% (243/5254)
17:23:53 | TagsProcessor        | WARNING  | Примеры тегов, попавших в 'other': ['производственное_предприятие', 'объект_строительства', 'автостоянка_не_отделенная_от_проезжей_части', 'объект_здание_сооружение_религиозного_культа', 'зоны_отдыха', 'автостоянка_отделенная_от_проезжей_части', 'иной_объект']
17:23:53 | TagsProcessor        | INFO     | <<< [КОНЕЦ] Обработка объектов окружения (nearby). Время: 0.09 сек.
17:23:53 | SpatialProcessor     | INFO     | >>> [НАЧАЛО] Обработка географических признаков...
17:23:53 | SpatialProcessor     | INFO     |    [i] Координаты обработаны.
17:23:53 | SpatialProcessor     | INFO     |    [i] Регионы (дочерный и родительский) обработаны.
17:23:53 | SpatialProcessor     | INFO     |    [i] Схемы обработаны (fillna + split).
17:23:53 | SpatialProcessor     | INFO     | <<< [КОНЕЦ] Обработка географических признаков. Время: 0.06 сек.
17:23:53 | CategoryProcessor    | INFO     | >>> [НАЧАЛО] Обработка категории дтп...
17:23:54 | CategoryProcessor    | WARNING  | Колонка 'category': 1 новых значений вне Whitelist → заменены на 'иной_вид_дтп'. Примеры: [возгорание_вследствие_технической_неисправности_движущегося_или_остановившегося_тс_участвующего_в_дорожном_движении]. Затронуто 2 строк (0.04%).
17:23:54 | CategoryProcessor    | INFO     |    [i] Топ-3 категории: {'столкновение': 2098, 'наезд_на_пешехода': 1083, 'опрокидывание': 708}
17:23:54 | CategoryProcessor    | INFO     | <<< [КОНЕЦ] Обработка категории дтп. Время: 0.03 сек.
17:23:54 | ConditionsProcessor  | INFO     | >>> [НАЧАЛО] Обработка списков погоды и дорожных условий...
17:23:54 | ConditionsProcessor  | INFO     |    [i] Погода обработана.
17:23:54 | ConditionsProcessor  | WARNING  | Колонка 'road_conditions': 1 неизвестных тегов → 'road_other'. Примеры: [неудовлетворительное_состояние_разделительной_полосы]. Затронуто 19 строк (0.36%).
17:23:54 | ConditionsProcessor  | INFO     |    [i] Дорожные условия обработаны.
17:23:54 | ConditionsProcessor  | INFO     | <<< [КОНЕЦ] Обработка списков погоды и дорожных условий. Время: 0.12 сек.
17:23:54 | VehicleProcessor     | INFO     | >>> [НАЧАЛО] Обработка автомобилей (Счетчики, Возраст, Взаимодействие)...
17:23:54 | VehicleProcessor     | INFO     | <<< [КОНЕЦ] Обработка автомобилей (Счетчики, Возраст, Взаимодействие). Время: 0.33 сек.
17:23:54 | ParticipantProcessor | INFO     | >>> [НАЧАЛО] Обработка участников (Режим нарушений: post_event)...
17:23:54 | ParticipantProcessor | INFO     | <<< [КОНЕЦ] Обработка участников (Режим нарушений: post_event). Время: 0.42 сек.
17:23:54 | TargetProcessor      | INFO     | >>> [НАЧАЛО] Кодирование целевой переменной severity...
17:23:54 | TargetProcessor      | INFO     |    [i] Баланс классов: {0: 2792, 1: 1797, 2: 665}
17:23:54 | TargetProcessor      | INFO     | <<< [КОНЕЦ] Кодирование целевой переменной severity. Время: 0.03 сек.
17:23:54 | DtpPipeline          | INFO     | ================================================================================
17:23:54 | DtpPipeline          | INFO     | ===== ЗАПУСК ОБРАБОТКИ ФАЙЛА: respublika-kareliia.geojson.zip =====
17:23:54 | DtpPipeline          | INFO     | ================================================================================
17:23:54 | JsonDataLoader       | INFO     | Загрузка: data/need_process\respublika-kareliia.geojson.zip
17:23:54 | JsonDataLoader       | INFO     | Чтение из архива: respublika-kareliia.geojson
17:23:55 | JsonDataLoader       | INFO     | Формат: GeoJSON.
17:23:56 | JsonDataLoader       | INFO     | Загружено строк: 7015. Колонок: 24
17:23:56 | CleaningProcessor    | INFO     | --- Запуск очистки данных ---
17:23:56 | CleaningProcessor    | INFO     | Удален технический мусор: ['id', 'coordinates', 'address']
17:23:56 | CleaningProcessor    | INFO     | Удалены поля с утечкой данных (Leakage): ['dead_count', 'injured_count', 'participants_count']
17:23:56 | TemporalProcessor    | INFO     | >>> [НАЧАЛО] Обработка времени и освещения...
17:23:56 | TemporalProcessor    | INFO     |    [i] Циклы времени созданы.
17:23:56 | TemporalProcessor    | INFO     |    [i] Свет обработан.
17:23:56 | TemporalProcessor    | INFO     |    [-] Колонка 'datetime' удалена.
17:23:56 | TemporalProcessor    | INFO     | <<< [КОНЕЦ] Обработка времени и освещения. Время: 0.07 сек.
17:23:56 | TagsProcessor        | INFO     | >>> [НАЧАЛО] Обработка объектов окружения (nearby)...
17:23:56 | TagsProcessor        | INFO     |    [i] Строк с тегами 'other': 2.82% (198/7015)
17:23:56 | TagsProcessor        | WARNING  | Примеры тегов, попавших в 'other': ['производственное_предприятие', 'объект_строительства', 'автостоянка_не_отделенная_от_проезжей_части', 'объект_здание_сооружение_религиозного_культа', 'зоны_отдыха', 'автостоянка_отделенная_от_проезжей_части', 'кладбище', 'иной_объект', 'стихийно_возникшая_не_предусмотренная_ледовая_переправа']
17:23:56 | TagsProcessor        | INFO     | <<< [КОНЕЦ] Обработка объектов окружения (nearby). Время: 0.10 сек.
17:23:56 | SpatialProcessor     | INFO     | >>> [НАЧАЛО] Обработка географических признаков...
17:23:56 | SpatialProcessor     | INFO     |    [i] Координаты обработаны.
17:23:56 | SpatialProcessor     | INFO     |    [i] Регионы (дочерный и родительский) обработаны.
17:23:56 | SpatialProcessor     | INFO     |    [i] Схемы обработаны (fillna + split).
17:23:56 | SpatialProcessor     | INFO     | <<< [КОНЕЦ] Обработка географических признаков. Время: 0.08 сек.
17:23:56 | CategoryProcessor    | INFO     | >>> [НАЧАЛО] Обработка категории дтп...
17:23:56 | CategoryProcessor    | INFO     |    [i] Топ-3 категории: {'столкновение': 2662, 'наезд_на_пешехода': 1656, 'съезд_с_дороги': 1108}
17:23:56 | CategoryProcessor    | INFO     | <<< [КОНЕЦ] Обработка категории дтп. Время: 0.04 сек.
17:23:56 | ConditionsProcessor  | INFO     | >>> [НАЧАЛО] Обработка списков погоды и дорожных условий...
17:23:56 | ConditionsProcessor  | INFO     |    [i] Погода обработана.
17:23:56 | ConditionsProcessor  | WARNING  | Колонка 'road_conditions': 1 неизвестных тегов → 'road_other'. Примеры: [отсутствие_направляющих_устройств_и_световозвращающих_элементов_на_них]. Затронуто 3 строк (0.04%).
17:23:56 | ConditionsProcessor  | INFO     |    [i] Дорожные условия обработаны.
17:23:56 | ConditionsProcessor  | INFO     | <<< [КОНЕЦ] Обработка списков погоды и дорожных условий. Время: 0.18 сек.
17:23:56 | VehicleProcessor     | INFO     | >>> [НАЧАЛО] Обработка автомобилей (Счетчики, Возраст, Взаимодействие)...
17:23:56 | VehicleProcessor     | INFO     | <<< [КОНЕЦ] Обработка автомобилей (Счетчики, Возраст, Взаимодействие). Время: 0.43 сек.
17:23:56 | ParticipantProcessor | INFO     | >>> [НАЧАЛО] Обработка участников (Режим нарушений: post_event)...
17:23:57 | ParticipantProcessor | INFO     | <<< [КОНЕЦ] Обработка участников (Режим нарушений: post_event). Время: 0.49 сек.
17:23:57 | TargetProcessor      | INFO     | >>> [НАЧАЛО] Кодирование целевой переменной severity...
17:23:57 | TargetProcessor      | INFO     |    [i] Баланс классов: {0: 3863, 1: 2476, 2: 676}
17:23:57 | TargetProcessor      | INFO     | <<< [КОНЕЦ] Кодирование целевой переменной severity. Время: 0.03 сек.
17:23:57 | DtpPipeline          | INFO     | ================================================================================
17:23:57 | DtpPipeline          | INFO     | ===== ЗАПУСК ОБРАБОТКИ ФАЙЛА: respublika-khakasiia.geojson.zip =====
17:23:57 | DtpPipeline          | INFO     | ================================================================================
17:23:57 | JsonDataLoader       | INFO     | Загрузка: data/need_process\respublika-khakasiia.geojson.zip
17:23:57 | JsonDataLoader       | INFO     | Чтение из архива: respublika-khakasiia.geojson
17:23:57 | JsonDataLoader       | INFO     | Формат: GeoJSON.
17:23:57 | JsonDataLoader       | INFO     | Загружено строк: 6076. Колонок: 24
17:23:57 | CleaningProcessor    | INFO     | --- Запуск очистки данных ---
17:23:57 | CleaningProcessor    | INFO     | Удален технический мусор: ['id', 'coordinates', 'address']
17:23:57 | CleaningProcessor    | INFO     | Удалены поля с утечкой данных (Leakage): ['dead_count', 'injured_count', 'participants_count']
17:23:57 | TemporalProcessor    | INFO     | >>> [НАЧАЛО] Обработка времени и освещения...
17:23:57 | TemporalProcessor    | INFO     |    [i] Циклы времени созданы.
17:23:58 | TemporalProcessor    | INFO     |    [i] Свет обработан.
17:23:58 | TemporalProcessor    | INFO     |    [-] Колонка 'datetime' удалена.
17:23:58 | TemporalProcessor    | INFO     | <<< [КОНЕЦ] Обработка времени и освещения. Время: 0.05 сек.
17:23:58 | TagsProcessor        | INFO     | >>> [НАЧАЛО] Обработка объектов окружения (nearby)...
17:23:58 | TagsProcessor        | INFO     |    [i] Строк с тегами 'other': 4.39% (267/6076)
17:23:58 | TagsProcessor        | WARNING  | Примеры тегов, попавших в 'other': ['производственное_предприятие', 'объект_строительства', 'автостоянка_не_отделенная_от_проезжей_части', 'объект_здание_сооружение_религиозного_культа', 'зоны_отдыха', 'автостоянка_отделенная_от_проезжей_части', 'кладбище', 'иной_объект']
17:23:58 | TagsProcessor        | INFO     | <<< [КОНЕЦ] Обработка объектов окружения (nearby). Время: 0.12 сек.
17:23:58 | SpatialProcessor     | INFO     | >>> [НАЧАЛО] Обработка географических признаков...
17:23:58 | SpatialProcessor     | INFO     |    [i] Координаты обработаны.
17:23:58 | SpatialProcessor     | INFO     |    [i] Регионы (дочерный и родительский) обработаны.
17:23:58 | SpatialProcessor     | INFO     |    [i] Схемы обработаны (fillna + split).
17:23:58 | SpatialProcessor     | INFO     | <<< [КОНЕЦ] Обработка географических признаков. Время: 0.09 сек.
17:23:58 | CategoryProcessor    | INFO     | >>> [НАЧАЛО] Обработка категории дтп...
17:23:58 | CategoryProcessor    | WARNING  | Колонка 'category': 1 новых значений вне Whitelist → заменены на 'иной_вид_дтп'. Примеры: [наезд_на_гужевой_транспорт]. Затронуто 2 строк (0.03%).
17:23:58 | CategoryProcessor    | INFO     |    [i] Топ-3 категории: {'столкновение': 2435, 'наезд_на_пешехода': 1448, 'опрокидывание': 632}
17:23:58 | CategoryProcessor    | INFO     | <<< [КОНЕЦ] Обработка категории дтп. Время: 0.04 сек.
17:23:58 | ConditionsProcessor  | INFO     | >>> [НАЧАЛО] Обработка списков погоды и дорожных условий...
17:23:58 | ConditionsProcessor  | INFO     |    [i] Погода обработана.
17:23:58 | ConditionsProcessor  | WARNING  | Колонка 'road_conditions': 2 неизвестных тегов → 'road_other'. Примеры: [неудовлетворительное_состояние_разделительной_полосы, отсутствие_направляющих_устройств_и_световозвращающих_элементов_на_них]. Затронуто 16 строк (0.26%).
17:23:58 | ConditionsProcessor  | INFO     |    [i] Дорожные условия обработаны.
17:23:58 | ConditionsProcessor  | INFO     | <<< [КОНЕЦ] Обработка списков погоды и дорожных условий. Время: 0.16 сек.
17:23:58 | VehicleProcessor     | INFO     | >>> [НАЧАЛО] Обработка автомобилей (Счетчики, Возраст, Взаимодействие)...
17:23:58 | VehicleProcessor     | INFO     | <<< [КОНЕЦ] Обработка автомобилей (Счетчики, Возраст, Взаимодействие). Время: 0.37 сек.
17:23:58 | ParticipantProcessor | INFO     | >>> [НАЧАЛО] Обработка участников (Режим нарушений: post_event)...
17:23:59 | ParticipantProcessor | INFO     | <<< [КОНЕЦ] Обработка участников (Режим нарушений: post_event). Время: 0.47 сек.
17:23:59 | TargetProcessor      | INFO     | >>> [НАЧАЛО] Кодирование целевой переменной severity...
17:23:59 | TargetProcessor      | INFO     |    [i] Баланс классов: {0: 2933, 1: 2485, 2: 658}
17:23:59 | TargetProcessor      | INFO     | <<< [КОНЕЦ] Кодирование целевой переменной severity. Время: 0.03 сек.
17:23:59 | DtpPipeline          | INFO     | ================================================================================
17:23:59 | DtpPipeline          | INFO     | ===== ЗАПУСК ОБРАБОТКИ ФАЙЛА: respublika-komi.geojson.zip =====
17:23:59 | DtpPipeline          | INFO     | ================================================================================
17:23:59 | JsonDataLoader       | INFO     | Загрузка: data/need_process\respublika-komi.geojson.zip
17:23:59 | JsonDataLoader       | INFO     | Чтение из архива: respublika-komi.geojson
17:24:00 | JsonDataLoader       | INFO     | Формат: GeoJSON.
17:24:00 | JsonDataLoader       | INFO     | Загружено строк: 10166. Колонок: 24
17:24:00 | CleaningProcessor    | INFO     | --- Запуск очистки данных ---
17:24:00 | CleaningProcessor    | INFO     | Удален технический мусор: ['id', 'coordinates', 'address']
17:24:00 | CleaningProcessor    | INFO     | Удалены поля с утечкой данных (Leakage): ['dead_count', 'injured_count', 'participants_count']
17:24:00 | TemporalProcessor    | INFO     | >>> [НАЧАЛО] Обработка времени и освещения...
17:24:00 | TemporalProcessor    | INFO     |    [i] Циклы времени созданы.
17:24:00 | TemporalProcessor    | INFO     |    [i] Свет обработан.
17:24:00 | TemporalProcessor    | INFO     |    [-] Колонка 'datetime' удалена.
17:24:00 | TemporalProcessor    | INFO     | <<< [КОНЕЦ] Обработка времени и освещения. Время: 0.10 сек.
17:24:00 | TagsProcessor        | INFO     | >>> [НАЧАЛО] Обработка объектов окружения (nearby)...
17:24:01 | TagsProcessor        | INFO     |    [i] Строк с тегами 'other': 8.62% (876/10166)
17:24:01 | TagsProcessor        | WARNING  | Примеры тегов, попавших в 'other': ['производственное_предприятие', 'место_для_перегона_скота', 'объект_строительства', 'автостоянка_не_отделенная_от_проезжей_части', 'объект_здание_сооружение_религиозного_культа', 'зоны_отдыха', 'ледовая_переправаофициально_открытая_и_оборудованная', 'автостоянка_отделенная_от_проезжей_части', 'иной_объект', 'кладбище', 'стихийно_возникшая_не_предусмотренная_ледовая_переправа', 'ледовая_переправа_официально_открытая_и_оборудованная']
17:24:01 | TagsProcessor        | INFO     | <<< [КОНЕЦ] Обработка объектов окружения (nearby). Время: 0.22 сек.
17:24:01 | SpatialProcessor     | INFO     | >>> [НАЧАЛО] Обработка географических признаков...
17:24:01 | SpatialProcessor     | INFO     |    [i] Координаты обработаны.
17:24:01 | SpatialProcessor     | INFO     |    [i] Регионы (дочерный и родительский) обработаны.
17:24:01 | SpatialProcessor     | INFO     |    [i] Схемы обработаны (fillna + split).
17:24:01 | SpatialProcessor     | INFO     | <<< [КОНЕЦ] Обработка географических признаков. Время: 0.11 сек.
17:24:01 | CategoryProcessor    | INFO     | >>> [НАЧАЛО] Обработка категории дтп...
17:24:01 | CategoryProcessor    | WARNING  | Колонка 'category': 1 новых значений вне Whitelist → заменены на 'иной_вид_дтп'. Примеры: [наезд_на_гужевой_транспорт]. Затронуто 1 строк (0.01%).
17:24:01 | CategoryProcessor    | INFO     |    [i] Топ-3 категории: {'столкновение': 4004, 'наезд_на_пешехода': 2730, 'опрокидывание': 926}
17:24:01 | CategoryProcessor    | INFO     | <<< [КОНЕЦ] Обработка категории дтп. Время: 0.06 сек.
17:24:01 | ConditionsProcessor  | INFO     | >>> [НАЧАЛО] Обработка списков погоды и дорожных условий...
17:24:01 | ConditionsProcessor  | INFO     |    [i] Погода обработана.
17:24:01 | ConditionsProcessor  | WARNING  | Колонка 'road_conditions': 2 неизвестных тегов → 'road_other'. Примеры: [неудовлетворительное_состояние_разделительной_полосы, отсутствие_направляющих_устройств_и_световозвращающих_элементов_на_них]. Затронуто 19 строк (0.19%).
17:24:01 | ConditionsProcessor  | INFO     |    [i] Дорожные условия обработаны.
17:24:01 | ConditionsProcessor  | INFO     | <<< [КОНЕЦ] Обработка списков погоды и дорожных условий. Время: 0.28 сек.
17:24:01 | VehicleProcessor     | INFO     | >>> [НАЧАЛО] Обработка автомобилей (Счетчики, Возраст, Взаимодействие)...
17:24:02 | VehicleProcessor     | INFO     | <<< [КОНЕЦ] Обработка автомобилей (Счетчики, Возраст, Взаимодействие). Время: 0.60 сек.
17:24:02 | ParticipantProcessor | INFO     | >>> [НАЧАЛО] Обработка участников (Режим нарушений: post_event)...
17:24:02 | ParticipantProcessor | INFO     | <<< [КОНЕЦ] Обработка участников (Режим нарушений: post_event). Время: 0.79 сек.
17:24:03 | TargetProcessor      | INFO     | >>> [НАЧАЛО] Кодирование целевой переменной severity...
17:24:03 | TargetProcessor      | INFO     |    [i] Баланс классов: {0: 6424, 1: 3052, 2: 690}
17:24:03 | TargetProcessor      | INFO     | <<< [КОНЕЦ] Кодирование целевой переменной severity. Время: 0.05 сек.
17:24:03 | DtpPipeline          | INFO     | ================================================================================
17:24:03 | DtpPipeline          | INFO     | ===== ЗАПУСК ОБРАБОТКИ ФАЙЛА: respublika-krym.geojson.zip =====
17:24:03 | DtpPipeline          | INFO     | ================================================================================
17:24:03 | JsonDataLoader       | INFO     | Загрузка: data/need_process\respublika-krym.geojson.zip
17:24:03 | JsonDataLoader       | INFO     | Чтение из архива: respublika-krym.geojson
17:24:04 | JsonDataLoader       | INFO     | Формат: GeoJSON.
17:24:04 | JsonDataLoader       | INFO     | Загружено строк: 17896. Колонок: 24
17:24:04 | CleaningProcessor    | INFO     | --- Запуск очистки данных ---
17:24:04 | CleaningProcessor    | INFO     | Удален технический мусор: ['id', 'coordinates', 'address']
17:24:04 | CleaningProcessor    | INFO     | Удалены поля с утечкой данных (Leakage): ['dead_count', 'injured_count', 'participants_count']
17:24:04 | TemporalProcessor    | INFO     | >>> [НАЧАЛО] Обработка времени и освещения...
17:24:04 | TemporalProcessor    | INFO     |    [i] Циклы времени созданы.
17:24:05 | TemporalProcessor    | INFO     |    [i] Свет обработан.
17:24:05 | TemporalProcessor    | INFO     |    [-] Колонка 'datetime' удалена.
17:24:05 | TemporalProcessor    | INFO     | <<< [КОНЕЦ] Обработка времени и освещения. Время: 0.14 сек.
17:24:05 | TagsProcessor        | INFO     | >>> [НАЧАЛО] Обработка объектов окружения (nearby)...
17:24:05 | TagsProcessor        | INFO     |    [i] Строк с тегами 'other': 8.49% (1520/17896)
17:24:05 | TagsProcessor        | WARNING  | Примеры тегов, попавших в 'other': ['производственное_предприятие', 'место_для_перегона_скота', 'объект_строительства', 'автостоянка_не_отделенная_от_проезжей_части', 'объект_здание_сооружение_религиозного_культа', 'зоны_отдыха', 'автостоянка_отделенная_от_проезжей_части', 'кладбище', 'иной_объект']
17:24:05 | TagsProcessor        | INFO     | <<< [КОНЕЦ] Обработка объектов окружения (nearby). Время: 0.36 сек.
17:24:05 | SpatialProcessor     | INFO     | >>> [НАЧАЛО] Обработка географических признаков...
17:24:05 | SpatialProcessor     | INFO     |    [i] Координаты обработаны.
17:24:05 | SpatialProcessor     | INFO     |    [i] Регионы (дочерный и родительский) обработаны.
17:24:05 | SpatialProcessor     | INFO     |    [i] Схемы обработаны (fillna + split).
17:24:05 | SpatialProcessor     | INFO     | <<< [КОНЕЦ] Обработка географических признаков. Время: 0.19 сек.
17:24:05 | CategoryProcessor    | INFO     | >>> [НАЧАЛО] Обработка категории дтп...
17:24:05 | CategoryProcessor    | WARNING  | Колонка 'category': 1 новых значений вне Whitelist → заменены на 'иной_вид_дтп'. Примеры: [возгорание_вследствие_технической_неисправности_движущегося_или_остановившегося_тс_участвующего_в_дорожном_движении]. Затронуто 2 строк (0.01%).
17:24:05 | CategoryProcessor    | INFO     |    [i] Топ-3 категории: {'столкновение': 8040, 'наезд_на_пешехода': 5009, 'наезд_на_препятствие': 1357}
17:24:05 | CategoryProcessor    | INFO     | <<< [КОНЕЦ] Обработка категории дтп. Время: 0.10 сек.
17:24:05 | ConditionsProcessor  | INFO     | >>> [НАЧАЛО] Обработка списков погоды и дорожных условий...
17:24:05 | ConditionsProcessor  | INFO     |    [i] Погода обработана.
17:24:06 | ConditionsProcessor  | WARNING  | Колонка 'road_conditions': 2 неизвестных тегов → 'road_other'. Примеры: [неудовлетворительное_состояние_разделительной_полосы, отсутствие_направляющих_устройств_и_световозвращающих_элементов_на_них]. Затронуто 85 строк (0.47%).
17:24:06 | ConditionsProcessor  | INFO     |    [i] Дорожные условия обработаны.
17:24:06 | ConditionsProcessor  | INFO     | <<< [КОНЕЦ] Обработка списков погоды и дорожных условий. Время: 0.43 сек.
17:24:06 | VehicleProcessor     | INFO     | >>> [НАЧАЛО] Обработка автомобилей (Счетчики, Возраст, Взаимодействие)...
17:24:07 | VehicleProcessor     | INFO     | <<< [КОНЕЦ] Обработка автомобилей (Счетчики, Возраст, Взаимодействие). Время: 1.08 сек.
17:24:07 | ParticipantProcessor | INFO     | >>> [НАЧАЛО] Обработка участников (Режим нарушений: post_event)...
17:24:08 | ParticipantProcessor | INFO     | <<< [КОНЕЦ] Обработка участников (Режим нарушений: post_event). Время: 1.29 сек.
17:24:08 | TargetProcessor      | INFO     | >>> [НАЧАЛО] Кодирование целевой переменной severity...
17:24:08 | TargetProcessor      | INFO     |    [i] Баланс классов: {0: 8947, 1: 6461, 2: 2488}
17:24:08 | TargetProcessor      | INFO     | <<< [КОНЕЦ] Кодирование целевой переменной severity. Время: 0.07 сек.
17:24:08 | DtpPipeline          | INFO     | ================================================================================
17:24:08 | DtpPipeline          | INFO     | ===== ЗАПУСК ОБРАБОТКИ ФАЙЛА: respublika-marii-el.geojson.zip =====
17:24:08 | DtpPipeline          | INFO     | ================================================================================
17:24:08 | JsonDataLoader       | INFO     | Загрузка: data/need_process\respublika-marii-el.geojson.zip
17:24:08 | JsonDataLoader       | INFO     | Чтение из архива: respublika-marii-el.geojson
17:24:08 | JsonDataLoader       | INFO     | Формат: GeoJSON.
17:24:09 | JsonDataLoader       | INFO     | Загружено строк: 8065. Колонок: 24
17:24:09 | CleaningProcessor    | INFO     | --- Запуск очистки данных ---
17:24:09 | CleaningProcessor    | INFO     | Удален технический мусор: ['id', 'coordinates', 'address']
17:24:09 | CleaningProcessor    | INFO     | Удалены поля с утечкой данных (Leakage): ['dead_count', 'injured_count', 'participants_count']
17:24:09 | TemporalProcessor    | INFO     | >>> [НАЧАЛО] Обработка времени и освещения...
17:24:09 | TemporalProcessor    | INFO     |    [i] Циклы времени созданы.
17:24:09 | TemporalProcessor    | INFO     |    [i] Свет обработан.
17:24:09 | TemporalProcessor    | INFO     |    [-] Колонка 'datetime' удалена.
17:24:09 | TemporalProcessor    | INFO     | <<< [КОНЕЦ] Обработка времени и освещения. Время: 0.07 сек.
17:24:09 | TagsProcessor        | INFO     | >>> [НАЧАЛО] Обработка объектов окружения (nearby)...
17:24:10 | TagsProcessor        | INFO     |    [i] Строк с тегами 'other': 16.65% (1343/8065)
17:24:10 | TagsProcessor        | WARNING  | Примеры тегов, попавших в 'other': ['производственное_предприятие', 'объект_строительства', 'автостоянка_не_отделенная_от_проезжей_части', 'объект_здание_сооружение_религиозного_культа', 'зоны_отдыха', 'автостоянка_отделенная_от_проезжей_части', 'кладбище', 'иной_объект', 'стихийно_возникшая_не_предусмотренная_ледовая_переправа']
17:24:10 | TagsProcessor        | INFO     | <<< [КОНЕЦ] Обработка объектов окружения (nearby). Время: 0.24 сек.
17:24:10 | SpatialProcessor     | INFO     | >>> [НАЧАЛО] Обработка географических признаков...
17:24:10 | SpatialProcessor     | INFO     |    [i] Координаты обработаны.
17:24:10 | SpatialProcessor     | INFO     |    [i] Регионы (дочерный и родительский) обработаны.
17:24:10 | SpatialProcessor     | INFO     |    [i] Схемы обработаны (fillna + split).
17:24:10 | SpatialProcessor     | INFO     | <<< [КОНЕЦ] Обработка географических признаков. Время: 0.11 сек.
17:24:10 | CategoryProcessor    | INFO     | >>> [НАЧАЛО] Обработка категории дтп...
17:24:10 | CategoryProcessor    | INFO     |    [i] Топ-3 категории: {'столкновение': 3282, 'наезд_на_пешехода': 2195, 'съезд_с_дороги': 686}
17:24:10 | CategoryProcessor    | INFO     | <<< [КОНЕЦ] Обработка категории дтп. Время: 0.04 сек.
17:24:10 | ConditionsProcessor  | INFO     | >>> [НАЧАЛО] Обработка списков погоды и дорожных условий...
17:24:10 | ConditionsProcessor  | INFO     |    [i] Погода обработана.
17:24:10 | ConditionsProcessor  | WARNING  | Колонка 'road_conditions': 1 неизвестных тегов → 'road_other'. Примеры: [отсутствие_направляющих_устройств_и_световозвращающих_элементов_на_них]. Затронуто 51 строк (0.63%).
17:24:10 | ConditionsProcessor  | INFO     |    [i] Дорожные условия обработаны.
17:24:10 | ConditionsProcessor  | INFO     | <<< [КОНЕЦ] Обработка списков погоды и дорожных условий. Время: 0.22 сек.
17:24:10 | VehicleProcessor     | INFO     | >>> [НАЧАЛО] Обработка автомобилей (Счетчики, Возраст, Взаимодействие)...
17:24:11 | VehicleProcessor     | INFO     | <<< [КОНЕЦ] Обработка автомобилей (Счетчики, Возраст, Взаимодействие). Время: 0.49 сек.
17:24:11 | ParticipantProcessor | INFO     | >>> [НАЧАЛО] Обработка участников (Режим нарушений: post_event)...
17:24:11 | ParticipantProcessor | INFO     | <<< [КОНЕЦ] Обработка участников (Режим нарушений: post_event). Время: 0.58 сек.
17:24:11 | TargetProcessor      | INFO     | >>> [НАЧАЛО] Кодирование целевой переменной severity...
17:24:11 | TargetProcessor      | INFO     |    [i] Баланс классов: {0: 4438, 1: 2838, 2: 789}
17:24:11 | TargetProcessor      | INFO     | <<< [КОНЕЦ] Кодирование целевой переменной severity. Время: 0.04 сек.
17:24:11 | DtpPipeline          | INFO     | ================================================================================
17:24:11 | DtpPipeline          | INFO     | ===== ЗАПУСК ОБРАБОТКИ ФАЙЛА: respublika-mordoviia.geojson.zip =====
17:24:11 | DtpPipeline          | INFO     | ================================================================================
17:24:11 | JsonDataLoader       | INFO     | Загрузка: data/need_process\respublika-mordoviia.geojson.zip
17:24:11 | JsonDataLoader       | INFO     | Чтение из архива: respublika-mordoviia.geojson
17:24:12 | JsonDataLoader       | INFO     | Формат: GeoJSON.
17:24:12 | JsonDataLoader       | INFO     | Загружено строк: 9073. Колонок: 24
17:24:12 | CleaningProcessor    | INFO     | --- Запуск очистки данных ---
17:24:12 | CleaningProcessor    | INFO     | Удален технический мусор: ['id', 'coordinates', 'address']
17:24:12 | CleaningProcessor    | INFO     | Удалены поля с утечкой данных (Leakage): ['dead_count', 'injured_count', 'participants_count']
17:24:12 | TemporalProcessor    | INFO     | >>> [НАЧАЛО] Обработка времени и освещения...
17:24:12 | TemporalProcessor    | INFO     |    [i] Циклы времени созданы.
17:24:12 | TemporalProcessor    | INFO     |    [i] Свет обработан.
17:24:12 | TemporalProcessor    | INFO     |    [-] Колонка 'datetime' удалена.
17:24:12 | TemporalProcessor    | INFO     | <<< [КОНЕЦ] Обработка времени и освещения. Время: 0.08 сек.
17:24:12 | TagsProcessor        | INFO     | >>> [НАЧАЛО] Обработка объектов окружения (nearby)...
17:24:12 | TagsProcessor        | INFO     |    [i] Строк с тегами 'other': 5.26% (477/9073)
17:24:12 | TagsProcessor        | WARNING  | Примеры тегов, попавших в 'other': ['производственное_предприятие', 'объект_строительства', 'автостоянка_не_отделенная_от_проезжей_части', 'объект_здание_сооружение_религиозного_культа', 'зоны_отдыха', 'автостоянка_отделенная_от_проезжей_части', 'иной_объект', 'кладбище']
17:24:12 | TagsProcessor        | INFO     | <<< [КОНЕЦ] Обработка объектов окружения (nearby). Время: 0.16 сек.
17:24:12 | SpatialProcessor     | INFO     | >>> [НАЧАЛО] Обработка географических признаков...
17:24:12 | SpatialProcessor     | INFO     |    [i] Координаты обработаны.
17:24:12 | SpatialProcessor     | INFO     |    [i] Регионы (дочерный и родительский) обработаны.
17:24:12 | SpatialProcessor     | INFO     |    [i] Схемы обработаны (fillna + split).
17:24:12 | SpatialProcessor     | INFO     | <<< [КОНЕЦ] Обработка географических признаков. Время: 0.12 сек.
17:24:12 | CategoryProcessor    | INFO     | >>> [НАЧАЛО] Обработка категории дтп...
17:24:12 | CategoryProcessor    | WARNING  | Колонка 'category': 2 новых значений вне Whitelist → заменены на 'иной_вид_дтп'. Примеры: [наезд_на_гужевой_транспорт, возгорание_вследствие_технической_неисправности_движущегося_или_остановившегося_тс_участвующего_в_дорожном_движении]. Затронуто 3 строк (0.03%).
17:24:12 | CategoryProcessor    | INFO     |    [i] Топ-3 категории: {'столкновение': 3824, 'наезд_на_пешехода': 2181, 'съезд_с_дороги': 822}
17:24:12 | CategoryProcessor    | INFO     | <<< [КОНЕЦ] Обработка категории дтп. Время: 0.05 сек.
17:24:12 | ConditionsProcessor  | INFO     | >>> [НАЧАЛО] Обработка списков погоды и дорожных условий...
17:24:12 | ConditionsProcessor  | INFO     |    [i] Погода обработана.
17:24:12 | ConditionsProcessor  | WARNING  | Колонка 'road_conditions': 2 неизвестных тегов → 'road_other'. Примеры: [неудовлетворительное_состояние_разделительной_полосы, отсутствие_направляющих_устройств_и_световозвращающих_элементов_на_них]. Затронуто 12 строк (0.13%).
17:24:13 | ConditionsProcessor  | INFO     |    [i] Дорожные условия обработаны.
17:24:13 | ConditionsProcessor  | INFO     | <<< [КОНЕЦ] Обработка списков погоды и дорожных условий. Время: 0.21 сек.
17:24:13 | VehicleProcessor     | INFO     | >>> [НАЧАЛО] Обработка автомобилей (Счетчики, Возраст, Взаимодействие)...
17:24:13 | VehicleProcessor     | INFO     | <<< [КОНЕЦ] Обработка автомобилей (Счетчики, Возраст, Взаимодействие). Время: 0.53 сек.
17:24:13 | ParticipantProcessor | INFO     | >>> [НАЧАЛО] Обработка участников (Режим нарушений: post_event)...
17:24:14 | ParticipantProcessor | INFO     | <<< [КОНЕЦ] Обработка участников (Режим нарушений: post_event). Время: 0.63 сек.
17:24:14 | TargetProcessor      | INFO     | >>> [НАЧАЛО] Кодирование целевой переменной severity...
17:24:14 | TargetProcessor      | INFO     |    [i] Баланс классов: {0: 4985, 1: 2985, 2: 1103}
17:24:14 | TargetProcessor      | INFO     | <<< [КОНЕЦ] Кодирование целевой переменной severity. Время: 0.04 сек.
17:24:14 | DtpPipeline          | INFO     | ================================================================================
17:24:14 | DtpPipeline          | INFO     | ===== ЗАПУСК ОБРАБОТКИ ФАЙЛА: respublika-sakha-iakutiia.geojson.zip =====
17:24:14 | DtpPipeline          | INFO     | ================================================================================
17:24:14 | JsonDataLoader       | INFO     | Загрузка: data/need_process\respublika-sakha-iakutiia.geojson.zip
17:24:14 | JsonDataLoader       | INFO     | Чтение из архива: respublika-sakha-iakutiia.geojson
17:24:15 | JsonDataLoader       | INFO     | Формат: GeoJSON.
17:24:15 | JsonDataLoader       | INFO     | Загружено строк: 8811. Колонок: 24
17:24:15 | CleaningProcessor    | INFO     | --- Запуск очистки данных ---
17:24:15 | CleaningProcessor    | INFO     | Удален технический мусор: ['id', 'coordinates', 'address']
17:24:15 | CleaningProcessor    | INFO     | Удалены поля с утечкой данных (Leakage): ['dead_count', 'injured_count', 'participants_count']
17:24:15 | TemporalProcessor    | INFO     | >>> [НАЧАЛО] Обработка времени и освещения...
17:24:15 | TemporalProcessor    | INFO     |    [i] Циклы времени созданы.
17:24:15 | TemporalProcessor    | INFO     |    [i] Свет обработан.
17:24:15 | TemporalProcessor    | INFO     |    [-] Колонка 'datetime' удалена.
17:24:15 | TemporalProcessor    | INFO     | <<< [КОНЕЦ] Обработка времени и освещения. Время: 0.07 сек.
17:24:15 | TagsProcessor        | INFO     | >>> [НАЧАЛО] Обработка объектов окружения (nearby)...
17:24:15 | TagsProcessor        | INFO     |    [i] Строк с тегами 'other': 5.96% (525/8811)
17:24:15 | TagsProcessor        | WARNING  | Примеры тегов, попавших в 'other': ['производственное_предприятие', 'место_для_перегона_скота', 'объект_строительства', 'автостоянка_не_отделенная_от_проезжей_части', 'ледовая_переправа', 'объект_здание_сооружение_религиозного_культа', 'зоны_отдыха', 'ледовая_переправаофициально_открытая_и_оборудованная', 'автостоянка_отделенная_от_проезжей_части', 'иной_объект', 'кладбище', 'стихийно_возникшая_не_предусмотренная_ледовая_переправа', 'ледовая_переправа_официально_открытая_и_оборудованная']
17:24:15 | TagsProcessor        | INFO     | <<< [КОНЕЦ] Обработка объектов окружения (nearby). Время: 0.17 сек.
17:24:15 | SpatialProcessor     | INFO     | >>> [НАЧАЛО] Обработка географических признаков...
17:24:15 | SpatialProcessor     | INFO     |    [i] Координаты обработаны.
17:24:15 | SpatialProcessor     | INFO     |    [i] Регионы (дочерный и родительский) обработаны.
17:24:15 | SpatialProcessor     | INFO     |    [i] Схемы обработаны (fillna + split).
17:24:15 | SpatialProcessor     | INFO     | <<< [КОНЕЦ] Обработка географических признаков. Время: 0.10 сек.
17:24:15 | CategoryProcessor    | INFO     | >>> [НАЧАЛО] Обработка категории дтп...
17:24:15 | CategoryProcessor    | WARNING  | Колонка 'category': 1 новых значений вне Whitelist → заменены на 'иной_вид_дтп'. Примеры: [возгорание_вследствие_технической_неисправности_движущегося_или_остановившегося_тс_участвующего_в_дорожном_движении]. Затронуто 1 строк (0.01%).
17:24:15 | CategoryProcessor    | INFO     |    [i] Топ-3 категории: {'столкновение': 3245, 'наезд_на_пешехода': 2449, 'опрокидывание': 1200}
17:24:15 | CategoryProcessor    | INFO     | <<< [КОНЕЦ] Обработка категории дтп. Время: 0.05 сек.
17:24:15 | ConditionsProcessor  | INFO     | >>> [НАЧАЛО] Обработка списков погоды и дорожных условий...
17:24:16 | ConditionsProcessor  | INFO     |    [i] Погода обработана.
17:24:16 | ConditionsProcessor  | WARNING  | Колонка 'road_conditions': 2 неизвестных тегов → 'road_other'. Примеры: [неудовлетворительное_состояние_разделительной_полосы, отсутствие_направляющих_устройств_и_световозвращающих_элементов_на_них]. Затронуто 14 строк (0.16%).
17:24:16 | ConditionsProcessor  | INFO     |    [i] Дорожные условия обработаны.
17:24:16 | ConditionsProcessor  | INFO     | <<< [КОНЕЦ] Обработка списков погоды и дорожных условий. Время: 0.19 сек.
17:24:16 | VehicleProcessor     | INFO     | >>> [НАЧАЛО] Обработка автомобилей (Счетчики, Возраст, Взаимодействие)...
17:24:16 | VehicleProcessor     | INFO     | <<< [КОНЕЦ] Обработка автомобилей (Счетчики, Возраст, Взаимодействие). Время: 0.51 сек.
17:24:16 | ParticipantProcessor | INFO     | >>> [НАЧАЛО] Обработка участников (Режим нарушений: post_event)...
17:24:17 | ParticipantProcessor | INFO     | <<< [КОНЕЦ] Обработка участников (Режим нарушений: post_event). Время: 0.67 сек.
17:24:17 | TargetProcessor      | INFO     | >>> [НАЧАЛО] Кодирование целевой переменной severity...
17:24:17 | TargetProcessor      | INFO     |    [i] Баланс классов: {0: 4964, 1: 3052, 2: 795}
17:24:17 | TargetProcessor      | INFO     | <<< [КОНЕЦ] Кодирование целевой переменной severity. Время: 0.04 сек.
17:24:17 | DtpPipeline          | INFO     | ================================================================================
17:24:17 | DtpPipeline          | INFO     | ===== ЗАПУСК ОБРАБОТКИ ФАЙЛА: respublika-severnaia-osetiia-alaniia.geojson.zip =====
17:24:17 | DtpPipeline          | INFO     | ================================================================================
17:24:17 | JsonDataLoader       | INFO     | Загрузка: data/need_process\respublika-severnaia-osetiia-alaniia.geojson.zip
17:24:17 | JsonDataLoader       | INFO     | Чтение из архива: respublika-severnaia-osetiia-alaniia.geojson
17:24:17 | JsonDataLoader       | INFO     | Формат: GeoJSON.
17:24:17 | JsonDataLoader       | INFO     | Загружено строк: 8388. Колонок: 24
17:24:17 | CleaningProcessor    | INFO     | --- Запуск очистки данных ---
17:24:17 | CleaningProcessor    | INFO     | Удален технический мусор: ['id', 'coordinates', 'address']
17:24:17 | CleaningProcessor    | INFO     | Удалены поля с утечкой данных (Leakage): ['dead_count', 'injured_count', 'participants_count']
17:24:17 | TemporalProcessor    | INFO     | >>> [НАЧАЛО] Обработка времени и освещения...
17:24:17 | TemporalProcessor    | INFO     |    [i] Циклы времени созданы.
17:24:17 | TemporalProcessor    | INFO     |    [i] Свет обработан.
17:24:18 | TemporalProcessor    | INFO     |    [-] Колонка 'datetime' удалена.
17:24:18 | TemporalProcessor    | INFO     | <<< [КОНЕЦ] Обработка времени и освещения. Время: 0.07 сек.
17:24:18 | TagsProcessor        | INFO     | >>> [НАЧАЛО] Обработка объектов окружения (nearby)...
17:24:18 | TagsProcessor        | INFO     |    [i] Строк с тегами 'other': 5.38% (451/8388)
17:24:18 | TagsProcessor        | WARNING  | Примеры тегов, попавших в 'other': ['производственное_предприятие', 'объект_строительства', 'автостоянка_не_отделенная_от_проезжей_части', 'объект_здание_сооружение_религиозного_культа', 'зоны_отдыха', 'автостоянка_отделенная_от_проезжей_части', 'иной_объект', 'кладбище']
17:24:18 | TagsProcessor        | INFO     | <<< [КОНЕЦ] Обработка объектов окружения (nearby). Время: 0.17 сек.
17:24:18 | SpatialProcessor     | INFO     | >>> [НАЧАЛО] Обработка географических признаков...
17:24:18 | SpatialProcessor     | INFO     |    [i] Координаты обработаны.
17:24:18 | SpatialProcessor     | INFO     |    [i] Регионы (дочерный и родительский) обработаны.
17:24:18 | SpatialProcessor     | INFO     |    [i] Схемы обработаны (fillna + split).
17:24:18 | SpatialProcessor     | INFO     | <<< [КОНЕЦ] Обработка географических признаков. Время: 0.11 сек.
17:24:18 | CategoryProcessor    | INFO     | >>> [НАЧАЛО] Обработка категории дтп...
17:24:18 | CategoryProcessor    | WARNING  | Колонка 'category': 2 новых значений вне Whitelist → заменены на 'иной_вид_дтп'. Примеры: [наезд_на_гужевой_транспорт, возгорание_вследствие_технической_неисправности_движущегося_или_остановившегося_тс_участвующего_в_дорожном_движении]. Затронуто 7 строк (0.08%).
17:24:18 | CategoryProcessor    | INFO     |    [i] Топ-3 категории: {'столкновение': 3978, 'наезд_на_пешехода': 1947, 'наезд_на_препятствие': 757}
17:24:18 | CategoryProcessor    | INFO     | <<< [КОНЕЦ] Обработка категории дтп. Время: 0.06 сек.
17:24:18 | ConditionsProcessor  | INFO     | >>> [НАЧАЛО] Обработка списков погоды и дорожных условий...
17:24:18 | ConditionsProcessor  | INFO     |    [i] Погода обработана.
17:24:18 | ConditionsProcessor  | WARNING  | Колонка 'road_conditions': 2 неизвестных тегов → 'road_other'. Примеры: [неудовлетворительное_состояние_разделительной_полосы, отсутствие_направляющих_устройств_и_световозвращающих_элементов_на_них]. Затронуто 4 строк (0.05%).
17:24:18 | ConditionsProcessor  | INFO     |    [i] Дорожные условия обработаны.
17:24:18 | ConditionsProcessor  | INFO     | <<< [КОНЕЦ] Обработка списков погоды и дорожных условий. Время: 0.19 сек.
17:24:18 | VehicleProcessor     | INFO     | >>> [НАЧАЛО] Обработка автомобилей (Счетчики, Возраст, Взаимодействие)...
17:24:19 | VehicleProcessor     | INFO     | <<< [КОНЕЦ] Обработка автомобилей (Счетчики, Возраст, Взаимодействие). Время: 0.47 сек.
17:24:19 | ParticipantProcessor | INFO     | >>> [НАЧАЛО] Обработка участников (Режим нарушений: post_event)...
17:24:19 | ParticipantProcessor | INFO     | <<< [КОНЕЦ] Обработка участников (Режим нарушений: post_event). Время: 0.64 сек.
17:24:19 | TargetProcessor      | INFO     | >>> [НАЧАЛО] Кодирование целевой переменной severity...
17:24:19 | TargetProcessor      | INFO     |    [i] Баланс классов: {0: 3915, 1: 3631, 2: 842}
17:24:19 | TargetProcessor      | INFO     | <<< [КОНЕЦ] Кодирование целевой переменной severity. Время: 0.04 сек.
17:24:19 | DtpPipeline          | INFO     | ================================================================================
17:24:19 | DtpPipeline          | INFO     | ===== ЗАПУСК ОБРАБОТКИ ФАЙЛА: respublika-tatarstan-tatarstan.geojson.zip =====
17:24:19 | DtpPipeline          | INFO     | ================================================================================
17:24:19 | JsonDataLoader       | INFO     | Загрузка: data/need_process\respublika-tatarstan-tatarstan.geojson.zip
17:24:19 | JsonDataLoader       | INFO     | Чтение из архива: respublika-tatarstan-tatarstan.geojson
17:24:23 | JsonDataLoader       | INFO     | Формат: GeoJSON.
17:24:24 | JsonDataLoader       | INFO     | Загружено строк: 43066. Колонок: 24
17:24:24 | CleaningProcessor    | INFO     | --- Запуск очистки данных ---
17:24:24 | CleaningProcessor    | INFO     | Удален технический мусор: ['id', 'coordinates', 'address']
17:24:24 | CleaningProcessor    | INFO     | Удалены поля с утечкой данных (Leakage): ['dead_count', 'injured_count', 'participants_count']
17:24:24 | TemporalProcessor    | INFO     | >>> [НАЧАЛО] Обработка времени и освещения...
17:24:24 | TemporalProcessor    | INFO     |    [i] Циклы времени созданы.
17:24:24 | TemporalProcessor    | INFO     |    [i] Свет обработан.
17:24:24 | TemporalProcessor    | INFO     |    [-] Колонка 'datetime' удалена.
17:24:24 | TemporalProcessor    | INFO     | <<< [КОНЕЦ] Обработка времени и освещения. Время: 0.33 сек.
17:24:24 | TagsProcessor        | INFO     | >>> [НАЧАЛО] Обработка объектов окружения (nearby)...
17:24:25 | TagsProcessor        | INFO     |    [i] Строк с тегами 'other': 6.03% (2595/43066)
17:24:25 | TagsProcessor        | WARNING  | Примеры тегов, попавших в 'other': ['производственное_предприятие', 'место_для_перегона_скота', 'объект_строительства', 'автостоянка_не_отделенная_от_проезжей_части', 'объект_здание_сооружение_религиозного_культа', 'зоны_отдыха', 'автостоянка_отделенная_от_проезжей_части', 'иной_объект', 'кладбище', 'стихийно_возникшая_не_предусмотренная_ледовая_переправа']
17:24:25 | TagsProcessor        | INFO     | <<< [КОНЕЦ] Обработка объектов окружения (nearby). Время: 0.90 сек.
17:24:25 | SpatialProcessor     | INFO     | >>> [НАЧАЛО] Обработка географических признаков...
17:24:25 | SpatialProcessor     | INFO     |    [i] Координаты обработаны.
17:24:26 | SpatialProcessor     | INFO     |    [i] Регионы (дочерный и родительский) обработаны.
17:24:26 | SpatialProcessor     | INFO     |    [i] Схемы обработаны (fillna + split).
17:24:26 | SpatialProcessor     | INFO     | <<< [КОНЕЦ] Обработка географических признаков. Время: 0.49 сек.
17:24:26 | CategoryProcessor    | INFO     | >>> [НАЧАЛО] Обработка категории дтп...
17:24:26 | CategoryProcessor    | WARNING  | Колонка 'category': 2 новых значений вне Whitelist → заменены на 'иной_вид_дтп'. Примеры: [наезд_на_гужевой_транспорт, возгорание_вследствие_технической_неисправности_движущегося_или_остановившегося_тс_участвующего_в_дорожном_движении]. Затронуто 20 строк (0.05%).
17:24:26 | CategoryProcessor    | INFO     |    [i] Топ-3 категории: {'столкновение': 18879, 'наезд_на_пешехода': 13275, 'опрокидывание': 2578}
17:24:26 | CategoryProcessor    | INFO     | <<< [КОНЕЦ] Обработка категории дтп. Время: 0.24 сек.
17:24:26 | ConditionsProcessor  | INFO     | >>> [НАЧАЛО] Обработка списков погоды и дорожных условий...
17:24:26 | ConditionsProcessor  | INFO     |    [i] Погода обработана.
17:24:27 | ConditionsProcessor  | WARNING  | Колонка 'road_conditions': 2 неизвестных тегов → 'road_other'. Примеры: [неудовлетворительное_состояние_разделительной_полосы, отсутствие_направляющих_устройств_и_световозвращающих_элементов_на_них]. Затронуто 204 строк (0.47%).
17:24:27 | ConditionsProcessor  | INFO     |    [i] Дорожные условия обработаны.
17:24:27 | ConditionsProcessor  | INFO     | <<< [КОНЕЦ] Обработка списков погоды и дорожных условий. Время: 0.93 сек.
17:24:27 | VehicleProcessor     | INFO     | >>> [НАЧАЛО] Обработка автомобилей (Счетчики, Возраст, Взаимодействие)...
17:24:30 | VehicleProcessor     | INFO     | <<< [КОНЕЦ] Обработка автомобилей (Счетчики, Возраст, Взаимодействие). Время: 2.65 сек.
17:24:30 | ParticipantProcessor | INFO     | >>> [НАЧАЛО] Обработка участников (Режим нарушений: post_event)...
17:24:32 | ParticipantProcessor | INFO     | <<< [КОНЕЦ] Обработка участников (Режим нарушений: post_event). Время: 2.75 сек.
17:24:32 | TargetProcessor      | INFO     | >>> [НАЧАЛО] Кодирование целевой переменной severity...
17:24:33 | TargetProcessor      | INFO     |    [i] Баланс классов: {0: 27926, 1: 11904, 2: 3236}
17:24:33 | TargetProcessor      | INFO     | <<< [КОНЕЦ] Кодирование целевой переменной severity. Время: 0.22 сек.
17:24:33 | DtpPipeline          | INFO     | ================================================================================
17:24:33 | DtpPipeline          | INFO     | ===== ЗАПУСК ОБРАБОТКИ ФАЙЛА: respublika-tyva.geojson.zip =====
17:24:33 | DtpPipeline          | INFO     | ================================================================================
17:24:33 | JsonDataLoader       | INFO     | Загрузка: data/need_process\respublika-tyva.geojson.zip
17:24:33 | JsonDataLoader       | INFO     | Чтение из архива: respublika-tyva.geojson
17:24:33 | JsonDataLoader       | INFO     | Формат: GeoJSON.
17:24:33 | JsonDataLoader       | INFO     | Загружено строк: 5274. Колонок: 24
17:24:33 | CleaningProcessor    | INFO     | --- Запуск очистки данных ---
17:24:33 | CleaningProcessor    | INFO     | Удален технический мусор: ['id', 'coordinates', 'address']
17:24:33 | CleaningProcessor    | INFO     | Удалены поля с утечкой данных (Leakage): ['dead_count', 'injured_count', 'participants_count']
17:24:33 | TemporalProcessor    | INFO     | >>> [НАЧАЛО] Обработка времени и освещения...
17:24:33 | TemporalProcessor    | INFO     |    [i] Циклы времени созданы.
17:24:33 | TemporalProcessor    | INFO     |    [i] Свет обработан.
17:24:33 | TemporalProcessor    | INFO     |    [-] Колонка 'datetime' удалена.
17:24:33 | TemporalProcessor    | INFO     | <<< [КОНЕЦ] Обработка времени и освещения. Время: 0.05 сек.
17:24:33 | TagsProcessor        | INFO     | >>> [НАЧАЛО] Обработка объектов окружения (nearby)...
17:24:33 | TagsProcessor        | INFO     |    [i] Строк с тегами 'other': 7.60% (401/5274)
17:24:33 | TagsProcessor        | WARNING  | Примеры тегов, попавших в 'other': ['производственное_предприятие', 'объект_строительства', 'автостоянка_не_отделенная_от_проезжей_части', 'объект_здание_сооружение_религиозного_культа', 'зоны_отдыха', 'автостоянка_отделенная_от_проезжей_части', 'кладбище', 'иной_объект']
17:24:33 | TagsProcessor        | INFO     | <<< [КОНЕЦ] Обработка объектов окружения (nearby). Время: 0.12 сек.
17:24:33 | SpatialProcessor     | INFO     | >>> [НАЧАЛО] Обработка географических признаков...
17:24:33 | SpatialProcessor     | INFO     |    [i] Координаты обработаны.
17:24:33 | SpatialProcessor     | INFO     |    [i] Регионы (дочерный и родительский) обработаны.
17:24:33 | SpatialProcessor     | INFO     |    [i] Схемы обработаны (fillna + split).
17:24:33 | SpatialProcessor     | INFO     | <<< [КОНЕЦ] Обработка географических признаков. Время: 0.07 сек.
17:24:33 | CategoryProcessor    | INFO     | >>> [НАЧАЛО] Обработка категории дтп...
17:24:33 | CategoryProcessor    | INFO     |    [i] Топ-3 категории: {'наезд_на_пешехода': 1743, 'столкновение': 1434, 'опрокидывание': 868}
17:24:33 | CategoryProcessor    | INFO     | <<< [КОНЕЦ] Обработка категории дтп. Время: 0.03 сек.
17:24:33 | ConditionsProcessor  | INFO     | >>> [НАЧАЛО] Обработка списков погоды и дорожных условий...
17:24:33 | ConditionsProcessor  | INFO     |    [i] Погода обработана.
17:24:33 | ConditionsProcessor  | WARNING  | Колонка 'road_conditions': 1 неизвестных тегов → 'road_other'. Примеры: [отсутствие_направляющих_устройств_и_световозвращающих_элементов_на_них]. Затронуто 3 строк (0.06%).
17:24:33 | ConditionsProcessor  | INFO     |    [i] Дорожные условия обработаны.
17:24:33 | ConditionsProcessor  | INFO     | <<< [КОНЕЦ] Обработка списков погоды и дорожных условий. Время: 0.12 сек.
17:24:33 | VehicleProcessor     | INFO     | >>> [НАЧАЛО] Обработка автомобилей (Счетчики, Возраст, Взаимодействие)...
17:24:34 | VehicleProcessor     | INFO     | <<< [КОНЕЦ] Обработка автомобилей (Счетчики, Возраст, Взаимодействие). Время: 0.37 сек.
17:24:34 | ParticipantProcessor | INFO     | >>> [НАЧАЛО] Обработка участников (Режим нарушений: post_event)...
17:24:34 | ParticipantProcessor | INFO     | <<< [КОНЕЦ] Обработка участников (Режим нарушений: post_event). Время: 0.50 сек.
17:24:34 | TargetProcessor      | INFO     | >>> [НАЧАЛО] Кодирование целевой переменной severity...
17:24:34 | TargetProcessor      | INFO     |    [i] Баланс классов: {0: 2047, 1: 2370, 2: 857}
17:24:34 | TargetProcessor      | INFO     | <<< [КОНЕЦ] Кодирование целевой переменной severity. Время: 0.05 сек.
17:24:34 | DtpPipeline          | INFO     | ================================================================================
17:24:34 | DtpPipeline          | INFO     | ===== ЗАПУСК ОБРАБОТКИ ФАЙЛА: riazanskaia-oblast.geojson.zip =====
17:24:34 | DtpPipeline          | INFO     | ================================================================================
17:24:34 | JsonDataLoader       | INFO     | Загрузка: data/need_process\riazanskaia-oblast.geojson.zip
17:24:34 | JsonDataLoader       | INFO     | Чтение из архива: riazanskaia-oblast.geojson
17:24:36 | JsonDataLoader       | INFO     | Формат: GeoJSON.
17:24:36 | JsonDataLoader       | INFO     | Загружено строк: 17354. Колонок: 24
17:24:36 | CleaningProcessor    | INFO     | --- Запуск очистки данных ---
17:24:36 | CleaningProcessor    | INFO     | Удален технический мусор: ['id', 'coordinates', 'address']
17:24:36 | CleaningProcessor    | INFO     | Удалены поля с утечкой данных (Leakage): ['dead_count', 'injured_count', 'participants_count']
17:24:36 | TemporalProcessor    | INFO     | >>> [НАЧАЛО] Обработка времени и освещения...
17:24:36 | TemporalProcessor    | INFO     |    [i] Циклы времени созданы.
17:24:36 | TemporalProcessor    | INFO     |    [i] Свет обработан.
17:24:36 | TemporalProcessor    | INFO     |    [-] Колонка 'datetime' удалена.
17:24:36 | TemporalProcessor    | INFO     | <<< [КОНЕЦ] Обработка времени и освещения. Время: 0.13 сек.
17:24:36 | TagsProcessor        | INFO     | >>> [НАЧАЛО] Обработка объектов окружения (nearby)...
17:24:37 | TagsProcessor        | INFO     |    [i] Строк с тегами 'other': 17.35% (3011/17354)
17:24:37 | TagsProcessor        | WARNING  | Примеры тегов, попавших в 'other': ['производственное_предприятие', 'объект_строительства', 'автостоянка_не_отделенная_от_проезжей_части', 'объект_здание_сооружение_религиозного_культа', 'зоны_отдыха', 'автостоянка_отделенная_от_проезжей_части', 'кладбище', 'иной_объект', 'ледовая_переправа_официально_открытая_и_оборудованная']
17:24:37 | TagsProcessor        | INFO     | <<< [КОНЕЦ] Обработка объектов окружения (nearby). Время: 0.59 сек.
17:24:37 | SpatialProcessor     | INFO     | >>> [НАЧАЛО] Обработка географических признаков...
17:24:37 | SpatialProcessor     | INFO     |    [i] Координаты обработаны.
17:24:37 | SpatialProcessor     | INFO     |    [i] Регионы (дочерный и родительский) обработаны.
17:24:37 | SpatialProcessor     | INFO     |    [i] Схемы обработаны (fillna + split).
17:24:37 | SpatialProcessor     | INFO     | <<< [КОНЕЦ] Обработка географических признаков. Время: 0.19 сек.
17:24:37 | CategoryProcessor    | INFO     | >>> [НАЧАЛО] Обработка категории дтп...
17:24:37 | CategoryProcessor    | WARNING  | Колонка 'category': 2 новых значений вне Whitelist → заменены на 'иной_вид_дтп'. Примеры: [наезд_на_гужевой_транспорт, возгорание_вследствие_технической_неисправности_движущегося_или_остановившегося_тс_участвующего_в_дорожном_движении]. Затронуто 4 строк (0.02%).
17:24:37 | CategoryProcessor    | INFO     |    [i] Топ-3 категории: {'столкновение': 8109, 'наезд_на_пешехода': 4079, 'съезд_с_дороги': 1264}
17:24:37 | CategoryProcessor    | INFO     | <<< [КОНЕЦ] Обработка категории дтп. Время: 0.09 сек.
17:24:37 | ConditionsProcessor  | INFO     | >>> [НАЧАЛО] Обработка списков погоды и дорожных условий...
17:24:37 | ConditionsProcessor  | INFO     |    [i] Погода обработана.
17:24:38 | ConditionsProcessor  | WARNING  | Колонка 'road_conditions': 2 неизвестных тегов → 'road_other'. Примеры: [неудовлетворительное_состояние_разделительной_полосы, отсутствие_направляющих_устройств_и_световозвращающих_элементов_на_них]. Затронуто 11 строк (0.06%).
17:24:38 | ConditionsProcessor  | INFO     |    [i] Дорожные условия обработаны.
17:24:38 | ConditionsProcessor  | INFO     | <<< [КОНЕЦ] Обработка списков погоды и дорожных условий. Время: 0.38 сек.
17:24:38 | VehicleProcessor     | INFO     | >>> [НАЧАЛО] Обработка автомобилей (Счетчики, Возраст, Взаимодействие)...
17:24:39 | VehicleProcessor     | INFO     | <<< [КОНЕЦ] Обработка автомобилей (Счетчики, Возраст, Взаимодействие). Время: 1.11 сек.
17:24:39 | ParticipantProcessor | INFO     | >>> [НАЧАЛО] Обработка участников (Режим нарушений: post_event)...
17:24:40 | ParticipantProcessor | INFO     | <<< [КОНЕЦ] Обработка участников (Режим нарушений: post_event). Время: 1.22 сек.
17:24:40 | TargetProcessor      | INFO     | >>> [НАЧАЛО] Кодирование целевой переменной severity...
17:24:40 | TargetProcessor      | INFO     |    [i] Баланс классов: {0: 11378, 1: 4161, 2: 1815}
17:24:40 | TargetProcessor      | INFO     | <<< [КОНЕЦ] Кодирование целевой переменной severity. Время: 0.07 сек.
17:24:40 | DtpPipeline          | INFO     | ================================================================================
17:24:40 | DtpPipeline          | INFO     | ===== ЗАПУСК ОБРАБОТКИ ФАЙЛА: sakhalinskaia-oblast.geojson.zip =====
17:24:40 | DtpPipeline          | INFO     | ================================================================================
17:24:40 | JsonDataLoader       | INFO     | Загрузка: data/need_process\sakhalinskaia-oblast.geojson.zip
17:24:40 | JsonDataLoader       | INFO     | Чтение из архива: sakhalinskaia-oblast.geojson
17:24:40 | JsonDataLoader       | INFO     | Формат: GeoJSON.
17:24:41 | JsonDataLoader       | INFO     | Загружено строк: 6183. Колонок: 24
17:24:41 | CleaningProcessor    | INFO     | --- Запуск очистки данных ---
17:24:41 | CleaningProcessor    | INFO     | Удален технический мусор: ['id', 'coordinates', 'address']
17:24:41 | CleaningProcessor    | INFO     | Удалены поля с утечкой данных (Leakage): ['dead_count', 'injured_count', 'participants_count']
17:24:41 | TemporalProcessor    | INFO     | >>> [НАЧАЛО] Обработка времени и освещения...
17:24:41 | TemporalProcessor    | INFO     |    [i] Циклы времени созданы.
17:24:41 | TemporalProcessor    | INFO     |    [i] Свет обработан.
17:24:41 | TemporalProcessor    | INFO     |    [-] Колонка 'datetime' удалена.
17:24:41 | TemporalProcessor    | INFO     | <<< [КОНЕЦ] Обработка времени и освещения. Время: 0.05 сек.
17:24:41 | TagsProcessor        | INFO     | >>> [НАЧАЛО] Обработка объектов окружения (nearby)...
17:24:41 | TagsProcessor        | INFO     |    [i] Строк с тегами 'other': 10.38% (642/6183)
17:24:41 | TagsProcessor        | WARNING  | Примеры тегов, попавших в 'other': ['производственное_предприятие', 'объект_строительства', 'автостоянка_не_отделенная_от_проезжей_части', 'объект_здание_сооружение_религиозного_культа', 'зоны_отдыха', 'автостоянка_отделенная_от_проезжей_части', 'иной_объект', 'кладбище']
17:24:41 | TagsProcessor        | INFO     | <<< [КОНЕЦ] Обработка объектов окружения (nearby). Время: 0.16 сек.
17:24:41 | SpatialProcessor     | INFO     | >>> [НАЧАЛО] Обработка географических признаков...
17:24:41 | SpatialProcessor     | INFO     |    [i] Координаты обработаны.
17:24:41 | SpatialProcessor     | INFO     |    [i] Регионы (дочерный и родительский) обработаны.
17:24:41 | SpatialProcessor     | INFO     |    [i] Схемы обработаны (fillna + split).
17:24:41 | SpatialProcessor     | INFO     | <<< [КОНЕЦ] Обработка географических признаков. Время: 0.08 сек.
17:24:41 | CategoryProcessor    | INFO     | >>> [НАЧАЛО] Обработка категории дтп...
17:24:41 | CategoryProcessor    | INFO     |    [i] Топ-3 категории: {'столкновение': 2119, 'наезд_на_пешехода': 1758, 'съезд_с_дороги': 752}
17:24:41 | CategoryProcessor    | INFO     | <<< [КОНЕЦ] Обработка категории дтп. Время: 0.03 сек.
17:24:41 | ConditionsProcessor  | INFO     | >>> [НАЧАЛО] Обработка списков погоды и дорожных условий...
17:24:41 | ConditionsProcessor  | INFO     |    [i] Погода обработана.
17:24:41 | ConditionsProcessor  | WARNING  | Колонка 'road_conditions': 2 неизвестных тегов → 'road_other'. Примеры: [неудовлетворительное_состояние_разделительной_полосы, отсутствие_направляющих_устройств_и_световозвращающих_элементов_на_них]. Затронуто 10 строк (0.16%).
17:24:41 | ConditionsProcessor  | INFO     |    [i] Дорожные условия обработаны.
17:24:41 | ConditionsProcessor  | INFO     | <<< [КОНЕЦ] Обработка списков погоды и дорожных условий. Время: 0.15 сек.
17:24:41 | VehicleProcessor     | INFO     | >>> [НАЧАЛО] Обработка автомобилей (Счетчики, Возраст, Взаимодействие)...
17:24:41 | VehicleProcessor     | INFO     | <<< [КОНЕЦ] Обработка автомобилей (Счетчики, Возраст, Взаимодействие). Время: 0.37 сек.
17:24:41 | ParticipantProcessor | INFO     | >>> [НАЧАЛО] Обработка участников (Режим нарушений: post_event)...
17:24:42 | ParticipantProcessor | INFO     | <<< [КОНЕЦ] Обработка участников (Режим нарушений: post_event). Время: 0.45 сек.
17:24:42 | TargetProcessor      | INFO     | >>> [НАЧАЛО] Кодирование целевой переменной severity...
17:24:42 | TargetProcessor      | INFO     |    [i] Баланс классов: {0: 2915, 1: 2548, 2: 720}
17:24:42 | TargetProcessor      | INFO     | <<< [КОНЕЦ] Кодирование целевой переменной severity. Время: 0.03 сек.
17:24:42 | DtpPipeline          | INFO     | ================================================================================
17:24:42 | DtpPipeline          | INFO     | ===== ЗАПУСК ОБРАБОТКИ ФАЙЛА: samarskaia-oblast.geojson.zip =====
17:24:42 | DtpPipeline          | INFO     | ================================================================================
17:24:42 | JsonDataLoader       | INFO     | Загрузка: data/need_process\samarskaia-oblast.geojson.zip
17:24:42 | JsonDataLoader       | INFO     | Чтение из архива: samarskaia-oblast.geojson
17:24:45 | JsonDataLoader       | INFO     | Формат: GeoJSON.
17:24:47 | JsonDataLoader       | INFO     | Загружено строк: 35832. Колонок: 24
17:24:47 | CleaningProcessor    | INFO     | --- Запуск очистки данных ---
17:24:47 | CleaningProcessor    | INFO     | Удален технический мусор: ['id', 'coordinates', 'address']
17:24:47 | CleaningProcessor    | INFO     | Удалены поля с утечкой данных (Leakage): ['dead_count', 'injured_count', 'participants_count']
17:24:47 | TemporalProcessor    | INFO     | >>> [НАЧАЛО] Обработка времени и освещения...
17:24:47 | TemporalProcessor    | INFO     |    [i] Циклы времени созданы.
17:24:47 | TemporalProcessor    | INFO     |    [i] Свет обработан.
17:24:47 | TemporalProcessor    | INFO     |    [-] Колонка 'datetime' удалена.
17:24:47 | TemporalProcessor    | INFO     | <<< [КОНЕЦ] Обработка времени и освещения. Время: 0.26 сек.
17:24:47 | TagsProcessor        | INFO     | >>> [НАЧАЛО] Обработка объектов окружения (nearby)...
17:24:48 | TagsProcessor        | INFO     |    [i] Строк с тегами 'other': 9.44% (3383/35832)
17:24:48 | TagsProcessor        | WARNING  | Примеры тегов, попавших в 'other': ['производственное_предприятие', 'место_для_перегона_скота', 'объект_строительства', 'автостоянка_не_отделенная_от_проезжей_части', 'объект_здание_сооружение_религиозного_культа', 'зоны_отдыха', 'автостоянка_отделенная_от_проезжей_части', 'иной_объект', 'кладбище', 'ледовая_переправа_официально_открытая_и_оборудованная']
17:24:48 | TagsProcessor        | INFO     | <<< [КОНЕЦ] Обработка объектов окружения (nearby). Время: 0.80 сек.
17:24:48 | SpatialProcessor     | INFO     | >>> [НАЧАЛО] Обработка географических признаков...
17:24:48 | SpatialProcessor     | INFO     |    [i] Координаты обработаны.
17:24:48 | SpatialProcessor     | INFO     |    [i] Регионы (дочерный и родительский) обработаны.
17:24:48 | SpatialProcessor     | INFO     |    [i] Схемы обработаны (fillna + split).
17:24:48 | SpatialProcessor     | INFO     | <<< [КОНЕЦ] Обработка географических признаков. Время: 0.37 сек.
17:24:48 | CategoryProcessor    | INFO     | >>> [НАЧАЛО] Обработка категории дтп...
17:24:48 | CategoryProcessor    | WARNING  | Колонка 'category': 1 новых значений вне Whitelist → заменены на 'иной_вид_дтп'. Примеры: [возгорание_вследствие_технической_неисправности_движущегося_или_остановившегося_тс_участвующего_в_дорожном_движении]. Затронуто 4 строк (0.01%).
17:24:48 | CategoryProcessor    | INFO     |    [i] Топ-3 категории: {'столкновение': 15690, 'наезд_на_пешехода': 11259, 'наезд_на_препятствие': 1950}
17:24:48 | CategoryProcessor    | INFO     | <<< [КОНЕЦ] Обработка категории дтп. Время: 0.20 сек.
17:24:48 | ConditionsProcessor  | INFO     | >>> [НАЧАЛО] Обработка списков погоды и дорожных условий...
17:24:49 | ConditionsProcessor  | INFO     |    [i] Погода обработана.
17:24:49 | ConditionsProcessor  | WARNING  | Колонка 'road_conditions': 2 неизвестных тегов → 'road_other'. Примеры: [неудовлетворительное_состояние_разделительной_полосы, отсутствие_направляющих_устройств_и_световозвращающих_элементов_на_них]. Затронуто 15 строк (0.04%).
17:24:49 | ConditionsProcessor  | INFO     |    [i] Дорожные условия обработаны.
17:24:49 | ConditionsProcessor  | INFO     | <<< [КОНЕЦ] Обработка списков погоды и дорожных условий. Время: 0.82 сек.
17:24:49 | VehicleProcessor     | INFO     | >>> [НАЧАЛО] Обработка автомобилей (Счетчики, Возраст, Взаимодействие)...
17:24:51 | VehicleProcessor     | INFO     | <<< [КОНЕЦ] Обработка автомобилей (Счетчики, Возраст, Взаимодействие). Время: 2.10 сек.
17:24:51 | ParticipantProcessor | INFO     | >>> [НАЧАЛО] Обработка участников (Режим нарушений: post_event)...
17:24:54 | ParticipantProcessor | INFO     | <<< [КОНЕЦ] Обработка участников (Режим нарушений: post_event). Время: 2.33 сек.
17:24:54 | TargetProcessor      | INFO     | >>> [НАЧАЛО] Кодирование целевой переменной severity...
17:24:54 | TargetProcessor      | INFO     |    [i] Баланс классов: {0: 20632, 1: 12231, 2: 2969}
17:24:54 | TargetProcessor      | INFO     | <<< [КОНЕЦ] Кодирование целевой переменной severity. Время: 0.14 сек.
17:24:54 | DtpPipeline          | INFO     | ================================================================================
17:24:54 | DtpPipeline          | INFO     | ===== ЗАПУСК ОБРАБОТКИ ФАЙЛА: sankt-peterburg.geojson.zip =====
17:24:54 | DtpPipeline          | INFO     | ================================================================================
17:24:54 | JsonDataLoader       | INFO     | Загрузка: data/need_process\sankt-peterburg.geojson.zip
17:24:54 | JsonDataLoader       | INFO     | Чтение из архива: sankt-peterburg.geojson
17:24:57 | JsonDataLoader       | INFO     | Формат: GeoJSON.
17:24:59 | JsonDataLoader       | INFO     | Загружено строк: 56671. Колонок: 24
17:24:59 | CleaningProcessor    | INFO     | --- Запуск очистки данных ---
17:24:59 | CleaningProcessor    | INFO     | Удален технический мусор: ['id', 'coordinates', 'address']
17:24:59 | CleaningProcessor    | INFO     | Удалены поля с утечкой данных (Leakage): ['dead_count', 'injured_count', 'participants_count']
17:24:59 | TemporalProcessor    | INFO     | >>> [НАЧАЛО] Обработка времени и освещения...
17:24:59 | TemporalProcessor    | INFO     |    [i] Циклы времени созданы.
17:24:59 | TemporalProcessor    | INFO     |    [i] Свет обработан.
17:25:00 | TemporalProcessor    | INFO     |    [-] Колонка 'datetime' удалена.
17:25:00 | TemporalProcessor    | INFO     | <<< [КОНЕЦ] Обработка времени и освещения. Время: 0.41 сек.
17:25:00 | TagsProcessor        | INFO     | >>> [НАЧАЛО] Обработка объектов окружения (nearby)...
17:25:01 | TagsProcessor        | INFO     |    [i] Строк с тегами 'other': 6.57% (3723/56671)
17:25:01 | TagsProcessor        | WARNING  | Примеры тегов, попавших в 'other': ['производственное_предприятие', 'объект_строительства', 'автостоянка_не_отделенная_от_проезжей_части', 'объект_здание_сооружение_религиозного_культа', 'зоны_отдыха', 'автостоянка_отделенная_от_проезжей_части', 'иной_объект', 'кладбище']
17:25:01 | TagsProcessor        | INFO     | <<< [КОНЕЦ] Обработка объектов окружения (nearby). Время: 1.15 сек.
17:25:01 | SpatialProcessor     | INFO     | >>> [НАЧАЛО] Обработка географических признаков...
17:25:01 | SpatialProcessor     | INFO     |    [i] Координаты обработаны.
17:25:01 | SpatialProcessor     | INFO     |    [i] Регионы (дочерный и родительский) обработаны.
17:25:01 | SpatialProcessor     | INFO     |    [i] Схемы обработаны (fillna + split).
17:25:01 | SpatialProcessor     | INFO     | <<< [КОНЕЦ] Обработка географических признаков. Время: 0.59 сек.
17:25:01 | CategoryProcessor    | INFO     | >>> [НАЧАЛО] Обработка категории дтп...
17:25:02 | CategoryProcessor    | INFO     |    [i] Топ-3 категории: {'столкновение': 22404, 'наезд_на_пешехода': 20956, 'падение_пассажира': 3732}
17:25:02 | CategoryProcessor    | INFO     | <<< [КОНЕЦ] Обработка категории дтп. Время: 0.30 сек.
17:25:02 | ConditionsProcessor  | INFO     | >>> [НАЧАЛО] Обработка списков погоды и дорожных условий...
17:25:02 | ConditionsProcessor  | INFO     |    [i] Погода обработана.
17:25:02 | ConditionsProcessor  | WARNING  | Колонка 'road_conditions': 2 неизвестных тегов → 'road_other'. Примеры: [неудовлетворительное_состояние_разделительной_полосы, отсутствие_направляющих_устройств_и_световозвращающих_элементов_на_них]. Затронуто 14 строк (0.02%).
17:25:03 | ConditionsProcessor  | INFO     |    [i] Дорожные условия обработаны.
17:25:03 | ConditionsProcessor  | INFO     | <<< [КОНЕЦ] Обработка списков погоды и дорожных условий. Время: 1.19 сек.
17:25:03 | VehicleProcessor     | INFO     | >>> [НАЧАЛО] Обработка автомобилей (Счетчики, Возраст, Взаимодействие)...
17:25:06 | VehicleProcessor     | INFO     | <<< [КОНЕЦ] Обработка автомобилей (Счетчики, Возраст, Взаимодействие). Время: 3.48 сек.
17:25:06 | ParticipantProcessor | INFO     | >>> [НАЧАЛО] Обработка участников (Режим нарушений: post_event)...
17:25:10 | ParticipantProcessor | INFO     | <<< [КОНЕЦ] Обработка участников (Режим нарушений: post_event). Время: 3.33 сек.
17:25:10 | TargetProcessor      | INFO     | >>> [НАЧАЛО] Кодирование целевой переменной severity...
17:25:10 | TargetProcessor      | INFO     |    [i] Баланс классов: {0: 36504, 1: 18119, 2: 2048}
17:25:10 | TargetProcessor      | INFO     | <<< [КОНЕЦ] Кодирование целевой переменной severity. Время: 0.22 сек.
17:25:10 | DtpPipeline          | INFO     | ================================================================================
17:25:10 | DtpPipeline          | INFO     | ===== ЗАПУСК ОБРАБОТКИ ФАЙЛА: saratovskaia-oblast.geojson.zip =====
17:25:10 | DtpPipeline          | INFO     | ================================================================================
17:25:10 | JsonDataLoader       | INFO     | Загрузка: data/need_process\saratovskaia-oblast.geojson.zip
17:25:10 | JsonDataLoader       | INFO     | Чтение из архива: saratovskaia-oblast.geojson
17:25:13 | JsonDataLoader       | INFO     | Формат: GeoJSON.
17:25:14 | JsonDataLoader       | INFO     | Загружено строк: 30712. Колонок: 24
17:25:14 | CleaningProcessor    | INFO     | --- Запуск очистки данных ---
17:25:14 | CleaningProcessor    | INFO     | Удален технический мусор: ['id', 'coordinates', 'address']
17:25:14 | CleaningProcessor    | INFO     | Удалены поля с утечкой данных (Leakage): ['dead_count', 'injured_count', 'participants_count']
17:25:14 | TemporalProcessor    | INFO     | >>> [НАЧАЛО] Обработка времени и освещения...
17:25:14 | TemporalProcessor    | INFO     |    [i] Циклы времени созданы.
17:25:14 | TemporalProcessor    | INFO     |    [i] Свет обработан.
17:25:14 | TemporalProcessor    | INFO     |    [-] Колонка 'datetime' удалена.
17:25:14 | TemporalProcessor    | INFO     | <<< [КОНЕЦ] Обработка времени и освещения. Время: 0.28 сек.
17:25:14 | TagsProcessor        | INFO     | >>> [НАЧАЛО] Обработка объектов окружения (nearby)...
17:25:15 | TagsProcessor        | INFO     |    [i] Строк с тегами 'other': 5.59% (1716/30712)
17:25:15 | TagsProcessor        | WARNING  | Примеры тегов, попавших в 'other': ['производственное_предприятие', 'место_для_перегона_скота', 'объект_строительства', 'автостоянка_не_отделенная_от_проезжей_части', 'объект_здание_сооружение_религиозного_культа', 'зоны_отдыха', 'автостоянка_отделенная_от_проезжей_части', 'кладбище', 'иной_объект']
17:25:15 | TagsProcessor        | INFO     | <<< [КОНЕЦ] Обработка объектов окружения (nearby). Время: 0.59 сек.
17:25:15 | SpatialProcessor     | INFO     | >>> [НАЧАЛО] Обработка географических признаков...
17:25:15 | SpatialProcessor     | INFO     |    [i] Координаты обработаны.
17:25:15 | SpatialProcessor     | INFO     |    [i] Регионы (дочерный и родительский) обработаны.
17:25:15 | SpatialProcessor     | INFO     |    [i] Схемы обработаны (fillna + split).
17:25:15 | SpatialProcessor     | INFO     | <<< [КОНЕЦ] Обработка географических признаков. Время: 0.32 сек.
17:25:15 | CategoryProcessor    | INFO     | >>> [НАЧАЛО] Обработка категории дтп...
17:25:15 | CategoryProcessor    | WARNING  | Колонка 'category': 2 новых значений вне Whitelist → заменены на 'иной_вид_дтп'. Примеры: [наезд_на_гужевой_транспорт, возгорание_вследствие_технической_неисправности_движущегося_или_остановившегося_тс_участвующего_в_дорожном_движении]. Затронуто 6 строк (0.02%).
17:25:15 | CategoryProcessor    | INFO     |    [i] Топ-3 категории: {'столкновение': 13784, 'наезд_на_пешехода': 8918, 'наезд_на_препятствие': 1847}
17:25:15 | CategoryProcessor    | INFO     | <<< [КОНЕЦ] Обработка категории дтп. Время: 0.23 сек.
17:25:15 | ConditionsProcessor  | INFO     | >>> [НАЧАЛО] Обработка списков погоды и дорожных условий...
17:25:16 | ConditionsProcessor  | INFO     |    [i] Погода обработана.
17:25:16 | ConditionsProcessor  | WARNING  | Колонка 'road_conditions': 2 неизвестных тегов → 'road_other'. Примеры: [неудовлетворительное_состояние_разделительной_полосы, отсутствие_направляющих_устройств_и_световозвращающих_элементов_на_них]. Затронуто 161 строк (0.52%).
17:25:16 | ConditionsProcessor  | INFO     |    [i] Дорожные условия обработаны.
17:25:16 | ConditionsProcessor  | INFO     | <<< [КОНЕЦ] Обработка списков погоды и дорожных условий. Время: 0.80 сек.
17:25:16 | VehicleProcessor     | INFO     | >>> [НАЧАЛО] Обработка автомобилей (Счетчики, Возраст, Взаимодействие)...
17:25:18 | VehicleProcessor     | INFO     | <<< [КОНЕЦ] Обработка автомобилей (Счетчики, Возраст, Взаимодействие). Время: 1.87 сек.
17:25:18 | ParticipantProcessor | INFO     | >>> [НАЧАЛО] Обработка участников (Режим нарушений: post_event)...
17:25:20 | ParticipantProcessor | INFO     | <<< [КОНЕЦ] Обработка участников (Режим нарушений: post_event). Время: 2.05 сек.
17:25:20 | TargetProcessor      | INFO     | >>> [НАЧАЛО] Кодирование целевой переменной severity...
17:25:20 | TargetProcessor      | INFO     |    [i] Баланс классов: {0: 13800, 1: 14305, 2: 2607}
17:25:20 | TargetProcessor      | INFO     | <<< [КОНЕЦ] Кодирование целевой переменной severity. Время: 0.15 сек.
17:25:20 | DtpPipeline          | INFO     | ================================================================================
17:25:20 | DtpPipeline          | INFO     | ===== ЗАПУСК ОБРАБОТКИ ФАЙЛА: sevastopol.geojson.zip =====
17:25:20 | DtpPipeline          | INFO     | ================================================================================
17:25:20 | JsonDataLoader       | INFO     | Загрузка: data/need_process\sevastopol.geojson.zip
17:25:20 | JsonDataLoader       | INFO     | Чтение из архива: sevastopol.geojson
17:25:21 | JsonDataLoader       | INFO     | Формат: GeoJSON.
17:25:21 | JsonDataLoader       | INFO     | Загружено строк: 5855. Колонок: 24
17:25:21 | CleaningProcessor    | INFO     | --- Запуск очистки данных ---
17:25:21 | CleaningProcessor    | INFO     | Удален технический мусор: ['id', 'coordinates', 'address']
17:25:21 | CleaningProcessor    | INFO     | Удалены поля с утечкой данных (Leakage): ['dead_count', 'injured_count', 'participants_count']
17:25:21 | TemporalProcessor    | INFO     | >>> [НАЧАЛО] Обработка времени и освещения...
17:25:21 | TemporalProcessor    | INFO     |    [i] Циклы времени созданы.
17:25:21 | TemporalProcessor    | INFO     |    [i] Свет обработан.
17:25:21 | TemporalProcessor    | INFO     |    [-] Колонка 'datetime' удалена.
17:25:21 | TemporalProcessor    | INFO     | <<< [КОНЕЦ] Обработка времени и освещения. Время: 0.06 сек.
17:25:21 | TagsProcessor        | INFO     | >>> [НАЧАЛО] Обработка объектов окружения (nearby)...
17:25:21 | TagsProcessor        | INFO     |    [i] Строк с тегами 'other': 10.35% (606/5855)
17:25:21 | TagsProcessor        | WARNING  | Примеры тегов, попавших в 'other': ['производственное_предприятие', 'место_для_перегона_скота', 'объект_строительства', 'автостоянка_не_отделенная_от_проезжей_части', 'объект_здание_сооружение_религиозного_культа', 'зоны_отдыха', 'автостоянка_отделенная_от_проезжей_части', 'кладбище', 'иной_объект']
17:25:21 | TagsProcessor        | INFO     | <<< [КОНЕЦ] Обработка объектов окружения (nearby). Время: 0.18 сек.
17:25:21 | SpatialProcessor     | INFO     | >>> [НАЧАЛО] Обработка географических признаков...
17:25:21 | SpatialProcessor     | INFO     |    [i] Координаты обработаны.
17:25:21 | SpatialProcessor     | INFO     |    [i] Регионы (дочерный и родительский) обработаны.
17:25:21 | SpatialProcessor     | INFO     |    [i] Схемы обработаны (fillna + split).
17:25:21 | SpatialProcessor     | INFO     | <<< [КОНЕЦ] Обработка географических признаков. Время: 0.10 сек.
17:25:21 | CategoryProcessor    | INFO     | >>> [НАЧАЛО] Обработка категории дтп...
17:25:21 | CategoryProcessor    | INFO     |    [i] Топ-3 категории: {'столкновение': 2497, 'наезд_на_пешехода': 2106, 'наезд_на_препятствие': 342}
17:25:21 | CategoryProcessor    | INFO     | <<< [КОНЕЦ] Обработка категории дтп. Время: 0.06 сек.
17:25:21 | ConditionsProcessor  | INFO     | >>> [НАЧАЛО] Обработка списков погоды и дорожных условий...
17:25:21 | ConditionsProcessor  | INFO     |    [i] Погода обработана.
17:25:21 | ConditionsProcessor  | WARNING  | Колонка 'road_conditions': 2 неизвестных тегов → 'road_other'. Примеры: [неудовлетворительное_состояние_разделительной_полосы, отсутствие_направляющих_устройств_и_световозвращающих_элементов_на_них]. Затронуто 11 строк (0.19%).
17:25:21 | ConditionsProcessor  | INFO     |    [i] Дорожные условия обработаны.
17:25:21 | ConditionsProcessor  | INFO     | <<< [КОНЕЦ] Обработка списков погоды и дорожных условий. Время: 0.18 сек.
17:25:21 | VehicleProcessor     | INFO     | >>> [НАЧАЛО] Обработка автомобилей (Счетчики, Возраст, Взаимодействие)...
17:25:22 | VehicleProcessor     | INFO     | <<< [КОНЕЦ] Обработка автомобилей (Счетчики, Возраст, Взаимодействие). Время: 0.44 сек.
17:25:22 | ParticipantProcessor | INFO     | >>> [НАЧАЛО] Обработка участников (Режим нарушений: post_event)...
17:25:22 | ParticipantProcessor | INFO     | <<< [КОНЕЦ] Обработка участников (Режим нарушений: post_event). Время: 0.53 сек.
17:25:22 | TargetProcessor      | INFO     | >>> [НАЧАЛО] Кодирование целевой переменной severity...
17:25:22 | TargetProcessor      | INFO     |    [i] Баланс классов: {0: 4591, 1: 925, 2: 339}
17:25:22 | TargetProcessor      | INFO     | <<< [КОНЕЦ] Кодирование целевой переменной severity. Время: 0.04 сек.
17:25:22 | DtpPipeline          | INFO     | ================================================================================
17:25:22 | DtpPipeline          | INFO     | ===== ЗАПУСК ОБРАБОТКИ ФАЙЛА: smolenskaia-oblast.geojson.zip =====
17:25:22 | DtpPipeline          | INFO     | ================================================================================
17:25:22 | JsonDataLoader       | INFO     | Загрузка: data/need_process\smolenskaia-oblast.geojson.zip
17:25:22 | JsonDataLoader       | INFO     | Чтение из архива: smolenskaia-oblast.geojson
17:25:23 | JsonDataLoader       | INFO     | Формат: GeoJSON.
17:25:23 | JsonDataLoader       | INFO     | Загружено строк: 10106. Колонок: 24
17:25:23 | CleaningProcessor    | INFO     | --- Запуск очистки данных ---
17:25:23 | CleaningProcessor    | INFO     | Удален технический мусор: ['id', 'coordinates', 'address']
17:25:23 | CleaningProcessor    | INFO     | Удалены поля с утечкой данных (Leakage): ['dead_count', 'injured_count', 'participants_count']
17:25:23 | TemporalProcessor    | INFO     | >>> [НАЧАЛО] Обработка времени и освещения...
17:25:23 | TemporalProcessor    | INFO     |    [i] Циклы времени созданы.
17:25:23 | TemporalProcessor    | INFO     |    [i] Свет обработан.
17:25:23 | TemporalProcessor    | INFO     |    [-] Колонка 'datetime' удалена.
17:25:23 | TemporalProcessor    | INFO     | <<< [КОНЕЦ] Обработка времени и освещения. Время: 0.09 сек.
17:25:23 | TagsProcessor        | INFO     | >>> [НАЧАЛО] Обработка объектов окружения (nearby)...
17:25:23 | TagsProcessor        | INFO     |    [i] Строк с тегами 'other': 4.15% (419/10106)
17:25:23 | TagsProcessor        | WARNING  | Примеры тегов, попавших в 'other': ['производственное_предприятие', 'место_для_перегона_скота', 'объект_строительства', 'автостоянка_не_отделенная_от_проезжей_части', 'объект_здание_сооружение_религиозного_культа', 'зоны_отдыха', 'автостоянка_отделенная_от_проезжей_части', 'кладбище', 'иной_объект']
17:25:23 | TagsProcessor        | INFO     | <<< [КОНЕЦ] Обработка объектов окружения (nearby). Время: 0.15 сек.
17:25:23 | SpatialProcessor     | INFO     | >>> [НАЧАЛО] Обработка географических признаков...
17:25:23 | SpatialProcessor     | INFO     |    [i] Координаты обработаны.
17:25:24 | SpatialProcessor     | INFO     |    [i] Регионы (дочерный и родительский) обработаны.
17:25:24 | SpatialProcessor     | INFO     |    [i] Схемы обработаны (fillna + split).
17:25:24 | SpatialProcessor     | INFO     | <<< [КОНЕЦ] Обработка географических признаков. Время: 0.12 сек.
17:25:24 | CategoryProcessor    | INFO     | >>> [НАЧАЛО] Обработка категории дтп...
17:25:24 | CategoryProcessor    | WARNING  | Колонка 'category': 1 новых значений вне Whitelist → заменены на 'иной_вид_дтп'. Примеры: [наезд_на_гужевой_транспорт]. Затронуто 1 строк (0.01%).
17:25:24 | CategoryProcessor    | INFO     |    [i] Топ-3 категории: {'столкновение': 4189, 'наезд_на_пешехода': 2472, 'съезд_с_дороги': 882}
17:25:24 | CategoryProcessor    | INFO     | <<< [КОНЕЦ] Обработка категории дтп. Время: 0.06 сек.
17:25:24 | ConditionsProcessor  | INFO     | >>> [НАЧАЛО] Обработка списков погоды и дорожных условий...
17:25:24 | ConditionsProcessor  | INFO     |    [i] Погода обработана.
17:25:24 | ConditionsProcessor  | WARNING  | Колонка 'road_conditions': 2 неизвестных тегов → 'road_other'. Примеры: [неудовлетворительное_состояние_разделительной_полосы, отсутствие_направляющих_устройств_и_световозвращающих_элементов_на_них]. Затронуто 10 строк (0.10%).
17:25:24 | ConditionsProcessor  | INFO     |    [i] Дорожные условия обработаны.
17:25:24 | ConditionsProcessor  | INFO     | <<< [КОНЕЦ] Обработка списков погоды и дорожных условий. Время: 0.23 сек.
17:25:24 | VehicleProcessor     | INFO     | >>> [НАЧАЛО] Обработка автомобилей (Счетчики, Возраст, Взаимодействие)...
17:25:25 | VehicleProcessor     | INFO     | <<< [КОНЕЦ] Обработка автомобилей (Счетчики, Возраст, Взаимодействие). Время: 0.61 сек.
17:25:25 | ParticipantProcessor | INFO     | >>> [НАЧАЛО] Обработка участников (Режим нарушений: post_event)...
17:25:25 | ParticipantProcessor | INFO     | <<< [КОНЕЦ] Обработка участников (Режим нарушений: post_event). Время: 0.75 сек.
17:25:25 | TargetProcessor      | INFO     | >>> [НАЧАЛО] Кодирование целевой переменной severity...
17:25:25 | TargetProcessor      | INFO     |    [i] Баланс классов: {0: 5255, 1: 3713, 2: 1138}
17:25:25 | TargetProcessor      | INFO     | <<< [КОНЕЦ] Кодирование целевой переменной severity. Время: 0.05 сек.
17:25:25 | DtpPipeline          | INFO     | ================================================================================
17:25:25 | DtpPipeline          | INFO     | ===== ЗАПУСК ОБРАБОТКИ ФАЙЛА: stavropolskii-krai.geojson.zip =====
17:25:25 | DtpPipeline          | INFO     | ================================================================================
17:25:25 | JsonDataLoader       | INFO     | Загрузка: data/need_process\stavropolskii-krai.geojson.zip
17:25:25 | JsonDataLoader       | INFO     | Чтение из архива: stavropolskii-krai.geojson
17:25:28 | JsonDataLoader       | INFO     | Формат: GeoJSON.
17:25:29 | JsonDataLoader       | INFO     | Загружено строк: 29644. Колонок: 24
17:25:29 | CleaningProcessor    | INFO     | --- Запуск очистки данных ---
17:25:29 | CleaningProcessor    | INFO     | Удален технический мусор: ['id', 'coordinates', 'address']
17:25:29 | CleaningProcessor    | INFO     | Удалены поля с утечкой данных (Leakage): ['dead_count', 'injured_count', 'participants_count']
17:25:29 | TemporalProcessor    | INFO     | >>> [НАЧАЛО] Обработка времени и освещения...
17:25:30 | TemporalProcessor    | INFO     |    [i] Циклы времени созданы.
17:25:30 | TemporalProcessor    | INFO     |    [i] Свет обработан.
17:25:30 | TemporalProcessor    | INFO     |    [-] Колонка 'datetime' удалена.
17:25:30 | TemporalProcessor    | INFO     | <<< [КОНЕЦ] Обработка времени и освещения. Время: 0.25 сек.
17:25:30 | TagsProcessor        | INFO     | >>> [НАЧАЛО] Обработка объектов окружения (nearby)...
17:25:30 | TagsProcessor        | INFO     |    [i] Строк с тегами 'other': 5.17% (1534/29644)
17:25:30 | TagsProcessor        | WARNING  | Примеры тегов, попавших в 'other': ['производственное_предприятие', 'место_для_перегона_скота', 'объект_строительства', 'автостоянка_не_отделенная_от_проезжей_части', 'объект_здание_сооружение_религиозного_культа', 'зоны_отдыха', 'автостоянка_отделенная_от_проезжей_части', 'кладбище', 'иной_объект']
17:25:30 | TagsProcessor        | INFO     | <<< [КОНЕЦ] Обработка объектов окружения (nearby). Время: 0.61 сек.
17:25:30 | SpatialProcessor     | INFO     | >>> [НАЧАЛО] Обработка географических признаков...
17:25:30 | SpatialProcessor     | INFO     |    [i] Координаты обработаны.
17:25:31 | SpatialProcessor     | INFO     |    [i] Регионы (дочерный и родительский) обработаны.
17:25:31 | SpatialProcessor     | INFO     |    [i] Схемы обработаны (fillna + split).
17:25:31 | SpatialProcessor     | INFO     | <<< [КОНЕЦ] Обработка географических признаков. Время: 0.32 сек.
17:25:31 | CategoryProcessor    | INFO     | >>> [НАЧАЛО] Обработка категории дтп...
17:25:31 | CategoryProcessor    | WARNING  | Колонка 'category': 2 новых значений вне Whitelist → заменены на 'иной_вид_дтп'. Примеры: [наезд_на_гужевой_транспорт, возгорание_вследствие_технической_неисправности_движущегося_или_остановившегося_тс_участвующего_в_дорожном_движении]. Затронуто 28 строк (0.09%).
17:25:31 | CategoryProcessor    | INFO     |    [i] Топ-3 категории: {'столкновение': 13814, 'наезд_на_пешехода': 7064, 'наезд_на_препятствие': 2522}
17:25:31 | CategoryProcessor    | INFO     | <<< [КОНЕЦ] Обработка категории дтп. Время: 0.17 сек.
17:25:31 | ConditionsProcessor  | INFO     | >>> [НАЧАЛО] Обработка списков погоды и дорожных условий...
17:25:31 | ConditionsProcessor  | INFO     |    [i] Погода обработана.
17:25:31 | ConditionsProcessor  | WARNING  | Колонка 'road_conditions': 2 неизвестных тегов → 'road_other'. Примеры: [неудовлетворительное_состояние_разделительной_полосы, отсутствие_направляющих_устройств_и_световозвращающих_элементов_на_них]. Затронуто 224 строк (0.76%).
17:25:32 | ConditionsProcessor  | INFO     |    [i] Дорожные условия обработаны.
17:25:32 | ConditionsProcessor  | INFO     | <<< [КОНЕЦ] Обработка списков погоды и дорожных условий. Время: 0.67 сек.
17:25:32 | VehicleProcessor     | INFO     | >>> [НАЧАЛО] Обработка автомобилей (Счетчики, Возраст, Взаимодействие)...
17:25:33 | VehicleProcessor     | INFO     | <<< [КОНЕЦ] Обработка автомобилей (Счетчики, Возраст, Взаимодействие). Время: 1.77 сек.
17:25:33 | ParticipantProcessor | INFO     | >>> [НАЧАЛО] Обработка участников (Режим нарушений: post_event)...
17:25:35 | ParticipantProcessor | INFO     | <<< [КОНЕЦ] Обработка участников (Режим нарушений: post_event). Время: 2.09 сек.
17:25:35 | TargetProcessor      | INFO     | >>> [НАЧАЛО] Кодирование целевой переменной severity...
17:25:36 | TargetProcessor      | INFO     |    [i] Баланс классов: {0: 11572, 1: 14653, 2: 3419}
17:25:36 | TargetProcessor      | INFO     | <<< [КОНЕЦ] Кодирование целевой переменной severity. Время: 0.12 сек.
17:25:36 | DtpPipeline          | INFO     | ================================================================================
17:25:36 | DtpPipeline          | INFO     | ===== ЗАПУСК ОБРАБОТКИ ФАЙЛА: sverdlovskaia-oblast.geojson.zip =====
17:25:36 | DtpPipeline          | INFO     | ================================================================================
17:25:36 | JsonDataLoader       | INFO     | Загрузка: data/need_process\sverdlovskaia-oblast.geojson.zip
17:25:36 | JsonDataLoader       | INFO     | Чтение из архива: sverdlovskaia-oblast.geojson
17:25:38 | JsonDataLoader       | INFO     | Формат: GeoJSON.
17:25:38 | JsonDataLoader       | INFO     | Загружено строк: 29859. Колонок: 24
17:25:39 | CleaningProcessor    | INFO     | --- Запуск очистки данных ---
17:25:39 | CleaningProcessor    | INFO     | Удален технический мусор: ['id', 'coordinates', 'address']
17:25:39 | CleaningProcessor    | INFO     | Удалены поля с утечкой данных (Leakage): ['dead_count', 'injured_count', 'participants_count']
17:25:39 | TemporalProcessor    | INFO     | >>> [НАЧАЛО] Обработка времени и освещения...
17:25:39 | TemporalProcessor    | INFO     |    [i] Циклы времени созданы.
17:25:39 | TemporalProcessor    | INFO     |    [i] Свет обработан.
17:25:39 | TemporalProcessor    | INFO     |    [-] Колонка 'datetime' удалена.
17:25:39 | TemporalProcessor    | INFO     | <<< [КОНЕЦ] Обработка времени и освещения. Время: 0.22 сек.
17:25:39 | TagsProcessor        | INFO     | >>> [НАЧАЛО] Обработка объектов окружения (nearby)...
17:25:40 | TagsProcessor        | INFO     |    [i] Строк с тегами 'other': 12.09% (3610/29859)
17:25:40 | TagsProcessor        | WARNING  | Примеры тегов, попавших в 'other': ['производственное_предприятие', 'объект_строительства', 'автостоянка_не_отделенная_от_проезжей_части', 'объект_здание_сооружение_религиозного_культа', 'зоны_отдыха', 'автостоянка_отделенная_от_проезжей_части', 'иной_объект', 'кладбище', 'стихийно_возникшая_не_предусмотренная_ледовая_переправа']
17:25:40 | TagsProcessor        | INFO     | <<< [КОНЕЦ] Обработка объектов окружения (nearby). Время: 0.77 сек.
17:25:40 | SpatialProcessor     | INFO     | >>> [НАЧАЛО] Обработка географических признаков...
17:25:40 | SpatialProcessor     | INFO     |    [i] Координаты обработаны.
17:25:40 | SpatialProcessor     | INFO     |    [i] Регионы (дочерный и родительский) обработаны.
17:25:40 | SpatialProcessor     | INFO     |    [i] Схемы обработаны (fillna + split).
17:25:40 | SpatialProcessor     | INFO     | <<< [КОНЕЦ] Обработка географических признаков. Время: 0.36 сек.
17:25:40 | CategoryProcessor    | INFO     | >>> [НАЧАЛО] Обработка категории дтп...
17:25:40 | CategoryProcessor    | WARNING  | Колонка 'category': 2 новых значений вне Whitelist → заменены на 'иной_вид_дтп'. Примеры: [наезд_на_гужевой_транспорт, возгорание_вследствие_технической_неисправности_движущегося_или_остановившегося_тс_участвующего_в_дорожном_движении]. Затронуто 5 строк (0.02%).
17:25:40 | CategoryProcessor    | INFO     |    [i] Топ-3 категории: {'столкновение': 12813, 'наезд_на_пешехода': 8848, 'съезд_с_дороги': 2158}
17:25:40 | CategoryProcessor    | INFO     | <<< [КОНЕЦ] Обработка категории дтп. Время: 0.17 сек.
17:25:40 | ConditionsProcessor  | INFO     | >>> [НАЧАЛО] Обработка списков погоды и дорожных условий...
17:25:40 | ConditionsProcessor  | INFO     |    [i] Погода обработана.
17:25:41 | ConditionsProcessor  | WARNING  | Колонка 'road_conditions': 2 неизвестных тегов → 'road_other'. Примеры: [неудовлетворительное_состояние_разделительной_полосы, отсутствие_направляющих_устройств_и_световозвращающих_элементов_на_них]. Затронуто 90 строк (0.30%).
17:25:41 | ConditionsProcessor  | INFO     |    [i] Дорожные условия обработаны.
17:25:41 | ConditionsProcessor  | INFO     | <<< [КОНЕЦ] Обработка списков погоды и дорожных условий. Время: 0.77 сек.
17:25:41 | VehicleProcessor     | INFO     | >>> [НАЧАЛО] Обработка автомобилей (Счетчики, Возраст, Взаимодействие)...
17:25:43 | VehicleProcessor     | INFO     | <<< [КОНЕЦ] Обработка автомобилей (Счетчики, Возраст, Взаимодействие). Время: 1.86 сек.
17:25:43 | ParticipantProcessor | INFO     | >>> [НАЧАЛО] Обработка участников (Режим нарушений: post_event)...
17:25:45 | ParticipantProcessor | INFO     | <<< [КОНЕЦ] Обработка участников (Режим нарушений: post_event). Время: 2.20 сек.
17:25:45 | TargetProcessor      | INFO     | >>> [НАЧАЛО] Кодирование целевой переменной severity...
17:25:45 | TargetProcessor      | INFO     |    [i] Баланс классов: {0: 14762, 1: 11661, 2: 3436}
17:25:45 | TargetProcessor      | INFO     | <<< [КОНЕЦ] Кодирование целевой переменной severity. Время: 0.12 сек.
17:25:45 | DtpPipeline          | INFO     | ================================================================================
17:25:45 | DtpPipeline          | INFO     | ===== ЗАПУСК ОБРАБОТКИ ФАЙЛА: tambovskaia-oblast.geojson.zip =====
17:25:45 | DtpPipeline          | INFO     | ================================================================================
17:25:45 | JsonDataLoader       | INFO     | Загрузка: data/need_process\tambovskaia-oblast.geojson.zip
17:25:45 | JsonDataLoader       | INFO     | Чтение из архива: tambovskaia-oblast.geojson
17:25:47 | JsonDataLoader       | INFO     | Формат: GeoJSON.
17:25:47 | JsonDataLoader       | INFO     | Загружено строк: 13438. Колонок: 24
17:25:47 | CleaningProcessor    | INFO     | --- Запуск очистки данных ---
17:25:47 | CleaningProcessor    | INFO     | Удален технический мусор: ['id', 'coordinates', 'address']
17:25:47 | CleaningProcessor    | INFO     | Удалены поля с утечкой данных (Leakage): ['dead_count', 'injured_count', 'participants_count']
17:25:47 | TemporalProcessor    | INFO     | >>> [НАЧАЛО] Обработка времени и освещения...
17:25:47 | TemporalProcessor    | INFO     |    [i] Циклы времени созданы.
17:25:47 | TemporalProcessor    | INFO     |    [i] Свет обработан.
17:25:47 | TemporalProcessor    | INFO     |    [-] Колонка 'datetime' удалена.
17:25:47 | TemporalProcessor    | INFO     | <<< [КОНЕЦ] Обработка времени и освещения. Время: 0.11 сек.
17:25:47 | TagsProcessor        | INFO     | >>> [НАЧАЛО] Обработка объектов окружения (nearby)...
17:25:48 | TagsProcessor        | INFO     |    [i] Строк с тегами 'other': 13.42% (1803/13438)
17:25:48 | TagsProcessor        | WARNING  | Примеры тегов, попавших в 'other': ['производственное_предприятие', 'объект_строительства', 'автостоянка_не_отделенная_от_проезжей_части', 'объект_здание_сооружение_религиозного_культа', 'зоны_отдыха', 'автостоянка_отделенная_от_проезжей_части', 'кладбище', 'иной_объект', 'стихийно_возникшая_не_предусмотренная_ледовая_переправа']
17:25:48 | TagsProcessor        | INFO     | <<< [КОНЕЦ] Обработка объектов окружения (nearby). Время: 0.40 сек.
17:25:48 | SpatialProcessor     | INFO     | >>> [НАЧАЛО] Обработка географических признаков...
17:25:48 | SpatialProcessor     | INFO     |    [i] Координаты обработаны.
17:25:48 | SpatialProcessor     | INFO     |    [i] Регионы (дочерный и родительский) обработаны.
17:25:48 | SpatialProcessor     | INFO     |    [i] Схемы обработаны (fillna + split).
17:25:48 | SpatialProcessor     | INFO     | <<< [КОНЕЦ] Обработка географических признаков. Время: 0.15 сек.
17:25:48 | CategoryProcessor    | INFO     | >>> [НАЧАЛО] Обработка категории дтп...
17:25:48 | CategoryProcessor    | WARNING  | Колонка 'category': 2 новых значений вне Whitelist → заменены на 'иной_вид_дтп'. Примеры: [наезд_на_гужевой_транспорт, возгорание_вследствие_технической_неисправности_движущегося_или_остановившегося_тс_участвующего_в_дорожном_движении]. Затронуто 5 строк (0.04%).
17:25:48 | CategoryProcessor    | INFO     |    [i] Топ-3 категории: {'столкновение': 6826, 'наезд_на_пешехода': 2621, 'опрокидывание': 1002}
17:25:48 | CategoryProcessor    | INFO     | <<< [КОНЕЦ] Обработка категории дтп. Время: 0.08 сек.
17:25:48 | ConditionsProcessor  | INFO     | >>> [НАЧАЛО] Обработка списков погоды и дорожных условий...
17:25:48 | ConditionsProcessor  | INFO     |    [i] Погода обработана.
17:25:48 | ConditionsProcessor  | WARNING  | Колонка 'road_conditions': 1 неизвестных тегов → 'road_other'. Примеры: [отсутствие_направляющих_устройств_и_световозвращающих_элементов_на_них]. Затронуто 3 строк (0.02%).
17:25:48 | ConditionsProcessor  | INFO     |    [i] Дорожные условия обработаны.
17:25:48 | ConditionsProcessor  | INFO     | <<< [КОНЕЦ] Обработка списков погоды и дорожных условий. Время: 0.30 сек.
17:25:48 | VehicleProcessor     | INFO     | >>> [НАЧАЛО] Обработка автомобилей (Счетчики, Возраст, Взаимодействие)...
17:25:49 | VehicleProcessor     | INFO     | <<< [КОНЕЦ] Обработка автомобилей (Счетчики, Возраст, Взаимодействие). Время: 0.86 сек.
17:25:49 | ParticipantProcessor | INFO     | >>> [НАЧАЛО] Обработка участников (Режим нарушений: post_event)...
17:25:50 | ParticipantProcessor | INFO     | <<< [КОНЕЦ] Обработка участников (Режим нарушений: post_event). Время: 1.02 сек.
17:25:50 | TargetProcessor      | INFO     | >>> [НАЧАЛО] Кодирование целевой переменной severity...
17:25:50 | TargetProcessor      | INFO     |    [i] Баланс классов: {0: 7743, 1: 4454, 2: 1241}
17:25:50 | TargetProcessor      | INFO     | <<< [КОНЕЦ] Кодирование целевой переменной severity. Время: 0.06 сек.
17:25:50 | DtpPipeline          | INFO     | ================================================================================
17:25:50 | DtpPipeline          | INFO     | ===== ЗАПУСК ОБРАБОТКИ ФАЙЛА: tiumenskaia-oblast.geojson.zip =====
17:25:50 | DtpPipeline          | INFO     | ================================================================================
17:25:50 | JsonDataLoader       | INFO     | Загрузка: data/need_process\tiumenskaia-oblast.geojson.zip
17:25:50 | JsonDataLoader       | INFO     | Чтение из архива: tiumenskaia-oblast.geojson
17:25:53 | JsonDataLoader       | INFO     | Формат: GeoJSON.
17:25:54 | JsonDataLoader       | INFO     | Загружено строк: 27892. Колонок: 24
17:25:54 | CleaningProcessor    | INFO     | --- Запуск очистки данных ---
17:25:54 | CleaningProcessor    | INFO     | Удален технический мусор: ['id', 'coordinates', 'address']
17:25:54 | CleaningProcessor    | INFO     | Удалены поля с утечкой данных (Leakage): ['dead_count', 'injured_count', 'participants_count']
17:25:54 | TemporalProcessor    | INFO     | >>> [НАЧАЛО] Обработка времени и освещения...
17:25:54 | TemporalProcessor    | INFO     |    [i] Циклы времени созданы.
17:25:54 | TemporalProcessor    | INFO     |    [i] Свет обработан.
17:25:54 | TemporalProcessor    | INFO     |    [-] Колонка 'datetime' удалена.
17:25:54 | TemporalProcessor    | INFO     | <<< [КОНЕЦ] Обработка времени и освещения. Время: 0.23 сек.
17:25:54 | TagsProcessor        | INFO     | >>> [НАЧАЛО] Обработка объектов окружения (nearby)...
17:25:55 | TagsProcessor        | INFO     |    [i] Строк с тегами 'other': 10.27% (2864/27892)
17:25:55 | TagsProcessor        | WARNING  | Примеры тегов, попавших в 'other': ['производственное_предприятие', 'объект_строительства', 'автостоянка_не_отделенная_от_проезжей_части', 'объект_здание_сооружение_религиозного_культа', 'зоны_отдыха', 'ледовая_переправаофициально_открытая_и_оборудованная', 'автостоянка_отделенная_от_проезжей_части', 'иной_объект', 'кладбище', 'ледовая_переправа_официально_открытая_и_оборудованная']
17:25:55 | TagsProcessor        | INFO     | <<< [КОНЕЦ] Обработка объектов окружения (nearby). Время: 0.73 сек.
17:25:55 | SpatialProcessor     | INFO     | >>> [НАЧАЛО] Обработка географических признаков...
17:25:55 | SpatialProcessor     | INFO     |    [i] Координаты обработаны.
17:25:55 | SpatialProcessor     | INFO     |    [i] Регионы (дочерный и родительский) обработаны.
17:25:55 | SpatialProcessor     | INFO     |    [i] Схемы обработаны (fillna + split).
17:25:55 | SpatialProcessor     | INFO     | <<< [КОНЕЦ] Обработка географических признаков. Время: 0.29 сек.
17:25:55 | CategoryProcessor    | INFO     | >>> [НАЧАЛО] Обработка категории дтп...
17:25:55 | CategoryProcessor    | WARNING  | Колонка 'category': 2 новых значений вне Whitelist → заменены на 'иной_вид_дтп'. Примеры: [наезд_на_гужевой_транспорт, возгорание_вследствие_технической_неисправности_движущегося_или_остановившегося_тс_участвующего_в_дорожном_движении]. Затронуто 2 строк (0.01%).
17:25:55 | CategoryProcessor    | INFO     |    [i] Топ-3 категории: {'столкновение': 13300, 'наезд_на_пешехода': 6037, 'съезд_с_дороги': 1918}
17:25:55 | CategoryProcessor    | INFO     | <<< [КОНЕЦ] Обработка категории дтп. Время: 0.15 сек.
17:25:55 | ConditionsProcessor  | INFO     | >>> [НАЧАЛО] Обработка списков погоды и дорожных условий...
17:25:55 | ConditionsProcessor  | INFO     |    [i] Погода обработана.
17:25:56 | ConditionsProcessor  | WARNING  | Колонка 'road_conditions': 2 неизвестных тегов → 'road_other'. Примеры: [неудовлетворительное_состояние_разделительной_полосы, отсутствие_направляющих_устройств_и_световозвращающих_элементов_на_них]. Затронуто 17 строк (0.06%).
17:25:56 | ConditionsProcessor  | INFO     |    [i] Дорожные условия обработаны.
17:25:56 | ConditionsProcessor  | INFO     | <<< [КОНЕЦ] Обработка списков погоды и дорожных условий. Время: 0.60 сек.
17:25:56 | VehicleProcessor     | INFO     | >>> [НАЧАЛО] Обработка автомобилей (Счетчики, Возраст, Взаимодействие)...
17:25:57 | VehicleProcessor     | INFO     | <<< [КОНЕЦ] Обработка автомобилей (Счетчики, Возраст, Взаимодействие). Время: 1.74 сек.
17:25:57 | ParticipantProcessor | INFO     | >>> [НАЧАЛО] Обработка участников (Режим нарушений: post_event)...
17:25:59 | ParticipantProcessor | INFO     | <<< [КОНЕЦ] Обработка участников (Режим нарушений: post_event). Время: 1.80 сек.
17:25:59 | TargetProcessor      | INFO     | >>> [НАЧАЛО] Кодирование целевой переменной severity...
17:25:59 | TargetProcessor      | INFO     |    [i] Баланс классов: {0: 22597, 1: 3565, 2: 1730}
17:25:59 | TargetProcessor      | INFO     | <<< [КОНЕЦ] Кодирование целевой переменной severity. Время: 0.11 сек.
17:25:59 | DtpPipeline          | INFO     | ================================================================================
17:25:59 | DtpPipeline          | INFO     | ===== ЗАПУСК ОБРАБОТКИ ФАЙЛА: tomskaia-oblast.geojson.zip =====
17:25:59 | DtpPipeline          | INFO     | ================================================================================
17:25:59 | JsonDataLoader       | INFO     | Загрузка: data/need_process\tomskaia-oblast.geojson.zip
17:25:59 | JsonDataLoader       | INFO     | Чтение из архива: tomskaia-oblast.geojson
17:26:00 | JsonDataLoader       | INFO     | Формат: GeoJSON.
17:26:00 | JsonDataLoader       | INFO     | Загружено строк: 6612. Колонок: 24
17:26:00 | CleaningProcessor    | INFO     | --- Запуск очистки данных ---
17:26:00 | CleaningProcessor    | INFO     | Удален технический мусор: ['id', 'coordinates', 'address']
17:26:00 | CleaningProcessor    | INFO     | Удалены поля с утечкой данных (Leakage): ['dead_count', 'injured_count', 'participants_count']
17:26:00 | TemporalProcessor    | INFO     | >>> [НАЧАЛО] Обработка времени и освещения...
17:26:00 | TemporalProcessor    | INFO     |    [i] Циклы времени созданы.
17:26:00 | TemporalProcessor    | INFO     |    [i] Свет обработан.
17:26:00 | TemporalProcessor    | INFO     |    [-] Колонка 'datetime' удалена.
17:26:00 | TemporalProcessor    | INFO     | <<< [КОНЕЦ] Обработка времени и освещения. Время: 0.06 сек.
17:26:00 | TagsProcessor        | INFO     | >>> [НАЧАЛО] Обработка объектов окружения (nearby)...
17:26:00 | TagsProcessor        | INFO     |    [i] Строк с тегами 'other': 7.30% (483/6612)
17:26:00 | TagsProcessor        | WARNING  | Примеры тегов, попавших в 'other': ['производственное_предприятие', 'объект_строительства', 'автостоянка_не_отделенная_от_проезжей_части', 'ледовая_переправа', 'объект_здание_сооружение_религиозного_культа', 'зоны_отдыха', 'автостоянка_отделенная_от_проезжей_части', 'иной_объект', 'кладбище']
17:26:00 | TagsProcessor        | INFO     | <<< [КОНЕЦ] Обработка объектов окружения (nearby). Время: 0.16 сек.
17:26:00 | SpatialProcessor     | INFO     | >>> [НАЧАЛО] Обработка географических признаков...
17:26:00 | SpatialProcessor     | INFO     |    [i] Координаты обработаны.
17:26:00 | SpatialProcessor     | INFO     |    [i] Регионы (дочерный и родительский) обработаны.
17:26:00 | SpatialProcessor     | INFO     |    [i] Схемы обработаны (fillna + split).
17:26:00 | SpatialProcessor     | INFO     | <<< [КОНЕЦ] Обработка географических признаков. Время: 0.07 сек.
17:26:00 | CategoryProcessor    | INFO     | >>> [НАЧАЛО] Обработка категории дтп...
17:26:00 | CategoryProcessor    | WARNING  | Колонка 'category': 1 новых значений вне Whitelist → заменены на 'иной_вид_дтп'. Примеры: [возгорание_вследствие_технической_неисправности_движущегося_или_остановившегося_тс_участвующего_в_дорожном_движении]. Затронуто 1 строк (0.02%).
17:26:00 | CategoryProcessor    | INFO     |    [i] Топ-3 категории: {'столкновение': 2525, 'наезд_на_пешехода': 2244, 'съезд_с_дороги': 438}
17:26:00 | CategoryProcessor    | INFO     | <<< [КОНЕЦ] Обработка категории дтп. Время: 0.04 сек.
17:26:00 | ConditionsProcessor  | INFO     | >>> [НАЧАЛО] Обработка списков погоды и дорожных условий...
17:26:00 | ConditionsProcessor  | INFO     |    [i] Погода обработана.
17:26:00 | ConditionsProcessor  | WARNING  | Колонка 'road_conditions': 2 неизвестных тегов → 'road_other'. Примеры: [неудовлетворительное_состояние_разделительной_полосы, отсутствие_направляющих_устройств_и_световозвращающих_элементов_на_них]. Затронуто 6 строк (0.09%).
17:26:00 | ConditionsProcessor  | INFO     |    [i] Дорожные условия обработаны.
17:26:00 | ConditionsProcessor  | INFO     | <<< [КОНЕЦ] Обработка списков погоды и дорожных условий. Время: 0.16 сек.
17:26:00 | VehicleProcessor     | INFO     | >>> [НАЧАЛО] Обработка автомобилей (Счетчики, Возраст, Взаимодействие)...
17:26:01 | VehicleProcessor     | INFO     | <<< [КОНЕЦ] Обработка автомобилей (Счетчики, Возраст, Взаимодействие). Время: 0.40 сек.
17:26:01 | ParticipantProcessor | INFO     | >>> [НАЧАЛО] Обработка участников (Режим нарушений: post_event)...
17:26:01 | ParticipantProcessor | INFO     | <<< [КОНЕЦ] Обработка участников (Режим нарушений: post_event). Время: 0.46 сек.
17:26:01 | TargetProcessor      | INFO     | >>> [НАЧАЛО] Кодирование целевой переменной severity...
17:26:01 | TargetProcessor      | INFO     |    [i] Баланс классов: {0: 2411, 1: 3448, 2: 753}
17:26:01 | TargetProcessor      | INFO     | <<< [КОНЕЦ] Кодирование целевой переменной severity. Время: 0.03 сек.
17:26:01 | DtpPipeline          | INFO     | ================================================================================
17:26:01 | DtpPipeline          | INFO     | ===== ЗАПУСК ОБРАБОТКИ ФАЙЛА: tulskaia-oblast.geojson.zip =====
17:26:01 | DtpPipeline          | INFO     | ================================================================================
17:26:01 | JsonDataLoader       | INFO     | Загрузка: data/need_process\tulskaia-oblast.geojson.zip
17:26:01 | JsonDataLoader       | INFO     | Чтение из архива: tulskaia-oblast.geojson
17:26:03 | JsonDataLoader       | INFO     | Формат: GeoJSON.
17:26:04 | JsonDataLoader       | INFO     | Загружено строк: 21240. Колонок: 24
17:26:04 | CleaningProcessor    | INFO     | --- Запуск очистки данных ---
17:26:04 | CleaningProcessor    | INFO     | Удален технический мусор: ['id', 'coordinates', 'address']
17:26:04 | CleaningProcessor    | INFO     | Удалены поля с утечкой данных (Leakage): ['dead_count', 'injured_count', 'participants_count']
17:26:04 | TemporalProcessor    | INFO     | >>> [НАЧАЛО] Обработка времени и освещения...
17:26:04 | TemporalProcessor    | INFO     |    [i] Циклы времени созданы.
17:26:04 | TemporalProcessor    | INFO     |    [i] Свет обработан.
17:26:04 | TemporalProcessor    | INFO     |    [-] Колонка 'datetime' удалена.
17:26:04 | TemporalProcessor    | INFO     | <<< [КОНЕЦ] Обработка времени и освещения. Время: 0.16 сек.
17:26:04 | TagsProcessor        | INFO     | >>> [НАЧАЛО] Обработка объектов окружения (nearby)...
17:26:04 | TagsProcessor        | INFO     |    [i] Строк с тегами 'other': 9.58% (2034/21240)
17:26:04 | TagsProcessor        | WARNING  | Примеры тегов, попавших в 'other': ['производственное_предприятие', 'объект_строительства', 'автостоянка_не_отделенная_от_проезжей_части', 'объект_здание_сооружение_религиозного_культа', 'зоны_отдыха', 'автостоянка_отделенная_от_проезжей_части', 'иной_объект', 'кладбище']
17:26:04 | TagsProcessor        | INFO     | <<< [КОНЕЦ] Обработка объектов окружения (nearby). Время: 0.58 сек.
17:26:04 | SpatialProcessor     | INFO     | >>> [НАЧАЛО] Обработка географических признаков...
17:26:04 | SpatialProcessor     | INFO     |    [i] Координаты обработаны.
17:26:05 | SpatialProcessor     | INFO     |    [i] Регионы (дочерный и родительский) обработаны.
17:26:05 | SpatialProcessor     | INFO     |    [i] Схемы обработаны (fillna + split).
17:26:05 | SpatialProcessor     | INFO     | <<< [КОНЕЦ] Обработка географических признаков. Время: 0.23 сек.
17:26:05 | CategoryProcessor    | INFO     | >>> [НАЧАЛО] Обработка категории дтп...
17:26:05 | CategoryProcessor    | WARNING  | Колонка 'category': 1 новых значений вне Whitelist → заменены на 'иной_вид_дтп'. Примеры: [наезд_на_гужевой_транспорт]. Затронуто 5 строк (0.02%).
17:26:05 | CategoryProcessor    | INFO     |    [i] Топ-3 категории: {'столкновение': 9202, 'наезд_на_пешехода': 5048, 'наезд_на_препятствие': 1660}
17:26:05 | CategoryProcessor    | INFO     | <<< [КОНЕЦ] Обработка категории дтп. Время: 0.11 сек.
17:26:05 | ConditionsProcessor  | INFO     | >>> [НАЧАЛО] Обработка списков погоды и дорожных условий...
17:26:05 | ConditionsProcessor  | INFO     |    [i] Погода обработана.
17:26:05 | ConditionsProcessor  | WARNING  | Колонка 'road_conditions': 1 неизвестных тегов → 'road_other'. Примеры: [отсутствие_направляющих_устройств_и_световозвращающих_элементов_на_них]. Затронуто 9 строк (0.04%).
17:26:05 | ConditionsProcessor  | INFO     |    [i] Дорожные условия обработаны.
17:26:05 | ConditionsProcessor  | INFO     | <<< [КОНЕЦ] Обработка списков погоды и дорожных условий. Время: 0.46 сек.
17:26:05 | VehicleProcessor     | INFO     | >>> [НАЧАЛО] Обработка автомобилей (Счетчики, Возраст, Взаимодействие)...
17:26:07 | VehicleProcessor     | INFO     | <<< [КОНЕЦ] Обработка автомобилей (Счетчики, Возраст, Взаимодействие). Время: 1.33 сек.
17:26:07 | ParticipantProcessor | INFO     | >>> [НАЧАЛО] Обработка участников (Режим нарушений: post_event)...
17:26:08 | ParticipantProcessor | INFO     | <<< [КОНЕЦ] Обработка участников (Режим нарушений: post_event). Время: 1.42 сек.
17:26:08 | TargetProcessor      | INFO     | >>> [НАЧАЛО] Кодирование целевой переменной severity...
17:26:08 | TargetProcessor      | INFO     |    [i] Баланс классов: {0: 11685, 1: 7286, 2: 2269}
17:26:08 | TargetProcessor      | INFO     | <<< [КОНЕЦ] Кодирование целевой переменной severity. Время: 0.09 сек.
17:26:08 | DtpPipeline          | INFO     | ================================================================================
17:26:08 | DtpPipeline          | INFO     | ===== ЗАПУСК ОБРАБОТКИ ФАЙЛА: tverskaia-oblast.geojson.zip =====
17:26:08 | DtpPipeline          | INFO     | ================================================================================
17:26:08 | JsonDataLoader       | INFO     | Загрузка: data/need_process\tverskaia-oblast.geojson.zip
17:26:08 | JsonDataLoader       | INFO     | Чтение из архива: tverskaia-oblast.geojson
17:26:10 | JsonDataLoader       | INFO     | Формат: GeoJSON.
17:26:10 | JsonDataLoader       | INFO     | Загружено строк: 17937. Колонок: 24
17:26:10 | CleaningProcessor    | INFO     | --- Запуск очистки данных ---
17:26:10 | CleaningProcessor    | INFO     | Удален технический мусор: ['id', 'coordinates', 'address']
17:26:10 | CleaningProcessor    | INFO     | Удалены поля с утечкой данных (Leakage): ['dead_count', 'injured_count', 'participants_count']
17:26:10 | TemporalProcessor    | INFO     | >>> [НАЧАЛО] Обработка времени и освещения...
17:26:10 | TemporalProcessor    | INFO     |    [i] Циклы времени созданы.
17:26:10 | TemporalProcessor    | INFO     |    [i] Свет обработан.
17:26:10 | TemporalProcessor    | INFO     |    [-] Колонка 'datetime' удалена.
17:26:10 | TemporalProcessor    | INFO     | <<< [КОНЕЦ] Обработка времени и освещения. Время: 0.14 сек.
17:26:10 | TagsProcessor        | INFO     | >>> [НАЧАЛО] Обработка объектов окружения (nearby)...
17:26:11 | TagsProcessor        | INFO     |    [i] Строк с тегами 'other': 2.96% (531/17937)
17:26:11 | TagsProcessor        | WARNING  | Примеры тегов, попавших в 'other': ['производственное_предприятие', 'место_для_перегона_скота', 'объект_строительства', 'автостоянка_не_отделенная_от_проезжей_части', 'объект_здание_сооружение_религиозного_культа', 'зоны_отдыха', 'ледовая_переправаофициально_открытая_и_оборудованная', 'автостоянка_отделенная_от_проезжей_части', 'иной_объект', 'кладбище', 'стихийно_возникшая_не_предусмотренная_ледовая_переправа']
17:26:11 | TagsProcessor        | INFO     | <<< [КОНЕЦ] Обработка объектов окружения (nearby). Время: 0.29 сек.
17:26:11 | SpatialProcessor     | INFO     | >>> [НАЧАЛО] Обработка географических признаков...
17:26:11 | SpatialProcessor     | INFO     |    [i] Координаты обработаны.
17:26:11 | SpatialProcessor     | INFO     |    [i] Регионы (дочерный и родительский) обработаны.
17:26:11 | SpatialProcessor     | INFO     |    [i] Схемы обработаны (fillna + split).
17:26:11 | SpatialProcessor     | INFO     | <<< [КОНЕЦ] Обработка географических признаков. Время: 0.19 сек.
17:26:11 | CategoryProcessor    | INFO     | >>> [НАЧАЛО] Обработка категории дтп...
17:26:11 | CategoryProcessor    | WARNING  | Колонка 'category': 1 новых значений вне Whitelist → заменены на 'иной_вид_дтп'. Примеры: [возгорание_вследствие_технической_неисправности_движущегося_или_остановившегося_тс_участвующего_в_дорожном_движении]. Затронуто 1 строк (0.01%).
17:26:11 | CategoryProcessor    | INFO     |    [i] Топ-3 категории: {'столкновение': 7358, 'наезд_на_пешехода': 4091, 'съезд_с_дороги': 1911}
17:26:11 | CategoryProcessor    | INFO     | <<< [КОНЕЦ] Обработка категории дтп. Время: 0.10 сек.
17:26:11 | ConditionsProcessor  | INFO     | >>> [НАЧАЛО] Обработка списков погоды и дорожных условий...
17:26:11 | ConditionsProcessor  | INFO     |    [i] Погода обработана.
17:26:11 | ConditionsProcessor  | WARNING  | Колонка 'road_conditions': 2 неизвестных тегов → 'road_other'. Примеры: [неудовлетворительное_состояние_разделительной_полосы, отсутствие_направляющих_устройств_и_световозвращающих_элементов_на_них]. Затронуто 16 строк (0.09%).
17:26:11 | ConditionsProcessor  | INFO     |    [i] Дорожные условия обработаны.
17:26:11 | ConditionsProcessor  | INFO     | <<< [КОНЕЦ] Обработка списков погоды и дорожных условий. Время: 0.41 сек.
17:26:11 | VehicleProcessor     | INFO     | >>> [НАЧАЛО] Обработка автомобилей (Счетчики, Возраст, Взаимодействие)...
17:26:12 | VehicleProcessor     | INFO     | <<< [КОНЕЦ] Обработка автомобилей (Счетчики, Возраст, Взаимодействие). Время: 1.08 сек.
17:26:12 | ParticipantProcessor | INFO     | >>> [НАЧАЛО] Обработка участников (Режим нарушений: post_event)...
17:26:14 | ParticipantProcessor | INFO     | <<< [КОНЕЦ] Обработка участников (Режим нарушений: post_event). Время: 1.25 сек.
17:26:14 | TargetProcessor      | INFO     | >>> [НАЧАЛО] Кодирование целевой переменной severity...
17:26:14 | TargetProcessor      | INFO     |    [i] Баланс классов: {0: 10237, 1: 5914, 2: 1786}
17:26:14 | TargetProcessor      | INFO     | <<< [КОНЕЦ] Кодирование целевой переменной severity. Время: 0.08 сек.
17:26:14 | DtpPipeline          | INFO     | ================================================================================
17:26:14 | DtpPipeline          | INFO     | ===== ЗАПУСК ОБРАБОТКИ ФАЙЛА: udmurtskaia-respublika.geojson.zip =====
17:26:14 | DtpPipeline          | INFO     | ================================================================================
17:26:14 | JsonDataLoader       | INFO     | Загрузка: data/need_process\udmurtskaia-respublika.geojson.zip
17:26:14 | JsonDataLoader       | INFO     | Чтение из архива: udmurtskaia-respublika.geojson
17:26:14 | JsonDataLoader       | INFO     | Формат: GeoJSON.
17:26:15 | JsonDataLoader       | INFO     | Загружено строк: 17261. Колонок: 24
17:26:15 | CleaningProcessor    | INFO     | --- Запуск очистки данных ---
17:26:15 | CleaningProcessor    | INFO     | Удален технический мусор: ['id', 'coordinates', 'address']
17:26:15 | CleaningProcessor    | INFO     | Удалены поля с утечкой данных (Leakage): ['dead_count', 'injured_count', 'participants_count']
17:26:15 | TemporalProcessor    | INFO     | >>> [НАЧАЛО] Обработка времени и освещения...
17:26:15 | TemporalProcessor    | INFO     |    [i] Циклы времени созданы.
17:26:15 | TemporalProcessor    | INFO     |    [i] Свет обработан.
17:26:15 | TemporalProcessor    | INFO     |    [-] Колонка 'datetime' удалена.
17:26:15 | TemporalProcessor    | INFO     | <<< [КОНЕЦ] Обработка времени и освещения. Время: 0.15 сек.
17:26:15 | TagsProcessor        | INFO     | >>> [НАЧАЛО] Обработка объектов окружения (nearby)...
17:26:15 | TagsProcessor        | INFO     |    [i] Строк с тегами 'other': 12.95% (2236/17261)
17:26:15 | TagsProcessor        | WARNING  | Примеры тегов, попавших в 'other': ['производственное_предприятие', 'объект_строительства', 'автостоянка_не_отделенная_от_проезжей_части', 'объект_здание_сооружение_религиозного_культа', 'зоны_отдыха', 'автостоянка_отделенная_от_проезжей_части', 'иной_объект', 'кладбище']
17:26:15 | TagsProcessor        | INFO     | <<< [КОНЕЦ] Обработка объектов окружения (nearby). Время: 0.43 сек.
17:26:15 | SpatialProcessor     | INFO     | >>> [НАЧАЛО] Обработка географических признаков...
17:26:15 | SpatialProcessor     | INFO     |    [i] Координаты обработаны.
17:26:16 | SpatialProcessor     | INFO     |    [i] Регионы (дочерный и родительский) обработаны.
17:26:16 | SpatialProcessor     | INFO     |    [i] Схемы обработаны (fillna + split).
17:26:16 | SpatialProcessor     | INFO     | <<< [КОНЕЦ] Обработка географических признаков. Время: 0.19 сек.
17:26:16 | CategoryProcessor    | INFO     | >>> [НАЧАЛО] Обработка категории дтп...
17:26:16 | CategoryProcessor    | WARNING  | Колонка 'category': 2 новых значений вне Whitelist → заменены на 'иной_вид_дтп'. Примеры: [наезд_на_гужевой_транспорт, возгорание_вследствие_технической_неисправности_движущегося_или_остановившегося_тс_участвующего_в_дорожном_движении]. Затронуто 4 строк (0.02%).
17:26:16 | CategoryProcessor    | INFO     |    [i] Топ-3 категории: {'столкновение': 6729, 'наезд_на_пешехода': 5490, 'опрокидывание': 1211}
17:26:16 | CategoryProcessor    | INFO     | <<< [КОНЕЦ] Обработка категории дтп. Время: 0.10 сек.
17:26:16 | ConditionsProcessor  | INFO     | >>> [НАЧАЛО] Обработка списков погоды и дорожных условий...
17:26:16 | ConditionsProcessor  | INFO     |    [i] Погода обработана.
17:26:16 | ConditionsProcessor  | WARNING  | Колонка 'road_conditions': 2 неизвестных тегов → 'road_other'. Примеры: [неудовлетворительное_состояние_разделительной_полосы, отсутствие_направляющих_устройств_и_световозвращающих_элементов_на_них]. Затронуто 91 строк (0.53%).
17:26:16 | ConditionsProcessor  | INFO     |    [i] Дорожные условия обработаны.
17:26:16 | ConditionsProcessor  | INFO     | <<< [КОНЕЦ] Обработка списков погоды и дорожных условий. Время: 0.39 сек.
17:26:16 | VehicleProcessor     | INFO     | >>> [НАЧАЛО] Обработка автомобилей (Счетчики, Возраст, Взаимодействие)...
17:26:17 | VehicleProcessor     | INFO     | <<< [КОНЕЦ] Обработка автомобилей (Счетчики, Возраст, Взаимодействие). Время: 1.00 сек.
17:26:17 | ParticipantProcessor | INFO     | >>> [НАЧАЛО] Обработка участников (Режим нарушений: post_event)...
17:26:18 | ParticipantProcessor | INFO     | <<< [КОНЕЦ] Обработка участников (Режим нарушений: post_event). Время: 1.14 сек.
17:26:18 | TargetProcessor      | INFO     | >>> [НАЧАЛО] Кодирование целевой переменной severity...
17:26:18 | TargetProcessor      | INFO     |    [i] Баланс классов: {0: 11196, 1: 4600, 2: 1465}
17:26:18 | TargetProcessor      | INFO     | <<< [КОНЕЦ] Кодирование целевой переменной severity. Время: 0.07 сек.
17:26:18 | DtpPipeline          | INFO     | ================================================================================
17:26:18 | DtpPipeline          | INFO     | ===== ЗАПУСК ОБРАБОТКИ ФАЙЛА: ulianovskaia-oblast.geojson.zip =====
17:26:18 | DtpPipeline          | INFO     | ================================================================================
17:26:18 | JsonDataLoader       | INFO     | Загрузка: data/need_process\ulianovskaia-oblast.geojson.zip
17:26:18 | JsonDataLoader       | INFO     | Чтение из архива: ulianovskaia-oblast.geojson
17:26:20 | JsonDataLoader       | INFO     | Формат: GeoJSON.
17:26:20 | JsonDataLoader       | INFO     | Загружено строк: 12764. Колонок: 24
17:26:20 | CleaningProcessor    | INFO     | --- Запуск очистки данных ---
17:26:20 | CleaningProcessor    | INFO     | Удален технический мусор: ['id', 'coordinates', 'address']
17:26:20 | CleaningProcessor    | INFO     | Удалены поля с утечкой данных (Leakage): ['dead_count', 'injured_count', 'participants_count']
17:26:20 | TemporalProcessor    | INFO     | >>> [НАЧАЛО] Обработка времени и освещения...
17:26:20 | TemporalProcessor    | INFO     |    [i] Циклы времени созданы.
17:26:20 | TemporalProcessor    | INFO     |    [i] Свет обработан.
17:26:20 | TemporalProcessor    | INFO     |    [-] Колонка 'datetime' удалена.
17:26:20 | TemporalProcessor    | INFO     | <<< [КОНЕЦ] Обработка времени и освещения. Время: 0.10 сек.
17:26:20 | TagsProcessor        | INFO     | >>> [НАЧАЛО] Обработка объектов окружения (nearby)...
17:26:21 | TagsProcessor        | INFO     |    [i] Строк с тегами 'other': 9.37% (1196/12764)
17:26:21 | TagsProcessor        | WARNING  | Примеры тегов, попавших в 'other': ['производственное_предприятие', 'место_для_перегона_скота', 'объект_строительства', 'автостоянка_не_отделенная_от_проезжей_части', 'объект_здание_сооружение_религиозного_культа', 'зоны_отдыха', 'автостоянка_отделенная_от_проезжей_части', 'иной_объект', 'кладбище']
17:26:21 | TagsProcessor        | INFO     | <<< [КОНЕЦ] Обработка объектов окружения (nearby). Время: 0.33 сек.
17:26:21 | SpatialProcessor     | INFO     | >>> [НАЧАЛО] Обработка географических признаков...
17:26:21 | SpatialProcessor     | INFO     |    [i] Координаты обработаны.
17:26:21 | SpatialProcessor     | INFO     |    [i] Регионы (дочерный и родительский) обработаны.
17:26:21 | SpatialProcessor     | INFO     |    [i] Схемы обработаны (fillna + split).
17:26:21 | SpatialProcessor     | INFO     | <<< [КОНЕЦ] Обработка географических признаков. Время: 0.14 сек.
17:26:21 | CategoryProcessor    | INFO     | >>> [НАЧАЛО] Обработка категории дтп...
17:26:21 | CategoryProcessor    | INFO     |    [i] Топ-3 категории: {'столкновение': 5793, 'наезд_на_пешехода': 3431, 'съезд_с_дороги': 1032}
17:26:21 | CategoryProcessor    | INFO     | <<< [КОНЕЦ] Обработка категории дтп. Время: 0.06 сек.
17:26:21 | ConditionsProcessor  | INFO     | >>> [НАЧАЛО] Обработка списков погоды и дорожных условий...
17:26:21 | ConditionsProcessor  | INFO     |    [i] Погода обработана.
17:26:21 | ConditionsProcessor  | WARNING  | Колонка 'road_conditions': 2 неизвестных тегов → 'road_other'. Примеры: [неудовлетворительное_состояние_разделительной_полосы, отсутствие_направляющих_устройств_и_световозвращающих_элементов_на_них]. Затронуто 22 строк (0.17%).
17:26:21 | ConditionsProcessor  | INFO     |    [i] Дорожные условия обработаны.
17:26:21 | ConditionsProcessor  | INFO     | <<< [КОНЕЦ] Обработка списков погоды и дорожных условий. Время: 0.29 сек.
17:26:21 | VehicleProcessor     | INFO     | >>> [НАЧАЛО] Обработка автомобилей (Счетчики, Возраст, Взаимодействие)...
17:26:22 | VehicleProcessor     | INFO     | <<< [КОНЕЦ] Обработка автомобилей (Счетчики, Возраст, Взаимодействие). Время: 0.75 сек.
17:26:22 | ParticipantProcessor | INFO     | >>> [НАЧАЛО] Обработка участников (Режим нарушений: post_event)...
17:26:23 | ParticipantProcessor | INFO     | <<< [КОНЕЦ] Обработка участников (Режим нарушений: post_event). Время: 0.84 сек.
17:26:23 | TargetProcessor      | INFO     | >>> [НАЧАЛО] Кодирование целевой переменной severity...
17:26:23 | TargetProcessor      | INFO     |    [i] Баланс классов: {0: 7233, 1: 4284, 2: 1247}
17:26:23 | TargetProcessor      | INFO     | <<< [КОНЕЦ] Кодирование целевой переменной severity. Время: 0.05 сек.
17:26:23 | DtpPipeline          | INFO     | ================================================================================
17:26:23 | DtpPipeline          | INFO     | ===== ЗАПУСК ОБРАБОТКИ ФАЙЛА: vladimirskaia-oblast.geojson.zip =====
17:26:23 | DtpPipeline          | INFO     | ================================================================================
17:26:23 | JsonDataLoader       | INFO     | Загрузка: data/need_process\vladimirskaia-oblast.geojson.zip
17:26:23 | JsonDataLoader       | INFO     | Чтение из архива: vladimirskaia-oblast.geojson
17:26:24 | JsonDataLoader       | INFO     | Формат: GeoJSON.
17:26:25 | JsonDataLoader       | INFO     | Загружено строк: 20977. Колонок: 24
17:26:25 | CleaningProcessor    | INFO     | --- Запуск очистки данных ---
17:26:25 | CleaningProcessor    | INFO     | Удален технический мусор: ['id', 'coordinates', 'address']
17:26:25 | CleaningProcessor    | INFO     | Удалены поля с утечкой данных (Leakage): ['dead_count', 'injured_count', 'participants_count']
17:26:25 | TemporalProcessor    | INFO     | >>> [НАЧАЛО] Обработка времени и освещения...
17:26:25 | TemporalProcessor    | INFO     |    [i] Циклы времени созданы.
17:26:25 | TemporalProcessor    | INFO     |    [i] Свет обработан.
17:26:25 | TemporalProcessor    | INFO     |    [-] Колонка 'datetime' удалена.
17:26:25 | TemporalProcessor    | INFO     | <<< [КОНЕЦ] Обработка времени и освещения. Время: 0.15 сек.
17:26:25 | TagsProcessor        | INFO     | >>> [НАЧАЛО] Обработка объектов окружения (nearby)...
17:26:25 | TagsProcessor        | INFO     |    [i] Строк с тегами 'other': 8.43% (1769/20977)
17:26:25 | TagsProcessor        | WARNING  | Примеры тегов, попавших в 'other': ['производственное_предприятие', 'место_для_перегона_скота', 'объект_строительства', 'автостоянка_не_отделенная_от_проезжей_части', 'объект_здание_сооружение_религиозного_культа', 'зоны_отдыха', 'автостоянка_отделенная_от_проезжей_части', 'кладбище', 'иной_объект']
17:26:25 | TagsProcessor        | INFO     | <<< [КОНЕЦ] Обработка объектов окружения (nearby). Время: 0.38 сек.
17:26:25 | SpatialProcessor     | INFO     | >>> [НАЧАЛО] Обработка географических признаков...
17:26:26 | SpatialProcessor     | INFO     |    [i] Координаты обработаны.
17:26:26 | SpatialProcessor     | INFO     |    [i] Регионы (дочерный и родительский) обработаны.
17:26:26 | SpatialProcessor     | INFO     |    [i] Схемы обработаны (fillna + split).
17:26:26 | SpatialProcessor     | INFO     | <<< [КОНЕЦ] Обработка географических признаков. Время: 0.25 сек.
17:26:26 | CategoryProcessor    | INFO     | >>> [НАЧАЛО] Обработка категории дтп...
17:26:26 | CategoryProcessor    | WARNING  | Колонка 'category': 1 новых значений вне Whitelist → заменены на 'иной_вид_дтп'. Примеры: [наезд_на_гужевой_транспорт]. Затронуто 2 строк (0.01%).
17:26:26 | CategoryProcessor    | INFO     |    [i] Топ-3 категории: {'столкновение': 9277, 'наезд_на_пешехода': 4743, 'съезд_с_дороги': 1680}
17:26:26 | CategoryProcessor    | INFO     | <<< [КОНЕЦ] Обработка категории дтп. Время: 0.11 сек.
17:26:26 | ConditionsProcessor  | INFO     | >>> [НАЧАЛО] Обработка списков погоды и дорожных условий...
17:26:26 | ConditionsProcessor  | INFO     |    [i] Погода обработана.
17:26:26 | ConditionsProcessor  | WARNING  | Колонка 'road_conditions': 2 неизвестных тегов → 'road_other'. Примеры: [неудовлетворительное_состояние_разделительной_полосы, отсутствие_направляющих_устройств_и_световозвращающих_элементов_на_них]. Затронуто 14 строк (0.07%).
17:26:26 | ConditionsProcessor  | INFO     |    [i] Дорожные условия обработаны.
17:26:26 | ConditionsProcessor  | INFO     | <<< [КОНЕЦ] Обработка списков погоды и дорожных условий. Время: 0.46 сек.
17:26:26 | VehicleProcessor     | INFO     | >>> [НАЧАЛО] Обработка автомобилей (Счетчики, Возраст, Взаимодействие)...
17:26:28 | VehicleProcessor     | INFO     | <<< [КОНЕЦ] Обработка автомобилей (Счетчики, Возраст, Взаимодействие). Время: 1.30 сек.
17:26:28 | ParticipantProcessor | INFO     | >>> [НАЧАЛО] Обработка участников (Режим нарушений: post_event)...
17:26:29 | ParticipantProcessor | INFO     | <<< [КОНЕЦ] Обработка участников (Режим нарушений: post_event). Время: 1.39 сек.
17:26:29 | TargetProcessor      | INFO     | >>> [НАЧАЛО] Кодирование целевой переменной severity...
17:26:29 | TargetProcessor      | INFO     |    [i] Баланс классов: {0: 12469, 1: 6389, 2: 2119}
17:26:29 | TargetProcessor      | INFO     | <<< [КОНЕЦ] Кодирование целевой переменной severity. Время: 0.09 сек.
17:26:29 | DtpPipeline          | INFO     | ================================================================================
17:26:29 | DtpPipeline          | INFO     | ===== ЗАПУСК ОБРАБОТКИ ФАЙЛА: volgogradskaia-oblast.geojson.zip =====
17:26:29 | DtpPipeline          | INFO     | ================================================================================
17:26:29 | JsonDataLoader       | INFO     | Загрузка: data/need_process\volgogradskaia-oblast.geojson.zip
17:26:29 | JsonDataLoader       | INFO     | Чтение из архива: volgogradskaia-oblast.geojson
17:26:31 | JsonDataLoader       | INFO     | Формат: GeoJSON.
17:26:33 | JsonDataLoader       | INFO     | Загружено строк: 25787. Колонок: 24
17:26:33 | CleaningProcessor    | INFO     | --- Запуск очистки данных ---
17:26:33 | CleaningProcessor    | INFO     | Удален технический мусор: ['id', 'coordinates', 'address']
17:26:33 | CleaningProcessor    | INFO     | Удалены поля с утечкой данных (Leakage): ['dead_count', 'injured_count', 'participants_count']
17:26:33 | TemporalProcessor    | INFO     | >>> [НАЧАЛО] Обработка времени и освещения...
17:26:33 | TemporalProcessor    | INFO     |    [i] Циклы времени созданы.
17:26:33 | TemporalProcessor    | INFO     |    [i] Свет обработан.
17:26:33 | TemporalProcessor    | INFO     |    [-] Колонка 'datetime' удалена.
17:26:33 | TemporalProcessor    | INFO     | <<< [КОНЕЦ] Обработка времени и освещения. Время: 0.19 сек.
17:26:33 | TagsProcessor        | INFO     | >>> [НАЧАЛО] Обработка объектов окружения (nearby)...
17:26:34 | TagsProcessor        | INFO     |    [i] Строк с тегами 'other': 3.79% (977/25787)
17:26:34 | TagsProcessor        | WARNING  | Примеры тегов, попавших в 'other': ['производственное_предприятие', 'объект_строительства', 'автостоянка_не_отделенная_от_проезжей_части', 'объект_здание_сооружение_религиозного_культа', 'зоны_отдыха', 'автостоянка_отделенная_от_проезжей_части', 'иной_объект', 'кладбище']
17:26:34 | TagsProcessor        | INFO     | <<< [КОНЕЦ] Обработка объектов окружения (nearby). Время: 0.41 сек.
17:26:34 | SpatialProcessor     | INFO     | >>> [НАЧАЛО] Обработка географических признаков...
17:26:34 | SpatialProcessor     | INFO     |    [i] Координаты обработаны.
17:26:34 | SpatialProcessor     | INFO     |    [i] Регионы (дочерный и родительский) обработаны.
17:26:34 | SpatialProcessor     | INFO     |    [i] Схемы обработаны (fillna + split).
17:26:34 | SpatialProcessor     | INFO     | <<< [КОНЕЦ] Обработка географических признаков. Время: 0.28 сек.
17:26:34 | CategoryProcessor    | INFO     | >>> [НАЧАЛО] Обработка категории дтп...
17:26:34 | CategoryProcessor    | WARNING  | Колонка 'category': 1 новых значений вне Whitelist → заменены на 'иной_вид_дтп'. Примеры: [возгорание_вследствие_технической_неисправности_движущегося_или_остановившегося_тс_участвующего_в_дорожном_движении]. Затронуто 3 строк (0.01%).
17:26:34 | CategoryProcessor    | INFO     |    [i] Топ-3 категории: {'столкновение': 11427, 'наезд_на_пешехода': 7066, 'опрокидывание': 1793}
17:26:34 | CategoryProcessor    | INFO     | <<< [КОНЕЦ] Обработка категории дтп. Время: 0.15 сек.
17:26:34 | ConditionsProcessor  | INFO     | >>> [НАЧАЛО] Обработка списков погоды и дорожных условий...
17:26:34 | ConditionsProcessor  | INFO     |    [i] Погода обработана.
17:26:35 | ConditionsProcessor  | WARNING  | Колонка 'road_conditions': 2 неизвестных тегов → 'road_other'. Примеры: [неудовлетворительное_состояние_разделительной_полосы, отсутствие_направляющих_устройств_и_световозвращающих_элементов_на_них]. Затронуто 52 строк (0.20%).
17:26:35 | ConditionsProcessor  | INFO     |    [i] Дорожные условия обработаны.
17:26:35 | ConditionsProcessor  | INFO     | <<< [КОНЕЦ] Обработка списков погоды и дорожных условий. Время: 0.64 сек.
17:26:35 | VehicleProcessor     | INFO     | >>> [НАЧАЛО] Обработка автомобилей (Счетчики, Возраст, Взаимодействие)...
17:26:36 | VehicleProcessor     | INFO     | <<< [КОНЕЦ] Обработка автомобилей (Счетчики, Возраст, Взаимодействие). Время: 1.57 сек.
17:26:36 | ParticipantProcessor | INFO     | >>> [НАЧАЛО] Обработка участников (Режим нарушений: post_event)...
17:26:38 | ParticipantProcessor | INFO     | <<< [КОНЕЦ] Обработка участников (Режим нарушений: post_event). Время: 1.66 сек.
17:26:38 | TargetProcessor      | INFO     | >>> [НАЧАЛО] Кодирование целевой переменной severity...
17:26:38 | TargetProcessor      | INFO     |    [i] Баланс классов: {0: 12916, 1: 10343, 2: 2528}
17:26:38 | TargetProcessor      | INFO     | <<< [КОНЕЦ] Кодирование целевой переменной severity. Время: 0.11 сек.
17:26:38 | DtpPipeline          | INFO     | ================================================================================
17:26:38 | DtpPipeline          | INFO     | ===== ЗАПУСК ОБРАБОТКИ ФАЙЛА: vologodskaia-oblast.geojson.zip =====
17:26:38 | DtpPipeline          | INFO     | ================================================================================
17:26:38 | JsonDataLoader       | INFO     | Загрузка: data/need_process\vologodskaia-oblast.geojson.zip
17:26:38 | JsonDataLoader       | INFO     | Чтение из архива: vologodskaia-oblast.geojson
17:26:39 | JsonDataLoader       | INFO     | Формат: GeoJSON.
17:26:39 | JsonDataLoader       | INFO     | Загружено строк: 15006. Колонок: 24
17:26:39 | CleaningProcessor    | INFO     | --- Запуск очистки данных ---
17:26:39 | CleaningProcessor    | INFO     | Удален технический мусор: ['id', 'coordinates', 'address']
17:26:39 | CleaningProcessor    | INFO     | Удалены поля с утечкой данных (Leakage): ['dead_count', 'injured_count', 'participants_count']
17:26:39 | TemporalProcessor    | INFO     | >>> [НАЧАЛО] Обработка времени и освещения...
17:26:39 | TemporalProcessor    | INFO     |    [i] Циклы времени созданы.
17:26:39 | TemporalProcessor    | INFO     |    [i] Свет обработан.
17:26:39 | TemporalProcessor    | INFO     |    [-] Колонка 'datetime' удалена.
17:26:39 | TemporalProcessor    | INFO     | <<< [КОНЕЦ] Обработка времени и освещения. Время: 0.12 сек.
17:26:39 | TagsProcessor        | INFO     | >>> [НАЧАЛО] Обработка объектов окружения (nearby)...
17:26:40 | TagsProcessor        | INFO     |    [i] Строк с тегами 'other': 15.49% (2325/15006)
17:26:40 | TagsProcessor        | WARNING  | Примеры тегов, попавших в 'other': ['производственное_предприятие', 'объект_строительства', 'автостоянка_не_отделенная_от_проезжей_части', 'объект_здание_сооружение_религиозного_культа', 'зоны_отдыха', 'автостоянка_отделенная_от_проезжей_части', 'кладбище', 'иной_объект', 'стихийно_возникшая_не_предусмотренная_ледовая_переправа']
17:26:40 | TagsProcessor        | INFO     | <<< [КОНЕЦ] Обработка объектов окружения (nearby). Время: 0.45 сек.
17:26:40 | SpatialProcessor     | INFO     | >>> [НАЧАЛО] Обработка географических признаков...
17:26:40 | SpatialProcessor     | INFO     |    [i] Координаты обработаны.
17:26:40 | SpatialProcessor     | INFO     |    [i] Регионы (дочерный и родительский) обработаны.
17:26:40 | SpatialProcessor     | INFO     |    [i] Схемы обработаны (fillna + split).
17:26:40 | SpatialProcessor     | INFO     | <<< [КОНЕЦ] Обработка географических признаков. Время: 0.17 сек.
17:26:40 | CategoryProcessor    | INFO     | >>> [НАЧАЛО] Обработка категории дтп...
17:26:40 | CategoryProcessor    | INFO     |    [i] Топ-3 категории: {'столкновение': 6091, 'наезд_на_пешехода': 3956, 'съезд_с_дороги': 1640}
17:26:40 | CategoryProcessor    | INFO     | <<< [КОНЕЦ] Обработка категории дтп. Время: 0.08 сек.
17:26:40 | ConditionsProcessor  | INFO     | >>> [НАЧАЛО] Обработка списков погоды и дорожных условий...
17:26:40 | ConditionsProcessor  | INFO     |    [i] Погода обработана.
17:26:40 | ConditionsProcessor  | WARNING  | Колонка 'road_conditions': 2 неизвестных тегов → 'road_other'. Примеры: [неудовлетворительное_состояние_разделительной_полосы, отсутствие_направляющих_устройств_и_световозвращающих_элементов_на_них]. Затронуто 18 строк (0.12%).
17:26:40 | ConditionsProcessor  | INFO     |    [i] Дорожные условия обработаны.
17:26:40 | ConditionsProcessor  | INFO     | <<< [КОНЕЦ] Обработка списков погоды и дорожных условий. Время: 0.38 сек.
17:26:40 | VehicleProcessor     | INFO     | >>> [НАЧАЛО] Обработка автомобилей (Счетчики, Возраст, Взаимодействие)...
17:26:41 | VehicleProcessor     | INFO     | <<< [КОНЕЦ] Обработка автомобилей (Счетчики, Возраст, Взаимодействие). Время: 0.93 сек.
17:26:41 | ParticipantProcessor | INFO     | >>> [НАЧАЛО] Обработка участников (Режим нарушений: post_event)...
17:26:42 | ParticipantProcessor | INFO     | <<< [КОНЕЦ] Обработка участников (Режим нарушений: post_event). Время: 1.05 сек.
17:26:42 | TargetProcessor      | INFO     | >>> [НАЧАЛО] Кодирование целевой переменной severity...
17:26:42 | TargetProcessor      | INFO     |    [i] Баланс классов: {0: 10022, 1: 3907, 2: 1077}
17:26:42 | TargetProcessor      | INFO     | <<< [КОНЕЦ] Кодирование целевой переменной severity. Время: 0.08 сек.
17:26:42 | DtpPipeline          | INFO     | ================================================================================
17:26:42 | DtpPipeline          | INFO     | ===== ЗАПУСК ОБРАБОТКИ ФАЙЛА: voronezhskaia-oblast.geojson.zip =====
17:26:42 | DtpPipeline          | INFO     | ================================================================================
17:26:42 | JsonDataLoader       | INFO     | Загрузка: data/need_process\voronezhskaia-oblast.geojson.zip
17:26:42 | JsonDataLoader       | INFO     | Чтение из архива: voronezhskaia-oblast.geojson
17:26:44 | JsonDataLoader       | INFO     | Формат: GeoJSON.
17:26:45 | JsonDataLoader       | INFO     | Загружено строк: 29974. Колонок: 24
17:26:45 | CleaningProcessor    | INFO     | --- Запуск очистки данных ---
17:26:45 | CleaningProcessor    | INFO     | Удален технический мусор: ['id', 'coordinates', 'address']
17:26:45 | CleaningProcessor    | INFO     | Удалены поля с утечкой данных (Leakage): ['dead_count', 'injured_count', 'participants_count']
17:26:45 | TemporalProcessor    | INFO     | >>> [НАЧАЛО] Обработка времени и освещения...
17:26:45 | TemporalProcessor    | INFO     |    [i] Циклы времени созданы.
17:26:46 | TemporalProcessor    | INFO     |    [i] Свет обработан.
17:26:46 | TemporalProcessor    | INFO     |    [-] Колонка 'datetime' удалена.
17:26:46 | TemporalProcessor    | INFO     | <<< [КОНЕЦ] Обработка времени и освещения. Время: 0.24 сек.
17:26:46 | TagsProcessor        | INFO     | >>> [НАЧАЛО] Обработка объектов окружения (nearby)...
17:26:46 | TagsProcessor        | INFO     |    [i] Строк с тегами 'other': 11.77% (3529/29974)
17:26:46 | TagsProcessor        | WARNING  | Примеры тегов, попавших в 'other': ['производственное_предприятие', 'место_для_перегона_скота', 'объект_строительства', 'автостоянка_не_отделенная_от_проезжей_части', 'объект_здание_сооружение_религиозного_культа', 'зоны_отдыха', 'автостоянка_отделенная_от_проезжей_части', 'иной_объект', 'кладбище']
17:26:46 | TagsProcessor        | INFO     | <<< [КОНЕЦ] Обработка объектов окружения (nearby). Время: 0.75 сек.
17:26:46 | SpatialProcessor     | INFO     | >>> [НАЧАЛО] Обработка географических признаков...
17:26:46 | SpatialProcessor     | INFO     |    [i] Координаты обработаны.
17:26:47 | SpatialProcessor     | INFO     |    [i] Регионы (дочерный и родительский) обработаны.
17:26:47 | SpatialProcessor     | INFO     |    [i] Схемы обработаны (fillna + split).
17:26:47 | SpatialProcessor     | INFO     | <<< [КОНЕЦ] Обработка географических признаков. Время: 0.32 сек.
17:26:47 | CategoryProcessor    | INFO     | >>> [НАЧАЛО] Обработка категории дтп...
17:26:47 | CategoryProcessor    | WARNING  | Колонка 'category': 2 новых значений вне Whitelist → заменены на 'иной_вид_дтп'. Примеры: [наезд_на_гужевой_транспорт, возгорание_вследствие_технической_неисправности_движущегося_или_остановившегося_тс_участвующего_в_дорожном_движении]. Затронуто 19 строк (0.06%).
17:26:47 | CategoryProcessor    | INFO     |    [i] Топ-3 категории: {'столкновение': 13441, 'наезд_на_пешехода': 8015, 'опрокидывание': 1845}
17:26:47 | CategoryProcessor    | INFO     | <<< [КОНЕЦ] Обработка категории дтп. Время: 0.17 сек.
17:26:47 | ConditionsProcessor  | INFO     | >>> [НАЧАЛО] Обработка списков погоды и дорожных условий...
17:26:47 | ConditionsProcessor  | INFO     |    [i] Погода обработана.
17:26:47 | ConditionsProcessor  | WARNING  | Колонка 'road_conditions': 2 неизвестных тегов → 'road_other'. Примеры: [неудовлетворительное_состояние_разделительной_полосы, отсутствие_направляющих_устройств_и_световозвращающих_элементов_на_них]. Затронуто 35 строк (0.12%).
17:26:48 | ConditionsProcessor  | INFO     |    [i] Дорожные условия обработаны.
17:26:48 | ConditionsProcessor  | INFO     | <<< [КОНЕЦ] Обработка списков погоды и дорожных условий. Время: 0.68 сек.
17:26:48 | VehicleProcessor     | INFO     | >>> [НАЧАЛО] Обработка автомобилей (Счетчики, Возраст, Взаимодействие)...
17:26:49 | VehicleProcessor     | INFO     | <<< [КОНЕЦ] Обработка автомобилей (Счетчики, Возраст, Взаимодействие). Время: 1.78 сек.
17:26:49 | ParticipantProcessor | INFO     | >>> [НАЧАЛО] Обработка участников (Режим нарушений: post_event)...
17:26:51 | ParticipantProcessor | INFO     | <<< [КОНЕЦ] Обработка участников (Режим нарушений: post_event). Время: 2.00 сек.
17:26:52 | TargetProcessor      | INFO     | >>> [НАЧАЛО] Кодирование целевой переменной severity...
17:26:52 | TargetProcessor      | INFO     |    [i] Баланс классов: {0: 15316, 1: 11044, 2: 3614}
17:26:52 | TargetProcessor      | INFO     | <<< [КОНЕЦ] Кодирование целевой переменной severity. Время: 0.15 сек.
17:26:52 | DtpPipeline          | INFO     | ================================================================================
17:26:52 | DtpPipeline          | INFO     | ===== ЗАПУСК ОБРАБОТКИ ФАЙЛА: zabaikalskii-krai.geojson.zip =====
17:26:52 | DtpPipeline          | INFO     | ================================================================================
17:26:52 | JsonDataLoader       | INFO     | Загрузка: data/need_process\zabaikalskii-krai.geojson.zip
17:26:52 | JsonDataLoader       | INFO     | Чтение из архива: zabaikalskii-krai.geojson
17:26:53 | JsonDataLoader       | INFO     | Формат: GeoJSON.
17:26:53 | JsonDataLoader       | INFO     | Загружено строк: 12365. Колонок: 24
17:26:53 | CleaningProcessor    | INFO     | --- Запуск очистки данных ---
17:26:53 | CleaningProcessor    | INFO     | Удален технический мусор: ['id', 'coordinates', 'address']
17:26:54 | CleaningProcessor    | INFO     | Удалены поля с утечкой данных (Leakage): ['dead_count', 'injured_count', 'participants_count']
17:26:54 | TemporalProcessor    | INFO     | >>> [НАЧАЛО] Обработка времени и освещения...
17:26:54 | TemporalProcessor    | INFO     |    [i] Циклы времени созданы.
17:26:54 | TemporalProcessor    | INFO     |    [i] Свет обработан.
17:26:54 | TemporalProcessor    | INFO     |    [-] Колонка 'datetime' удалена.
17:26:54 | TemporalProcessor    | INFO     | <<< [КОНЕЦ] Обработка времени и освещения. Время: 0.10 сек.
17:26:54 | TagsProcessor        | INFO     | >>> [НАЧАЛО] Обработка объектов окружения (nearby)...
17:26:54 | TagsProcessor        | INFO     |    [i] Строк с тегами 'other': 6.15% (760/12365)
17:26:54 | TagsProcessor        | WARNING  | Примеры тегов, попавших в 'other': ['производственное_предприятие', 'объект_строительства', 'автостоянка_не_отделенная_от_проезжей_части', 'объект_здание_сооружение_религиозного_культа', 'зоны_отдыха', 'автостоянка_отделенная_от_проезжей_части', 'кладбище', 'иной_объект']
17:26:54 | TagsProcessor        | INFO     | <<< [КОНЕЦ] Обработка объектов окружения (nearby). Время: 0.31 сек.
17:26:54 | SpatialProcessor     | INFO     | >>> [НАЧАЛО] Обработка географических признаков...
17:26:54 | SpatialProcessor     | INFO     |    [i] Координаты обработаны.
17:26:54 | SpatialProcessor     | INFO     |    [i] Регионы (дочерный и родительский) обработаны.
17:26:54 | SpatialProcessor     | INFO     |    [i] Схемы обработаны (fillna + split).
17:26:54 | SpatialProcessor     | INFO     | <<< [КОНЕЦ] Обработка географических признаков. Время: 0.14 сек.
17:26:54 | CategoryProcessor    | INFO     | >>> [НАЧАЛО] Обработка категории дтп...
17:26:54 | CategoryProcessor    | WARNING  | Колонка 'category': 2 новых значений вне Whitelist → заменены на 'иной_вид_дтп'. Примеры: [наезд_на_гужевой_транспорт, возгорание_вследствие_технической_неисправности_движущегося_или_остановившегося_тс_участвующего_в_дорожном_движении]. Затронуто 4 строк (0.03%).
17:26:54 | CategoryProcessor    | INFO     |    [i] Топ-3 категории: {'столкновение': 4066, 'наезд_на_пешехода': 2883, 'опрокидывание': 2123}
17:26:54 | CategoryProcessor    | INFO     | <<< [КОНЕЦ] Обработка категории дтп. Время: 0.07 сек.
17:26:54 | ConditionsProcessor  | INFO     | >>> [НАЧАЛО] Обработка списков погоды и дорожных условий...
17:26:54 | ConditionsProcessor  | INFO     |    [i] Погода обработана.
17:26:54 | ConditionsProcessor  | WARNING  | Колонка 'road_conditions': 2 неизвестных тегов → 'road_other'. Примеры: [неудовлетворительное_состояние_разделительной_полосы, отсутствие_направляющих_устройств_и_световозвращающих_элементов_на_них]. Затронуто 60 строк (0.49%).
17:26:54 | ConditionsProcessor  | INFO     |    [i] Дорожные условия обработаны.
17:26:54 | ConditionsProcessor  | INFO     | <<< [КОНЕЦ] Обработка списков погоды и дорожных условий. Время: 0.30 сек.
17:26:54 | VehicleProcessor     | INFO     | >>> [НАЧАЛО] Обработка автомобилей (Счетчики, Возраст, Взаимодействие)...
17:26:55 | VehicleProcessor     | INFO     | <<< [КОНЕЦ] Обработка автомобилей (Счетчики, Возраст, Взаимодействие). Время: 0.69 сек.
17:26:55 | ParticipantProcessor | INFO     | >>> [НАЧАЛО] Обработка участников (Режим нарушений: post_event)...
17:26:56 | ParticipantProcessor | INFO     | <<< [КОНЕЦ] Обработка участников (Режим нарушений: post_event). Время: 1.02 сек.
17:26:56 | TargetProcessor      | INFO     | >>> [НАЧАЛО] Кодирование целевой переменной severity...
17:26:56 | TargetProcessor      | INFO     |    [i] Баланс классов: {0: 5874, 1: 4649, 2: 1842}
17:26:56 | TargetProcessor      | INFO     | <<< [КОНЕЦ] Кодирование целевой переменной severity. Время: 0.07 сек.
17:26:56 | DtpPipeline          | INFO     | Объединение датафреймов...
17:27:03 | DtpPipeline          | INFO     | --- ЗАПУСК ФИНАЛЬНОЙ ЗАЧИСТКИ ---
17:27:03 | DtpPipeline          | WARNING  | Обнаружены дублирующиеся названия колонок! Удаляем дубли...
17:27:09 | DtpPipeline          | INFO     | Удалено 4 константных колонок: ['type', 'tags', 'weather_other', 'ppl_kids_count']
17:27:09 | DtpPipeline          | INFO     | Итого колонок: 93 -> 89
17:27:13 | DtpPipeline          | INFO     | Готово! Сохранено в data/processed/dtp_full_dataset.parquet
20:30:48 | RunETL               | INFO     | Запуск ETL процесса...
20:30:48 | RunETL               | INFO     | Конфигурация: {'violations_mode': 'post_event'}
20:30:48 | DtpPipeline          | INFO     | ================================================================================
20:30:48 | DtpPipeline          | INFO     | ===== ЗАПУСК ОБРАБОТКИ ФАЙЛА: sankt-peterburg.geojson.zip =====
20:30:48 | DtpPipeline          | INFO     | ================================================================================
20:30:48 | JsonDataLoader       | INFO     | Загрузка: data/need_process\sankt-peterburg.geojson.zip
20:30:48 | JsonDataLoader       | INFO     | Чтение из архива: sankt-peterburg.geojson
20:30:50 | JsonDataLoader       | INFO     | Формат: GeoJSON.
20:30:51 | JsonDataLoader       | INFO     | Загружено строк: 56671. Колонок: 24
20:30:51 | CleaningProcessor    | INFO     | --- Запуск очистки данных ---
20:30:51 | CleaningProcessor    | INFO     | Удален технический мусор: ['id', 'coordinates', 'address']
20:30:51 | CleaningProcessor    | INFO     | Удалены поля с утечкой данных (Leakage): ['dead_count', 'injured_count', 'participants_count']
20:30:51 | TemporalProcessor    | INFO     | >>> [НАЧАЛО] Обработка времени и освещения...
20:30:51 | TemporalProcessor    | INFO     |    [i] Циклы времени созданы.
20:30:52 | TemporalProcessor    | INFO     |    [i] Свет обработан.
20:30:52 | TemporalProcessor    | INFO     |    [-] Колонка 'datetime' удалена.
20:30:52 | TemporalProcessor    | INFO     | <<< [КОНЕЦ] Обработка времени и освещения. Время: 0.44 сек.
20:30:52 | TagsProcessor        | INFO     | >>> [НАЧАЛО] Обработка объектов окружения (nearby)...
20:30:53 | TagsProcessor        | INFO     |    [i] Строк с тегами 'other': 6.57% (3723/56671)
20:30:53 | TagsProcessor        | WARNING  | Примеры тегов, попавших в 'other': ['объект_строительства', 'объект_здание_сооружение_религиозного_культа', 'кладбище', 'автостоянка_отделенная_от_проезжей_части', 'автостоянка_не_отделенная_от_проезжей_части', 'иной_объект', 'зоны_отдыха', 'производственное_предприятие']
20:30:53 | TagsProcessor        | INFO     | <<< [КОНЕЦ] Обработка объектов окружения (nearby). Время: 1.18 сек.
20:30:53 | SpatialProcessor     | INFO     | >>> [НАЧАЛО] Обработка географических признаков...
20:30:53 | SpatialProcessor     | INFO     |    [i] Координаты обработаны.
20:30:54 | SpatialProcessor     | INFO     |    [i] Регионы (дочерный и родительский) обработаны.
20:30:54 | SpatialProcessor     | INFO     |    [i] Схемы обработаны (fillna + split).
20:30:54 | SpatialProcessor     | INFO     | <<< [КОНЕЦ] Обработка географических признаков. Время: 0.59 сек.
20:30:54 | CategoryProcessor    | INFO     | >>> [НАЧАЛО] Обработка категории дтп...
20:30:54 | CategoryProcessor    | INFO     |    [i] Топ-3 категории: {'столкновение': 22404, 'наезд_на_пешехода': 20956, 'падение_пассажира': 3732}
20:30:54 | CategoryProcessor    | INFO     | <<< [КОНЕЦ] Обработка категории дтп. Время: 0.32 сек.
20:30:54 | ConditionsProcessor  | INFO     | >>> [НАЧАЛО] Обработка списков погоды и дорожных условий...
20:30:54 | ConditionsProcessor  | INFO     |    [i] Погода обработана.
20:30:55 | ConditionsProcessor  | WARNING  | Колонка 'road_conditions': 2 неизвестных тегов → 'road_other'. Примеры: [неудовлетворительное_состояние_разделительной_полосы, отсутствие_направляющих_устройств_и_световозвращающих_элементов_на_них]. Затронуто 14 строк (0.02%).
20:30:55 | ConditionsProcessor  | INFO     |    [i] Дорожные условия обработаны.
20:30:55 | ConditionsProcessor  | INFO     | <<< [КОНЕЦ] Обработка списков погоды и дорожных условий. Время: 1.17 сек.
20:30:55 | VehicleProcessor     | INFO     | >>> [НАЧАЛО] Обработка автомобилей (Счетчики, Возраст, Взаимодействие)...
20:30:59 | VehicleProcessor     | INFO     | <<< [КОНЕЦ] Обработка автомобилей (Счетчики, Возраст, Взаимодействие). Время: 3.48 сек.
20:30:59 | ParticipantProcessor | INFO     | >>> [НАЧАЛО] Обработка участников (Режим нарушений: post_event)...
20:31:02 | ParticipantProcessor | INFO     | <<< [КОНЕЦ] Обработка участников (Режим нарушений: post_event). Время: 3.30 сек.
20:31:02 | TargetProcessor      | INFO     | >>> [НАЧАЛО] Кодирование целевой переменной severity...
20:31:02 | TargetProcessor      | INFO     |    [i] Баланс классов: {0: 36504, 1: 18119, 2: 2048}
20:31:02 | TargetProcessor      | INFO     | <<< [КОНЕЦ] Кодирование целевой переменной severity. Время: 0.23 сек.
20:31:02 | DtpPipeline          | INFO     | Объединение датафреймов...
20:31:02 | DtpPipeline          | INFO     | --- ЗАПУСК ФИНАЛЬНОЙ ЗАЧИСТКИ ---
20:31:02 | DtpPipeline          | WARNING  | Обнаружены дублирующиеся названия колонок! Удаляем дубли...
20:31:03 | DtpPipeline          | INFO     | Удалено 5 константных колонок: ['type', 'tags', 'weather_cold', 'weather_other', 'ppl_kids_count']
20:31:03 | DtpPipeline          | INFO     | Итого колонок: 93 -> 88
20:31:04 | DtpPipeline          | INFO     | Готово! Сохранено в data/processed/dataset_spb.parquet
